ano,id_municipio,id_uf,sigla_uf,nome_municipio,pct_alfabetizados,meta_pct,nivel_meta,fonte_meta,gap_meta_pct,atingiu_meta,n_avaliados,ponto_corte,camada
2023,1100189,11,RO,Pimenta Bueno,69.73,,,,,,,743,gold
2023,1500107,15,PA,Abaetetuba,39.73,,,,,,,743,gold
2023,1501105,15,PA,Bagre,46.7,,,,,,,743,gold
2023,1502103,15,PA,Cametá,40.41,,,,,,,743,gold
2023,1502855,15,PA,Curuá,37.54,,,,,,,743,gold
2023,1506583,15,PA,Santa Maria das Barreiras,53.64,,,,,,,743,gold
2023,1703602,17,TO,Brasilândia do Tocantins,29.73,,,,,,,743,gold
2023,1718006,17,TO,Porto Alegre do Tocantins,7.57,,,,,,,743,gold
2023,1722107,17,TO,Xambioá,22.0,,,,,,,743,gold
2023,2111532,21,MA,São Pedro da Água Branca,32.95,,,,,,,743,gold
2023,2112506,21,MA,Tutóia,37.64,,,,,,,743,gold
2023,2208106,22,PI,Pimenteiras,60.51,,,,,,,743,gold
2023,2209658,22,PI,São Francisco de Assis do Piauí,33.64,,,,,,,743,gold
2023,2210623,22,PI,Sebastião Barros,26.0,,,,,,,743,gold
2023,2302305,23,CE,Bela Cruz,95.85,,,,,,,743,gold
2023,2307908,23,CE,Martinópole,98.47,,,,,,,743,gold
2023,2400802,24,RN,Angicos,28.34,,,,,,,743,gold
2023,2404903,24,RN,Itaú,54.71,,,,,,,743,gold
2023,2407005,24,RN,Luís Gomes,32.17,,,,,,,743,gold
2023,2413102,24,RN,Senador Elói de Souza,50.36,,,,,,,743,gold
2023,2500734,25,PB,Amparo,85.27,,,,,,,743,gold
2023,2501104,25,PB,Areia,85.08,,,,,,,743,gold
2023,2501500,25,PB,Bananeiras,51.04,,,,,,,743,gold
2023,2502805,25,PB,Brejo do Cruz,53.57,,,,,,,743,gold
2023,2515906,25,PB,Serraria,83.64,,,,,,,743,gold
2023,2702405,27,AL,Delmiro Gouveia,31.11,,,,,,,743,gold
2023,2902302,29,BA,Aratuípe,47.9,,,,,,,743,gold
2023,2910602,29,BA,Esplanada,19.87,,,,,,,743,gold
2023,2910776,29,BA,Feira da Mata,55.73,,,,,,,743,gold
2023,2911253,29,BA,Gavião,60.47,,,,,,,743,gold
2023,2923050,29,BA,Novo Triunfo,21.75,,,,,,,743,gold
2023,2927705,29,BA,Santa Cruz Cabrália,40.45,,,,,,,743,gold
2023,2928802,29,BA,Santo Estêvão,32.65,,,,,,,743,gold
2023,2930105,29,BA,Senhor do Bonfim,19.93,,,,,,,743,gold
2023,2932705,29,BA,Uruçuca,30.01,,,,,,,743,gold
2023,3112653,31,MG,Capitão Andrade,40.45,,,,,,,743,gold
2023,3117306,31,MG,Conceição das Alagoas,55.38,,,,,,,743,gold
2023,3120839,31,MG,Cuparaque,98.0,,,,,,,743,gold
2023,3124401,31,MG,Espírito Santo do Dourado,66.49,,,,,,,743,gold
2023,3127354,31,MG,Glaucilândia,57.14,,,,,,,743,gold
2023,3130200,31,MG,Igaratinga,68.89,,,,,,,743,gold
2023,3134004,31,MG,Itinga,42.04,,,,,,,743,gold
2023,3144409,31,MG,Natércia,70.18,,,,,,,743,gold
2023,3144508,31,MG,Nazareno,87.42,,,,,,,743,gold
2023,3145505,31,MG,Olímpio Noronha,62.27,,,,,,,743,gold
2023,3154408,31,MG,Ressaquinha,55.59,,,,,,,743,gold
2023,3156502,31,MG,Rubelita,100.0,,,,,,,743,gold
2023,3157203,31,MG,Santa Bárbara,69.91,,,,,,,743,gold
2023,3159308,31,MG,Santa Rita de Jacutinga,41.62,,,,,,,743,gold
2023,3165537,31,MG,Sarzedo,80.06,,,,,,,743,gold
2023,3168903,31,MG,Tiros,59.26,,,,,,,743,gold
2023,3200102,32,ES,Afonso Cláudio,87.36,,,,,,,743,gold
2023,3200359,32,ES,Alto Rio Novo,64.65,,,,,,,743,gold
2023,3201407,32,ES,Castelo,72.21,,,,,,,743,gold
2023,3204005,32,ES,Pancas,80.63,,,,,,,743,gold
2023,3204302,32,ES,Presidente Kennedy,68.35,,,,,,,743,gold
2023,3300209,33,RJ,Araruama,50.86,,,,,,,743,gold
2023,3300936,33,RJ,Carapebus,51.01,,,,,,,743,gold
2023,3304102,33,RJ,Porciúncula,35.38,,,,,,,743,gold
2023,3505906,35,SP,Batatais,64.89,,,,,,,743,gold
2023,4101408,41,PR,Apucarana,82.14,,,,,,,743,gold
2023,4106506,41,PR,Coronel Vivida,80.52,,,,,,,743,gold
2023,4109757,41,PR,Ibema,72.84,,,,,,,743,gold
2023,4116208,41,PR,Morretes,68.42,,,,,,,743,gold
2023,4118105,41,PR,Paranacity,83.27,,,,,,,743,gold
2023,4118808,41,PR,Peabiru,69.48,,,,,,,743,gold
2023,4119905,41,PR,Ponta Grossa,75.79,,,,,,,743,gold
2023,4127809,41,PR,Tomazina,91.65,,,,,,,743,gold
2023,4203907,42,SC,Capinzal,72.28,,,,,,,743,gold
2023,4210035,42,SC,Luzerna,72.91,,,,,,,743,gold
2023,4214607,42,SC,Rio do Oeste,80.3,,,,,,,743,gold
2023,4216503,42,SC,São Joaquim,42.08,,,,,,,743,gold
2023,4217253,42,SC,São Pedro de Alcântara,74.22,,,,,,,743,gold
2023,4304002,43,RS,Campo Novo,66.01,,,,,,,743,gold
2023,4304952,43,RS,Caseiros,86.13,,,,,,,743,gold
2023,4307906,43,RS,Farroupilha,82.8,,,,,,,743,gold
2023,4309050,43,RS,Glorinha,65.09,,,,,,,743,gold
2023,4312203,43,RS,Maximiliano de Almeida,87.4,,,,,,,743,gold
2023,4318408,43,RS,São Jerônimo,76.2,,,,,,,743,gold
2023,4323200,43,RS,Victor Graeff,88.92,,,,,,,743,gold
2023,5002001,50,MS,Batayporã,45.7,,,,,,,743,gold
2023,5201702,52,GO,Aragarças,63.56,,,,,,,743,gold
2023,5221601,52,GO,Uruaçu,70.42,,,,,,,743,gold
2023,1100502,11,RO,Novo Horizonte do Oeste,72.53,,,,,,,743,gold
2023,1301209,13,AM,Coari,47.15,,,,,,,743,gold
2023,1302603,13,AM,Manaus,54.32,,,,,,,743,gold
2023,1502004,15,PA,Cachoeira do Arari,57.05,,,,,,,743,gold
2023,1503044,15,PA,Floresta do Araguaia,47.77,,,,,,,743,gold
2023,1701051,17,TO,Angico,40.16,,,,,,,743,gold
2023,1711902,17,TO,Lagoa da Confusão,26.02,,,,,,,743,gold
2023,2100055,21,MA,Açailândia,39.59,,,,,,,743,gold
2023,2100501,21,MA,Alto Parnaíba,46.76,,,,,,,743,gold
2023,2101970,21,MA,Boa Vista do Gurupi,59.99,,,,,,,743,gold
2023,2103000,21,MA,Caxias,43.75,,,,,,,743,gold
2023,2103752,21,MA,Davinópolis,66.75,,,,,,,743,gold
2023,2106631,21,MA,Matões do Norte,63.8,,,,,,,743,gold
2023,2202703,22,PI,Cocal,73.16,,,,,,,743,gold
2023,2207306,22,PI,Paes Landim,51.76,,,,,,,743,gold
2023,2210953,22,PI,Tamboril do Piauí,68.75,,,,,,,743,gold
2023,2303402,23,CE,Carnaubal,87.03,,,,,,,743,gold
2023,2306207,23,CE,Itaiçaba,91.32,,,,,,,743,gold
2023,2311504,23,CE,Quixeré,86.21,,,,,,,743,gold
2023,2313401,23,CE,Tianguá,84.36,,,,,,,743,gold
2023,2313559,23,CE,Tururu,89.24,,,,,,,743,gold
2023,2400505,24,RN,Alexandria,17.76,,,,,,,743,gold
2023,2402402,24,RN,Carnaúba dos Dantas,65.52,,,,,,,743,gold
2023,2410603,24,RN,Rafael Godeiro,29.93,,,,,,,743,gold
2023,2412203,24,RN,São José de Mipibu,33.43,,,,,,,743,gold
2023,2501609,25,PB,Barra de Santa Rosa,56.39,,,,,,,743,gold
2023,2517407,25,PB,Zabelê,91.18,,,,,,,743,gold
2023,2609105,26,PE,Machados,86.88,,,,,,,743,gold
2023,2609907,26,PE,Ouricuri,36.16,,,,,,,743,gold
2023,2611507,26,PE,Quipapá,48.12,,,,,,,743,gold
2023,2615706,26,PE,Triunfo,82.65,,,,,,,743,gold
2023,2703502,27,AL,Jacuípe,54.29,,,,,,,743,gold
2023,2703759,27,AL,Jequiá da Praia,50.22,,,,,,,743,gold
2023,2704807,27,AL,Maribondo,46.59,,,,,,,743,gold
2023,2705309,27,AL,Minador do Negrão,30.02,,,,,,,743,gold
2023,2801405,28,SE,Carira,33.52,,,,,,,743,gold
2023,2804409,28,SE,Neópolis,23.66,,,,,,,743,gold
2023,2900108,29,BA,Abaíra,34.57,,,,,,,743,gold
2023,2908507,29,BA,Conceição do Jacuípe,34.3,,,,,,,743,gold
2023,2913002,29,BA,Ibitiara,62.17,,,,,,,743,gold
2023,2921401,29,BA,Mirangaba,33.73,,,,,,,743,gold
2023,2925600,29,BA,Presidente Dutra,21.28,,,,,,,743,gold
2023,2927101,29,BA,Rodelas,23.27,,,,,,,743,gold
2023,2929354,29,BA,São José da Vitória,31.3,,,,,,,743,gold
2023,3113909,31,MG,Carmo da Cachoeira,74.34,,,,,,,743,gold
2023,3118908,31,MG,Cordisburgo,65.59,,,,,,,743,gold
2023,3122702,31,MG,Dom Silvério,66.83,,,,,,,743,gold
2023,3123502,31,MG,Douradoquara,66.67,,,,,,,743,gold
2023,3126802,31,MG,Frei Gaspar,51.82,,,,,,,743,gold
2023,3134806,31,MG,Jacuí,70.85,,,,,,,743,gold
2023,3136603,31,MG,Nova União,47.99,,,,,,,743,gold
2023,3142601,31,MG,Monsenhor Paulo,62.69,,,,,,,743,gold
2023,3145208,31,MG,Nova Serrana,54.95,,,,,,,743,gold
2023,3146107,31,MG,Ouro Preto,64.92,,,,,,,743,gold
2023,3148004,31,MG,Patos de Minas,70.3,,,,,,,743,gold
2023,3204104,32,ES,Pinheiros,77.7,,,,,,,743,gold
2023,3302007,33,RJ,Itaguaí,42.05,,,,,,,743,gold
2023,3305158,33,RJ,São José do Vale do Rio Preto,71.41,,,,,,,743,gold
2023,3513009,35,SP,Cotia,50.73,,,,,,,743,gold
2023,3523305,35,SP,Itariri,57.26,,,,,,,743,gold
2023,3549409,35,SP,São Joaquim da Barra,52.89,,,,,,,743,gold
2023,4107108,41,PR,Diamante do Norte,72.99,,,,,,,743,gold
2023,4116307,41,PR,Munhoz de Melo,53.23,,,,,,,743,gold
2023,4118709,41,PR,Paulo Frontin,90.71,,,,,,,743,gold
2023,4120507,41,PR,Primeiro de Maio,51.44,,,,,,,743,gold
2023,4201000,42,SC,Anita Garibaldi,61.46,,,,,,,743,gold
2023,4203600,42,SC,Campos Novos,61.52,,,,,,,743,gold
2023,4208104,42,SC,Itaiópolis,60.94,,,,,,,743,gold
2023,4209805,42,SC,Leoberto Leal,75.0,,,,,,,743,gold
2023,4214904,42,SC,Rio Fortuna,78.36,,,,,,,743,gold
2023,4218103,42,SC,Timbé do Sul,71.29,,,,,,,743,gold
2023,4302105,43,RS,Bento Gonçalves,74.0,,,,,,,743,gold
2023,4302907,43,RS,Cacequi,55.89,,,,,,,743,gold
2023,4306106,43,RS,Cruz Alta,58.96,,,,,,,743,gold
2023,4308201,43,RS,Flores da Cunha,80.35,,,,,,,743,gold
2023,4309001,43,RS,Giruá,77.82,,,,,,,743,gold
2023,4312351,43,RS,Montauri,100.0,,,,,,,743,gold
2023,4313409,43,RS,Novo Hamburgo,62.48,,,,,,,743,gold
2023,4314464,43,RS,Pinhal da Serra,74.14,,,,,,,743,gold
2023,4317707,43,RS,Santo Antônio das Missões,77.06,,,,,,,743,gold
2023,4319737,43,RS,São Valério do Sul,71.43,,,,,,,743,gold
2023,4322855,43,RS,Vespasiano Correa,81.25,,,,,,,743,gold
2023,4323606,43,RS,Vista Alegre do Prata,95.03,,,,,,,743,gold
2023,5002209,50,MS,Bonito,53.37,,,,,,,743,gold
2023,5100805,51,MT,Apiacás,58.01,,,,,,,743,gold
2023,5103809,51,MT,Figueirópolis D'Oeste,86.02,,,,,,,743,gold
2023,5105101,51,MT,Juara,49.53,,,,,,,743,gold
2023,5107768,51,MT,Santa Rita do Trivelato,64.77,,,,,,,743,gold
2023,5108006,51,MT,Tapurah,55.92,,,,,,,743,gold
2023,5204102,52,GO,Cachoeira Alta,73.19,,,,,,,743,gold
2023,5209101,52,GO,Goiatuba,68.19,,,,,,,743,gold
2023,5210901,52,GO,Itapaci,78.84,,,,,,,743,gold
2023,5218706,52,GO,Rianápolis,76.56,,,,,,,743,gold
2023,1300201,13,AM,Atalaia do Norte,54.2,,,,,,,743,gold
2023,1304005,13,AM,Silves,40.1,,,,,,,743,gold
2023,1505205,15,PA,Oeiras do Pará,18.54,,,,,,,743,gold
2023,1600808,16,AP,Vitória do Jari,28.7,,,,,,,743,gold
2023,2100402,21,MA,Altamira do Maranhão,90.52,,,,,,,743,gold
2023,2101004,21,MA,Arari,67.49,,,,,,,743,gold
2023,2102705,21,MA,Cantanhede,53.04,,,,,,,743,gold
2023,2109601,21,MA,Rosário,56.65,,,,,,,743,gold
2023,2109759,21,MA,Santa Filomena do Maranhão,36.45,,,,,,,743,gold
2023,2210631,22,PI,Sebastião Leal,93.5,,,,,,,743,gold
2023,2210904,22,PI,Socorro do Piauí,68.44,,,,,,,743,gold
2023,2300309,23,CE,Acopiara,62.63,,,,,,,743,gold
2023,2304905,23,CE,Groaíras,99.15,,,,,,,743,gold
2023,2306256,23,CE,Itaitinga,85.82,,,,,,,743,gold
2023,2308708,23,CE,Morada Nova,71.96,,,,,,,743,gold
2023,2311702,23,CE,Reriutaba,99.52,,,,,,,743,gold
2023,2401008,24,RN,Apodi,37.32,,,,,,,743,gold
2023,2401107,24,RN,Areia Branca,49.53,,,,,,,743,gold
2023,2401701,24,RN,Bom Jesus,29.19,,,,,,,743,gold
2023,2411205,24,RN,Santa Cruz,21.32,,,,,,,743,gold
2023,2413706,24,RN,Sítio Novo,28.73,,,,,,,743,gold
2023,2503001,25,PB,Caaporã,37.78,,,,,,,743,gold
2023,2503209,25,PB,Cabedelo,48.94,,,,,,,743,gold
2023,2505709,25,PB,Dona Inês,48.88,,,,,,,743,gold
2023,2506905,25,PB,Itabaiana,33.24,,,,,,,743,gold
2023,2508000,25,PB,Juru,66.04,,,,,,,743,gold
2023,2508406,25,PB,Lastro,20.77,,,,,,,743,gold
2023,2603900,26,PE,Carnaíba,91.81,,,,,,,743,gold
2023,2610707,26,PE,Paulista,51.54,,,,,,,743,gold
2023,2703403,27,AL,Jacaré dos Homens,38.18,,,,,,,743,gold
2023,2703601,27,AL,Japaratinga,23.07,,,,,,,743,gold
2023,2704401,27,AL,Major Isidoro,40.07,,,,,,,743,gold
2023,2801900,28,SE,Cumbe,44.12,,,,,,,743,gold
2023,2805604,28,SE,Porto da Folha,25.59,,,,,,,743,gold
2023,2911402,29,BA,Glória,35.91,,,,,,,743,gold
2023,2920403,29,BA,Manoel Vitorino,39.54,,,,,,,743,gold
2023,2924801,29,BA,Piritiba,43.07,,,,,,,743,gold
2023,2928901,29,BA,São Desidério,44.69,,,,,,,743,gold
2023,3100906,31,MG,Águas Formosas,51.15,,,,,,,743,gold
2023,3102209,31,MG,Alvarenga,59.37,,,,,,,743,gold
2023,3104106,31,MG,Arceburgo,86.77,,,,,,,743,gold
2023,3104205,31,MG,Arcos,78.83,,,,,,,743,gold
2023,3115409,31,MG,Catas Altas da Noruega,59.09,,,,,,,743,gold
2023,3116159,31,MG,Chapada Gaúcha,48.19,,,,,,,743,gold
2023,3117900,31,MG,Congonhal,73.46,,,,,,,743,gold
2023,3133204,31,MG,Itanhomi,41.07,,,,,,,743,gold
2023,3138682,31,MG,Luislândia,59.68,,,,,,,743,gold
2023,3139003,31,MG,Machado,65.0,,,,,,,743,gold
2023,3146206,31,MG,Ouro Verde de Minas,51.25,,,,,,,743,gold
2023,3155603,31,MG,Rio Pardo de Minas,74.16,,,,,,,743,gold
2023,3160504,31,MG,Santo Antônio do Rio Abaixo,60.0,,,,,,,743,gold
2023,3164704,31,MG,São Sebastião do Paraíso,65.48,,,,,,,743,gold
2023,3166709,31,MG,Serra dos Aimorés,58.13,,,,,,,743,gold
2023,3168804,31,MG,Tiradentes,62.26,,,,,,,743,gold
2023,3171105,31,MG,Veríssimo,97.76,,,,,,,743,gold
2023,3204807,32,ES,São José do Calçado,74.52,,,,,,,743,gold
2023,3302106,33,RJ,Itaocara,65.31,,,,,,,743,gold
2023,3305505,33,RJ,Saquarema,63.54,,,,,,,743,gold
2023,3522604,35,SP,Itapira,58.07,,,,,,,743,gold
2023,4100905,41,PR,Amaporã,71.89,,,,,,,743,gold
2023,4101200,41,PR,Antonina,66.31,,,,,,,743,gold
2023,4113759,41,PR,Lunardelli,57.46,,,,,,,743,gold
2023,4127205,41,PR,Terra Boa,85.98,,,,,,,743,gold
2023,4127957,41,PR,Tupãssi,70.71,,,,,,,743,gold
2023,4201109,42,SC,Anitápolis,61.48,,,,,,,743,gold
2023,4206652,42,SC,Guatambú,47.81,,,,,,,743,gold
2023,4211603,42,SC,Nova Veneza,63.57,,,,,,,743,gold
2023,4211900,42,SC,Palhoça,51.42,,,,,,,743,gold
2023,4216354,42,SC,São João do Itaperiú,55.09,,,,,,,743,gold
2023,4217501,42,SC,Seara,73.9,,,,,,,743,gold
2023,4219200,42,SC,Vidal Ramos,73.28,,,,,,,743,gold
2023,4305132,43,RS,Cerro Branco,72.08,,,,,,,743,gold
2023,4306205,43,RS,Cruzeiro do Sul,68.21,,,,,,,743,gold
2023,4308003,43,RS,Faxinal do Soturno,86.45,,,,,,,743,gold
2023,4311791,43,RS,Maratá,67.82,,,,,,,743,gold
2023,4312609,43,RS,Muçum,50.88,,,,,,,743,gold
2023,4313359,43,RS,Nova Roma do Sul,82.57,,,,,,,743,gold
2023,4316907,43,RS,Santa Maria,64.84,,,,,,,743,gold
2023,4322400,43,RS,Uruguaiana,60.94,,,,,,,743,gold
2023,5001508,50,MS,Bandeirantes,25.95,,,,,,,743,gold
2023,5103056,51,MT,Cláudia,51.33,,,,,,,743,gold
2023,5103700,51,MT,Feliz Natal,65.18,,,,,,,743,gold
2023,5205513,52,GO,Cocalzinho de Goiás,79.53,,,,,,,743,gold
2023,5210604,52,GO,Itaguaru,81.65,,,,,,,743,gold
2023,1502152,15,PA,Canaã dos Carajás,62.1,,,,,,,743,gold
2023,1504422,15,PA,Marituba,57.34,,,,,,,743,gold
2023,1506195,15,PA,Rurópolis,57.97,,,,,,,743,gold
2023,1506807,15,PA,Santarém,54.92,,,,,,,743,gold
2023,1507458,15,PA,São Geraldo do Araguaia,46.49,,,,,,,743,gold
2023,1716109,17,TO,Paraíso do Tocantins,60.56,,,,,,,743,gold
2023,1718758,17,TO,Rio Sono,27.83,,,,,,,743,gold
2023,2102358,21,MA,Buritirana,61.37,,,,,,,743,gold
2023,2103208,21,MA,Chapadinha,47.1,,,,,,,743,gold
2023,2106904,21,MA,Monção,51.98,,,,,,,743,gold
2023,2108207,21,MA,Pedreiras,68.1,,,,,,,743,gold
2023,2109270,21,MA,Presidente Sarney,62.8,,,,,,,743,gold
2023,2109908,21,MA,Santa Inês,47.95,,,,,,,743,gold
2023,2111748,21,MA,Senador Alexandre Costa,95.63,,,,,,,743,gold
2023,2200202,22,PI,Água Branca,90.64,,,,,,,743,gold
2023,2207777,22,PI,Patos do Piauí,81.59,,,,,,,743,gold
2023,2304657,23,CE,Graça,98.41,,,,,,,743,gold
2023,2306900,23,CE,Jaguaribe,85.97,,,,,,,743,gold
2023,2312700,23,CE,Senador Pompeu,100.0,,,,,,,743,gold
2023,2401800,24,RN,Brejinho,35.09,,,,,,,743,gold
2023,2404408,24,RN,Grossos,57.4,,,,,,,743,gold
2023,2407104,24,RN,Macaíba,28.29,,,,,,,743,gold
2023,2410256,24,RN,Porto do Mangue,58.35,,,,,,,743,gold
2023,2414456,24,RN,Triunfo Potiguar,24.71,,,,,,,743,gold
2023,2500577,25,PB,Algodão de Jandaíra,44.32,,,,,,,743,gold
2023,2500601,25,PB,Alhandra,57.33,,,,,,,743,gold
2023,2503308,25,PB,Cachoeira dos Índios,42.05,,,,,,,743,gold
2023,2504306,25,PB,Catolé do Rocha,55.21,,,,,,,743,gold
2023,2511905,25,PB,Pitimbu,75.96,,,,,,,743,gold
2023,2602308,26,PE,Bonito,56.71,,,,,,,743,gold
2023,2604155,26,PE,Casinhas,79.46,,,,,,,743,gold
2023,2610004,26,PE,Palmares,43.01,,,,,,,743,gold
2023,2705903,27,AL,Olho d'Água Grande,88.26,,,,,,,743,gold
2023,2800704,28,SE,Brejo Grande,27.27,,,,,,,743,gold
2023,2801207,28,SE,Canindé de São Francisco,22.69,,,,,,,743,gold
2023,2901155,29,BA,América Dourada,32.19,,,,,,,743,gold
2023,2902104,29,BA,Araci,20.27,,,,,,,743,gold
2023,2902658,29,BA,Banzaê,33.07,,,,,,,743,gold
2023,2903201,29,BA,Barreiras,37.98,,,,,,,743,gold
2023,2914505,29,BA,Irará,33.6,,,,,,,743,gold
2023,3106903,31,MG,Bicas,45.18,,,,,,,743,gold
2023,3122306,31,MG,Divinópolis,69.78,,,,,,,743,gold
2023,3125606,31,MG,Felisburgo,52.21,,,,,,,743,gold
2023,3127073,31,MG,Fruta de Leite,43.91,,,,,,,743,gold
2023,3127404,31,MG,Gonçalves,62.15,,,,,,,743,gold
2023,3127701,31,MG,Governador Valadares,58.73,,,,,,,743,gold
2023,3129103,31,MG,Gurinhatã,76.93,,,,,,,743,gold
2023,3132800,31,MG,Itambé do Mato Dentro,77.78,,,,,,,743,gold
2023,3133808,31,MG,Itaúna,69.71,,,,,,,743,gold
2023,3147303,31,MG,Paraisópolis,60.77,,,,,,,743,gold
2023,3156601,31,MG,Rubim,86.74,,,,,,,743,gold
2023,3162401,31,MG,São João da Ponte,65.62,,,,,,,743,gold
2023,3162708,31,MG,São João do Paraíso,70.47,,,,,,,743,gold
2023,3202603,32,ES,Iconha,76.34,,,,,,,743,gold
2023,3205150,32,ES,Vila Pavão,74.58,,,,,,,743,gold
2023,3522208,35,SP,Itapecerica da Serra,53.44,,,,,,,743,gold
2023,3543303,35,SP,Ribeirão Pires,61.43,,,,,,,743,gold
2023,3552700,35,SP,Tabatinga,63.12,,,,,,,743,gold
2023,4101309,41,PR,Antônio Olinto,91.41,,,,,,,743,gold
2023,4104006,41,PR,Campina Grande do Sul,70.42,,,,,,,743,gold
2023,4105805,41,PR,Colombo,64.92,,,,,,,743,gold
2023,4107306,41,PR,Doutor Camargo,79.12,,,,,,,743,gold
2023,4112504,41,PR,Jardim Alegre,61.2,,,,,,,743,gold
2023,4115804,41,PR,Medianeira,79.22,,,,,,,743,gold
2023,4116604,41,PR,Nova América da Colina,62.54,,,,,,,743,gold
2023,4119301,41,PR,Pinhão,61.89,,,,,,,743,gold
2023,4122172,41,PR,Rio Branco do Ivaí,69.75,,,,,,,743,gold
2023,4200309,42,SC,Agronômica,75.87,,,,,,,743,gold
2023,4201257,42,SC,Apiúna,62.19,,,,,,,743,gold
2023,4206900,42,SC,Ibirama,67.48,,,,,,,743,gold
2023,4207577,42,SC,Iomerê,74.46,,,,,,,743,gold
2023,4212403,42,SC,Pedras Grandes,81.73,,,,,,,743,gold
2023,4215505,42,SC,Santa Cecília,66.38,,,,,,,743,gold
2023,4215695,42,SC,Santiago do Sul,73.68,,,,,,,743,gold
2023,4218350,42,SC,Treviso,68.59,,,,,,,743,gold
2023,4218756,42,SC,Tunápolis,79.86,,,,,,,743,gold
2023,4219176,42,SC,Vargem Bonita,64.13,,,,,,,743,gold
2023,4306551,43,RS,Dom Pedro de Alcântara,95.45,,,,,,,743,gold
2023,4307104,43,RS,Herval,63.43,,,,,,,743,gold
2023,4311122,43,RS,Jaquirana,69.4,,,,,,,743,gold
2023,4313375,43,RS,Nova Santa Rita,57.28,,,,,,,743,gold
2023,4314555,43,RS,Pirapó,91.67,,,,,,,743,gold
2023,4315149,43,RS,Presidente Lucena,87.03,,,,,,,743,gold
2023,4316956,43,RS,Santa Maria do Herval,78.3,,,,,,,743,gold
2023,4319356,43,RS,São Pedro da Serra,80.67,,,,,,,743,gold
2023,4322301,43,RS,Tuparendi,88.1,,,,,,,743,gold
2023,5004403,50,MS,Inocência,33.64,,,,,,,743,gold
2023,5104542,51,MT,Itanhangá,89.0,,,,,,,743,gold
2023,5106109,51,MT,Nossa Senhora do Livramento,68.42,,,,,,,743,gold
2023,5108907,51,MT,Nova Maringá,61.75,,,,,,,743,gold
2023,5206909,52,GO,Davinópolis,87.08,,,,,,,743,gold
2023,5213756,52,GO,Montividiu,65.97,,,,,,,743,gold
2023,5220009,52,GO,São João d'Aliança,81.82,,,,,,,743,gold
2023,1100346,11,RO,Alvorada D'Oeste,33.55,,,,,,,743,gold
2023,1504901,15,PA,Muaná,36.17,,,,,,,743,gold
2023,1506401,15,PA,Santa Cruz do Arari,49.87,,,,,,,743,gold
2023,1507201,15,PA,São Domingos do Capim,31.2,,,,,,,743,gold
2023,1701309,17,TO,Aragominas,24.61,,,,,,,743,gold
2023,1703867,17,TO,Cariri do Tocantins,15.77,,,,,,,743,gold
2023,1708254,17,TO,Fortaleza do Tabocão,48.93,,,,,,,743,gold
2023,1712405,17,TO,Lizarda,42.61,,,,,,,743,gold
2023,1718659,17,TO,Rio da Conceição,17.56,,,,,,,743,gold
2023,2104651,21,MA,Governador Newton Bello,69.13,,,,,,,743,gold
2023,2107407,21,MA,Olho d'Água das Cunhãs,53.93,,,,,,,743,gold
2023,2111672,21,MA,São Roberto,48.24,,,,,,,743,gold
2023,2205409,22,PI,Joaquim Pires,55.54,,,,,,,743,gold
2023,2205904,22,PI,Manoel Emídio,100.0,,,,,,,743,gold
2023,2210201,22,PI,São José do Piauí,93.83,,,,,,,743,gold
2023,2301901,23,CE,Barbalha,85.38,,,,,,,743,gold
2023,2303600,23,CE,Catarina,79.24,,,,,,,743,gold
2023,2304954,23,CE,Guaiúba,72.74,,,,,,,743,gold
2023,2306553,23,CE,Itarema,92.56,,,,,,,743,gold
2023,2311207,23,CE,Potengi,90.85,,,,,,,743,gold
2023,2400406,24,RN,Água Nova,33.29,,,,,,,743,gold
2023,2403400,24,RN,Equador,20.52,,,,,,,743,gold
2023,2404101,24,RN,Galinhos,38.33,,,,,,,743,gold
2023,2406155,24,RN,Jundiá,54.55,,,,,,,743,gold
2023,2501906,25,PB,Belém,56.8,,,,,,,743,gold
2023,2503753,25,PB,Cajazeirinhas,84.33,,,,,,,743,gold
2023,2504405,25,PB,Conceição,80.68,,,,,,,743,gold
2023,2504850,25,PB,Coxixola,75.0,,,,,,,743,gold
2023,2507804,25,PB,Junco do Seridó,56.22,,,,,,,743,gold
2023,2510105,25,PB,Nova Floresta,60.94,,,,,,,743,gold
2023,2515971,25,PB,Sobrado,60.0,,,,,,,743,gold
2023,2516607,25,PB,Tavares,75.27,,,,,,,743,gold
2023,2607307,26,PE,Ipubi,72.0,,,,,,,743,gold
2023,2607505,26,PE,Itaíba,59.5,,,,,,,743,gold
2023,2610103,26,PE,Palmeirina,60.56,,,,,,,743,gold
2023,2612455,26,PE,Santa Cruz,69.26,,,,,,,743,gold
2023,2709301,27,AL,União dos Palmares,89.35,,,,,,,743,gold
2023,2804102,28,SE,Moita Bonita,43.16,,,,,,,743,gold
2023,2805703,28,SE,Propriá,25.97,,,,,,,743,gold
2023,2903003,29,BA,Barra do Mendes,39.25,,,,,,,743,gold
2023,2907558,29,BA,Caturama,46.92,,,,,,,743,gold
2023,2922730,29,BA,Nova Fátima,46.81,,,,,,,743,gold
2023,2925204,29,BA,Pojuca,60.54,,,,,,,743,gold
2023,2927309,29,BA,Salinas da Margarida,47.81,,,,,,,743,gold
2023,2928703,29,BA,Santo Antônio de Jesus,33.47,,,,,,,743,gold
2023,3103900,31,MG,Araújos,74.0,,,,,,,743,gold
2023,3106606,31,MG,Bertópolis,29.73,,,,,,,743,gold
2023,3113503,31,MG,Carbonita,64.55,,,,,,,743,gold
2023,3115706,31,MG,Central de Minas,51.75,,,,,,,743,gold
2023,3117603,31,MG,Conceição do Pará,63.62,,,,,,,743,gold
2023,3126604,31,MG,Francisco Dumont,31.48,,,,,,,743,gold
2023,3129004,31,MG,Guiricema,44.72,,,,,,,743,gold
2023,3140803,31,MG,Matias Barbosa,58.84,,,,,,,743,gold
2023,3142304,31,MG,Moeda,77.89,,,,,,,743,gold
2023,3146008,31,MG,Ouro Fino,64.5,,,,,,,743,gold
2023,3153004,31,MG,Pratinha,85.44,,,,,,,743,gold
2023,3161403,31,MG,São Francisco do Glória,59.41,,,,,,,743,gold
2023,3163300,31,MG,São José do Divino,58.5,,,,,,,743,gold
2023,3300258,33,RJ,Arraial do Cabo,50.49,,,,,,,743,gold
2023,3303302,33,RJ,Niterói,51.92,,,,,,,743,gold
2023,3303500,33,RJ,Nova Iguaçu,33.23,,,,,,,743,gold
2023,3304110,33,RJ,Porto Real,60.8,,,,,,,743,gold
2023,3541307,35,SP,Presidente Epitácio,65.73,,,,,,,743,gold
2023,4101853,41,PR,Ariranha do Ivaí,75.6,,,,,,,743,gold
2023,4102406,41,PR,Bandeirantes,75.41,,,,,,,743,gold
2023,4110805,41,PR,Iretama,87.59,,,,,,,743,gold
2023,4112009,41,PR,Jaguariaíva,80.92,,,,,,,743,gold
2023,4114203,41,PR,Mandaguari,85.06,,,,,,,743,gold
2023,4121802,41,PR,Ribeirão Claro,74.58,,,,,,,743,gold
2023,4207601,42,SC,Ipira,83.23,,,,,,,743,gold
2023,4208955,42,SC,Jardinópolis,81.82,,,,,,,743,gold
2023,4216008,42,SC,São Carlos,71.49,,,,,,,743,gold
2023,4217550,42,SC,Serra Alta,92.21,,,,,,,743,gold
2023,4300646,43,RS,Ametista do Sul,53.78,,,,,,,743,gold
2023,4301636,43,RS,Balneário Pinhal,58.38,,,,,,,743,gold
2023,4310900,43,RS,Jacutinga,90.32,,,,,,,743,gold
2023,4313300,43,RS,Nova Prata,78.81,,,,,,,743,gold
2023,4314209,43,RS,Pedro Osório,67.96,,,,,,,743,gold
2023,4315313,43,RS,Quatro Irmãos,52.94,,,,,,,743,gold
2023,4318457,43,RS,São José das Missões,78.44,,,,,,,743,gold
2023,4318614,43,RS,São José do Sul,85.0,,,,,,,743,gold
2023,4321105,43,RS,Tapes,60.56,,,,,,,743,gold
2023,4322905,43,RS,Viadutos,86.68,,,,,,,743,gold
2023,5002803,50,MS,Caracol,49.46,,,,,,,743,gold
2023,5004809,50,MS,Japorã,21.39,,,,,,,743,gold
2023,5005608,50,MS,Miranda,26.61,,,,,,,743,gold
2023,5007976,50,MS,Taquarussu,78.85,,,,,,,743,gold
2023,5100102,51,MT,Acorizal,38.04,,,,,,,743,gold
2023,5102793,51,MT,Carlinda,45.9,,,,,,,743,gold
2023,5106182,51,MT,Nova Lacerda,55.17,,,,,,,743,gold
2023,5107305,51,MT,São José do Rio Claro,73.17,,,,,,,743,gold
2023,5108501,51,MT,Vera,34.76,,,,,,,743,gold
2023,5205307,52,GO,Cavalcante,60.19,,,,,,,743,gold
2023,5218102,52,GO,Portelândia,71.68,,,,,,,743,gold
2023,5218607,52,GO,Rialma,68.21,,,,,,,743,gold
2023,5220280,52,GO,São Patrício,89.17,,,,,,,743,gold
2023,1100023,11,RO,Ariquemes,62.3,,,,,,,743,gold
2023,1100122,11,RO,Ji-Paraná,70.52,,,,,,,743,gold
2023,1101203,11,RO,Ministro Andreazza,72.5,,,,,,,743,gold
2023,1301308,13,AM,Codajás,49.8,,,,,,,743,gold
2023,1506500,15,PA,Santa Isabel do Pará,40.8,,,,,,,743,gold
2023,1507102,15,PA,São Caetano de Odivelas,33.37,,,,,,,743,gold
2023,1702208,17,TO,Araguatins,35.15,,,,,,,743,gold
2023,1703057,17,TO,Bandeirantes do Tocantins,35.63,,,,,,,743,gold
2023,1720499,17,TO,São Valério,65.57,,,,,,,743,gold
2023,2100154,21,MA,Água Doce do Maranhão,67.29,,,,,,,743,gold
2023,2100873,21,MA,Araguanã,98.19,,,,,,,743,gold
2023,2106805,21,MA,Mirinzal,91.54,,,,,,,743,gold
2023,2110658,21,MA,São Domingos do Azeitão,22.32,,,,,,,743,gold
2023,2201929,22,PI,Bonfim do Piauí,50.63,,,,,,,743,gold
2023,2202174,22,PI,Campo Largo do Piauí,17.66,,,,,,,743,gold
2023,2204402,22,PI,Gilbués,31.29,,,,,,,743,gold
2023,2205805,22,PI,Luzilândia,51.73,,,,,,,743,gold
2023,2206308,22,PI,Miguel Leão,47.32,,,,,,,743,gold
2023,2300101,23,CE,Abaiara,88.3,,,,,,,743,gold
2023,2300200,23,CE,Acaraú,95.81,,,,,,,743,gold
2023,2305332,23,CE,Ibicuitinga,96.13,,,,,,,743,gold
2023,2310803,23,CE,Pereiro,95.85,,,,,,,743,gold
2023,2404507,24,RN,Guamaré,52.35,,,,,,,743,gold
2023,2409605,24,RN,Pedra Preta,42.11,,,,,,,743,gold
2023,2414704,24,RN,Várzea,17.25,,,,,,,743,gold
2023,2500700,25,PB,São João do Rio do Peixe,42.09,,,,,,,743,gold
2023,2500775,25,PB,Aparecida,42.5,,,,,,,743,gold
2023,2510501,25,PB,Olivedos,54.26,,,,,,,743,gold
2023,2605707,26,PE,Floresta,33.42,,,,,,,743,gold
2023,2607950,26,PE,Jaqueira,57.65,,,,,,,743,gold
2023,2611101,26,PE,Petrolina,66.17,,,,,,,743,gold
2023,2701803,27,AL,Carneiros,43.52,,,,,,,743,gold
2023,2708600,27,AL,São Miguel dos Campos,50.08,,,,,,,743,gold
2023,2709400,27,AL,Viçosa,40.03,,,,,,,743,gold
2023,2900900,29,BA,Almadina,31.19,,,,,,,743,gold
2023,2905503,29,BA,Caldeirão Grande,21.3,,,,,,,743,gold
2023,2906808,29,BA,Cansanção,29.69,,,,,,,743,gold
2023,2910206,29,BA,Dom Macedo Costa,85.87,,,,,,,743,gold
2023,2910909,29,BA,Firmino Alves,36.52,,,,,,,743,gold
2023,2918803,29,BA,Laje,46.61,,,,,,,743,gold
2023,2928109,29,BA,Santa Maria da Vitória,32.33,,,,,,,743,gold
2023,3103306,31,MG,Aracitaba,80.0,,,,,,,743,gold
2023,3104502,31,MG,Arinos,37.17,,,,,,,743,gold
2023,3106309,31,MG,Belo Oriente,57.1,,,,,,,743,gold
2023,3109105,31,MG,Bueno Brandão,63.01,,,,,,,743,gold
2023,3113602,31,MG,Careaçu,97.42,,,,,,,743,gold
2023,3117504,31,MG,Conceição do Mato Dentro,59.47,,,,,,,743,gold
2023,3120201,31,MG,Cristais,67.27,,,,,,,743,gold
2023,3122454,31,MG,Divisópolis,42.46,,,,,,,743,gold
2023,3126307,31,MG,Fortaleza de Minas,70.59,,,,,,,743,gold
2023,3128402,31,MG,Guarani,80.48,,,,,,,743,gold
2023,3130606,31,MG,Inconfidentes,81.42,,,,,,,743,gold
2023,3135357,31,MG,Japonvar,63.69,,,,,,,743,gold
2023,3137106,31,MG,Lagamar,84.4,,,,,,,743,gold
2023,3141009,31,MG,Mato Verde,80.6,,,,,,,743,gold
2023,3152105,31,MG,Ponte Nova,49.77,,,,,,,743,gold
2023,3157302,31,MG,Santa Bárbara do Tugúrio,50.6,,,,,,,743,gold
2023,3160405,31,MG,Santo Antônio do Monte,82.37,,,,,,,743,gold
2023,3167004,31,MG,Serranos,38.46,,,,,,,743,gold
2023,3202900,32,ES,Itarana,81.5,,,,,,,743,gold
2023,3203346,32,ES,Marechal Floriano,78.21,,,,,,,743,gold
2023,3203908,32,ES,Nova Venécia,82.95,,,,,,,743,gold
2023,3513504,35,SP,Cubatão,48.69,,,,,,,743,gold
2023,4104709,41,PR,Carlópolis,73.7,,,,,,,743,gold
2023,4110078,41,PR,Imbaú,71.92,,,,,,,743,gold
2023,4116901,41,PR,Nova Esperança,74.13,,,,,,,743,gold
2023,4119202,41,PR,Pinhalão,73.96,,,,,,,743,gold
2023,4120358,41,PR,Pranchita,84.27,,,,,,,743,gold
2023,4124806,41,PR,São João,87.03,,,,,,,743,gold
2023,4127007,41,PR,Teixeira Soares,77.31,,,,,,,743,gold
2023,4202578,42,SC,Bom Jesus do Oeste,73.31,,,,,,,743,gold
2023,4207205,42,SC,Imaruí,63.66,,,,,,,743,gold
2023,4209409,42,SC,Laguna,54.35,,,,,,,743,gold
2023,4213609,42,SC,Porto União,67.55,,,,,,,743,gold
2023,4216701,42,SC,São José do Cedro,76.42,,,,,,,743,gold
2023,4300307,43,RS,Alecrim,70.71,,,,,,,743,gold
2023,4300851,43,RS,Arambaré,57.54,,,,,,,743,gold
2023,4301073,43,RS,Arroio do Padre,94.58,,,,,,,743,gold
2023,4304309,43,RS,Cândido Godói,78.96,,,,,,,743,gold
2023,4311205,43,RS,Júlio de Castilhos,59.63,,,,,,,743,gold
2023,4314548,43,RS,Pinto Bandeira,77.5,,,,,,,743,gold
2023,5200555,52,GO,Alto Horizonte,66.64,,,,,,,743,gold
2023,5204854,52,GO,Campo Limpo de Goiás,86.91,,,,,,,743,gold
2023,5214507,52,GO,Nerópolis,68.08,,,,,,,743,gold
2023,5217203,52,GO,Piranhas,78.1,,,,,,,743,gold
2023,5221551,52,GO,Turvelândia,68.16,,,,,,,743,gold
2023,1100106,11,RO,Guajará-Mirim,44.25,,,,,,,743,gold
2023,1100148,11,RO,Nova Brasilândia D'Oeste,74.81,,,,,,,743,gold
2023,1303536,13,AM,Presidente Figueiredo,34.17,,,,,,,743,gold
2023,1502202,15,PA,Capanema,61.24,,,,,,,743,gold
2023,1700301,17,TO,Aguiarnópolis,25.2,,,,,,,743,gold
2023,1713809,17,TO,Palmeiras do Tocantins,18.11,,,,,,,743,gold
2023,1718303,17,TO,Praia Norte,18.07,,,,,,,743,gold
2023,2100956,21,MA,Arame,76.25,,,,,,,743,gold
2023,2102150,21,MA,Brejo de Areia,33.25,,,,,,,743,gold
2023,2102408,21,MA,Cajapió,66.03,,,,,,,743,gold
2023,2104701,21,MA,Graça Aranha,72.78,,,,,,,743,gold
2023,2106607,21,MA,Matões,72.34,,,,,,,743,gold
2023,2202307,22,PI,Canto do Buriti,13.66,,,,,,,743,gold
2023,2202653,22,PI,Caxingó,20.36,,,,,,,743,gold
2023,2204105,22,PI,Francisco Ayres,47.28,,,,,,,743,gold
2023,2205276,22,PI,Jatobá do Piauí,73.84,,,,,,,743,gold
2023,2209971,22,PI,São João do Arraial,33.59,,,,,,,743,gold
2023,2210375,22,PI,São Luis do Piauí,58.51,,,,,,,743,gold
2023,2303659,23,CE,Catunda,100.0,,,,,,,743,gold
2023,2311900,23,CE,Saboeiro,75.38,,,,,,,743,gold
2023,2313203,23,CE,Tamboril,97.16,,,,,,,743,gold
2023,2400307,24,RN,Afonso Bezerra,37.26,,,,,,,743,gold
2023,2407203,24,RN,Macau,30.68,,,,,,,743,gold
2023,2408102,24,RN,Natal,37.34,,,,,,,743,gold
2023,2413003,24,RN,São Vicente,57.67,,,,,,,743,gold
2023,2503704,25,PB,Cajazeiras,53.45,,,,,,,743,gold
2023,2504702,25,PB,Congo,49.32,,,,,,,743,gold
2023,2508604,25,PB,Lucena,47.19,,,,,,,743,gold
2023,2508802,25,PB,Malta,68.43,,,,,,,743,gold
2023,2517100,25,PB,Várzea,52.0,,,,,,,743,gold
2023,2610806,26,PE,Pedra,47.04,,,,,,,743,gold
2023,2613909,26,PE,Serra Talhada,76.13,,,,,,,743,gold
2023,2616100,26,PE,Verdejante,53.39,,,,,,,743,gold
2023,2700706,27,AL,Batalha,33.15,,,,,,,743,gold
2023,2707602,27,AL,Quebrangulo,57.48,,,,,,,743,gold
2023,2902807,29,BA,Barra da Estiva,47.58,,,,,,,743,gold
2023,2905156,29,BA,Caetanos,24.86,,,,,,,743,gold
2023,2908705,29,BA,Condeúba,75.7,,,,,,,743,gold
2023,2910057,29,BA,Dias d'Ávila,35.5,,,,,,,743,gold
2023,2910305,29,BA,Elísio Medrado,29.96,,,,,,,743,gold
2023,2910701,29,BA,Euclides da Cunha,33.34,,,,,,,743,gold
2023,2910727,29,BA,Eunápolis,34.62,,,,,,,743,gold
2023,2914604,29,BA,Irecê,42.02,,,,,,,743,gold
2023,2918753,29,BA,Lagoa Real,21.36,,,,,,,743,gold
2023,2920452,29,BA,Mansidão,30.7,,,,,,,743,gold
2023,2926202,29,BA,Riachão das Neves,37.21,,,,,,,743,gold
2023,3106705,31,MG,Betim,54.39,,,,,,,743,gold
2023,3109907,31,MG,Caetanópolis,55.11,,,,,,,743,gold
2023,3119005,31,MG,Cordislândia,47.14,,,,,,,743,gold
2023,3123809,31,MG,Engenheiro Navarro,44.66,,,,,,,743,gold
2023,3128253,31,MG,Guaraciama,42.0,,,,,,,743,gold
2023,3128907,31,MG,Guimarânia,60.59,,,,,,,743,gold
2023,3136553,31,MG,José Raydan,79.09,,,,,,,743,gold
2023,3142106,31,MG,Miradouro,47.26,,,,,,,743,gold
2023,3144607,31,MG,Nepomuceno,53.67,,,,,,,743,gold
2023,3151909,31,MG,Pocrane,90.55,,,,,,,743,gold
2023,3169307,31,MG,Três Corações,50.69,,,,,,,743,gold
2023,3172202,31,MG,Wenceslau Braz,48.66,,,,,,,743,gold
2023,3201100,32,ES,Bom Jesus do Norte,67.14,,,,,,,743,gold
2023,3503307,35,SP,Araras,60.24,,,,,,,743,gold
2023,3549904,35,SP,São José dos Campos,57.69,,,,,,,743,gold
2023,3552809,35,SP,Taboão da Serra,45.35,,,,,,,743,gold
2023,4101655,41,PR,Arapuã,54.39,,,,,,,743,gold
2023,4109609,41,PR,Guaratuba,67.35,,,,,,,743,gold
2023,4112801,41,PR,Joaquim Távora,85.53,,,,,,,743,gold
2023,4123824,41,PR,Santa Lúcia,79.5,,,,,,,743,gold
2023,4125902,41,PR,São Pedro do Paraná,71.94,,,,,,,743,gold
2023,4201307,42,SC,Araquari,51.84,,,,,,,743,gold
2023,4202909,42,SC,Brusque,65.9,,,,,,,743,gold
2023,4203006,42,SC,Caçador,66.21,,,,,,,743,gold
2023,4203402,42,SC,Campo Belo do Sul,27.65,,,,,,,743,gold
2023,4203709,42,SC,Canelinha,59.28,,,,,,,743,gold
2023,4204400,42,SC,Coronel Freitas,74.28,,,,,,,743,gold
2023,4209508,42,SC,Laurentino,64.28,,,,,,,743,gold
2023,4211306,42,SC,Navegantes,54.22,,,,,,,743,gold
2023,4306908,43,RS,Encruzilhada do Sul,69.85,,,,,,,743,gold
2023,4310603,43,RS,Itaqui,63.77,,,,,,,743,gold
2023,4312179,43,RS,Mato Queimado,88.24,,,,,,,743,gold
2023,4314407,43,RS,Pelotas,51.52,,,,,,,743,gold
2023,4315453,43,RS,Relvado,86.67,,,,,,,743,gold
2023,4315503,43,RS,Restinga Seca,60.96,,,,,,,743,gold
2023,4315909,43,RS,Rodeio Bonito,90.81,,,,,,,743,gold
2023,4321402,43,RS,Tenente Portela,70.53,,,,,,,743,gold
2023,5004908,50,MS,Jaraguari,38.46,,,,,,,743,gold
2023,5102686,51,MT,Campos de Júlio,48.17,,,,,,,743,gold
2023,5107776,51,MT,Santa Terezinha,41.22,,,,,,,743,gold
2023,5108808,51,MT,Nova Guarita,68.02,,,,,,,743,gold
2023,5200829,52,GO,Amaralina,84.23,,,,,,,743,gold
2023,5201207,52,GO,Anhanguera,80.0,,,,,,,743,gold
2023,5201306,52,GO,Anicuns,92.26,,,,,,,743,gold
2023,5204805,52,GO,Campo Alegre de Goiás,79.9,,,,,,,743,gold
2023,5211008,52,GO,Itapirapuã,34.36,,,,,,,743,gold
2023,5213806,52,GO,Morrinhos,62.28,,,,,,,743,gold
2023,5220058,52,GO,São João da Paraúna,87.5,,,,,,,743,gold
2023,5221007,52,GO,Taquaral de Goiás,69.59,,,,,,,743,gold
2023,5221403,52,GO,Trindade,66.34,,,,,,,743,gold
2023,1101708,11,RO,Urupá,70.92,,,,,,,743,gold
2023,1503309,15,PA,Igarapé-Miri,36.72,,,,,,,743,gold
2023,1507953,15,PA,Tailândia,37.67,,,,,,,743,gold
2023,1600600,16,AP,Santana,43.45,,,,,,,743,gold
2023,1707108,17,TO,Divinópolis do Tocantins,39.09,,,,,,,743,gold
2023,2101772,21,MA,Bela Vista do Maranhão,51.82,,,,,,,743,gold
2023,2106375,21,MA,Maranhãozinho,76.41,,,,,,,743,gold
2023,2106672,21,MA,Milagres do Maranhão,100.0,,,,,,,743,gold
2023,2108306,21,MA,Penalva,55.46,,,,,,,743,gold
2023,2111250,21,MA,São José dos Basílios,12.94,,,,,,,743,gold
2023,2111953,21,MA,Sucupira do Riachão,75.39,,,,,,,743,gold
2023,2112852,21,MA,Vila Nova dos Martírios,86.07,,,,,,,743,gold
2023,2201705,22,PI,Bertolínia,59.48,,,,,,,743,gold
2023,2202059,22,PI,Cabeceiras do Piauí,19.85,,,,,,,743,gold
2023,2203305,22,PI,Demerval Lobão,70.15,,,,,,,743,gold
2023,2205201,22,PI,Jaicós,78.99,,,,,,,743,gold
2023,2208908,22,PI,Ribeiro Gonçalves,88.78,,,,,,,743,gold
2023,2209153,22,PI,Santa Cruz dos Milagres,52.44,,,,,,,743,gold
2023,2211308,22,PI,Valença do Piauí,51.94,,,,,,,743,gold
2023,2300507,23,CE,Alcântaras,97.81,,,,,,,743,gold
2023,2300903,23,CE,Apuiarés,80.8,,,,,,,743,gold
2023,2304202,23,CE,Crato,93.55,,,,,,,743,gold
2023,2308351,23,CE,Milhã,100.0,,,,,,,743,gold
2023,2408201,24,RN,Nísia Floresta,32.03,,,,,,,743,gold
2023,2411056,24,RN,Tibau,40.65,,,,,,,743,gold
2023,2500536,25,PB,Alcantil,42.62,,,,,,,743,gold
2023,2502300,25,PB,Bom Sucesso,65.39,,,,,,,743,gold
2023,2511202,25,PB,Pedras de Fogo,37.3,,,,,,,743,gold
2023,2511509,25,PB,Pilar,69.0,,,,,,,743,gold
2023,2514008,25,PB,São João do Cariri,29.59,,,,,,,743,gold
2023,2605202,26,PE,Escada,54.51,,,,,,,743,gold
2023,2614808,26,PE,Tacaratu,56.04,,,,,,,743,gold
2023,2800670,28,SE,Boquim,26.09,,,,,,,743,gold
2023,2904407,29,BA,Brejolândia,41.09,,,,,,,743,gold
2023,2907806,29,BA,Cícero Dantas,30.93,,,,,,,743,gold
2023,2908309,29,BA,Conceição do Almeida,53.85,,,,,,,743,gold
2023,2911006,29,BA,Floresta Azul,15.12,,,,,,,743,gold
2023,2914802,29,BA,Itabuna,31.6,,,,,,,743,gold
2023,2917201,29,BA,Ituaçu,57.52,,,,,,,743,gold
2023,2926004,29,BA,Remanso,25.1,,,,,,,743,gold
2023,2928307,29,BA,Santanópolis,26.96,,,,,,,743,gold
2023,2929107,29,BA,São Felipe,45.9,,,,,,,743,gold
2023,2931806,29,BA,Tremedal,49.49,,,,,,,743,gold
2023,3105608,31,MG,Barbacena,64.56,,,,,,,743,gold
2023,3115359,31,MG,Catas Altas,67.35,,,,,,,743,gold
2023,3116407,31,MG,Claraval,74.97,,,,,,,743,gold
2023,3120151,31,MG,Crisólita,52.99,,,,,,,743,gold
2023,3125705,31,MG,Felixlândia,54.14,,,,,,,743,gold
2023,3132503,31,MG,Itamarandiba,67.93,,,,,,,743,gold
2023,3140555,31,MG,Mata Verde,62.81,,,,,,,743,gold
2023,3142700,31,MG,Montalvânia,52.48,,,,,,,743,gold
2023,3150505,31,MG,Pimenta,72.81,,,,,,,743,gold
2023,3153103,31,MG,Presidente Bernardes,69.97,,,,,,,743,gold
2023,3154309,31,MG,Resplendor,71.54,,,,,,,743,gold
2023,3159209,31,MG,Santa Rita de Caldas,82.22,,,,,,,743,gold
2023,3161205,31,MG,São Francisco de Paula,78.67,,,,,,,743,gold
2023,3161502,31,MG,São Geraldo,79.39,,,,,,,743,gold
2023,3165560,31,MG,Sem-Peixe,76.47,,,,,,,743,gold
2023,3165578,31,MG,Senador Amaral,50.9,,,,,,,743,gold
2023,3169406,31,MG,Três Pontas,58.33,,,,,,,743,gold
2023,3201704,32,ES,Conceição do Castelo,77.46,,,,,,,743,gold
2023,3301405,33,RJ,Conceição de Macabu,49.73,,,,,,,743,gold
2023,3304524,33,RJ,Rio das Ostras,65.82,,,,,,,743,gold
2023,4100707,41,PR,Alto Piquiri,74.73,,,,,,,743,gold
2023,4103354,41,PR,Braganey,84.89,,,,,,,743,gold
2023,4108908,41,PR,Guairaçá,72.56,,,,,,,743,gold
2023,4110953,41,PR,Itaipulândia,86.91,,,,,,,743,gold
2023,4114609,41,PR,Marechal Cândido Rondon,75.3,,,,,,,743,gold
2023,4121604,41,PR,Renascença,70.83,,,,,,,743,gold
2023,4126801,41,PR,Tapejara,69.39,,,,,,,743,gold
2023,4128005,41,PR,Ubiratã,85.59,,,,,,,743,gold
2023,4201901,42,SC,Aurora,72.91,,,,,,,743,gold
2023,4202057,42,SC,Balneário Barra do Sul,60.27,,,,,,,743,gold
2023,4206504,42,SC,Guaramirim,70.78,,,,,,,743,gold
2023,4207304,42,SC,Imbituba,54.52,,,,,,,743,gold
2023,4211058,42,SC,Monte Carlo,63.76,,,,,,,743,gold
2023,4211108,42,SC,Monte Castelo,66.56,,,,,,,743,gold
2023,4212056,42,SC,Palmeira,67.15,,,,,,,743,gold
2023,4213401,42,SC,Ponte Serrada,66.34,,,,,,,743,gold
2023,4215752,42,SC,São Bernardino,83.02,,,,,,,743,gold
2023,4216404,42,SC,São João do Sul,77.85,,,,,,,743,gold
2023,4216800,42,SC,São José do Cerrito,66.81,,,,,,,743,gold
2023,4217758,42,SC,Sul Brasil,76.19,,,,,,,743,gold
2023,4218608,42,SC,Trombudo Central,68.13,,,,,,,743,gold
2023,4302238,43,RS,Boa Vista do Incra,71.3,,,,,,,743,gold
2023,4304630,43,RS,Capão da Canoa,46.77,,,,,,,743,gold
2023,4305116,43,RS,Centenário,91.67,,,,,,,743,gold
2023,4307708,43,RS,Esteio,61.82,,,,,,,743,gold
2023,4309555,43,RS,Harmonia,87.2,,,,,,,743,gold
2023,4313086,43,RS,Nova Pádua,84.62,,,,,,,743,gold
2023,4313391,43,RS,Novo Cabrais,86.08,,,,,,,743,gold
2023,4323507,43,RS,Vista Alegre,86.8,,,,,,,743,gold
2023,5107354,51,MT,São José do Xingu,51.3,,,,,,,743,gold
2023,5108600,51,MT,Vila Rica,47.89,,,,,,,743,gold
2023,5201405,52,GO,Aparecida de Goiânia,60.67,,,,,,,743,gold
2023,5209150,52,GO,Gouvelândia,39.78,,,,,,,743,gold
2023,5213772,52,GO,Montividiu do Norte,59.37,,,,,,,743,gold
2023,5219803,52,GO,São Domingos,45.68,,,,,,,743,gold
2023,1100254,11,RO,Presidente Médici,59.4,,,,,,,743,gold
2023,1500503,15,PA,Almeirim,30.68,,,,,,,743,gold
2023,1712801,17,TO,Maurilândia do Tocantins,19.32,,,,,,,743,gold
2023,1716653,17,TO,Pequizeiro,35.23,,,,,,,743,gold
2023,2104099,21,MA,Formosa da Serra Negra,85.6,,,,,,,743,gold
2023,2105476,21,MA,Jenipapo dos Vieiras,47.09,,,,,,,743,gold
2023,2105500,21,MA,João Lisboa,35.04,,,,,,,743,gold
2023,2112605,21,MA,Urbano Santos,76.76,,,,,,,743,gold
2023,2200806,22,PI,Antônio Almeida,95.63,,,,,,,743,gold
2023,2202901,22,PI,Corrente,47.76,,,,,,,743,gold
2023,2210383,22,PI,São Miguel da Baixa Grande,24.14,,,,,,,743,gold
2023,2210805,22,PI,Simplício Mendes,88.71,,,,,,,743,gold
2023,2211209,22,PI,Uruçuí,27.78,,,,,,,743,gold
2023,2305803,23,CE,Ipu,94.21,,,,,,,743,gold
2023,2307502,23,CE,Lavras da Mangabeira,75.38,,,,,,,743,gold
2023,2308807,23,CE,Moraújo,98.91,,,,,,,743,gold
2023,2407302,24,RN,Marcelino Vieira,25.17,,,,,,,743,gold
2023,2408508,24,RN,Ouro Branco,40.66,,,,,,,743,gold
2023,2500106,25,PB,Água Branca,47.63,,,,,,,743,gold
2023,2500502,25,PB,Alagoinha,57.29,,,,,,,743,gold
2023,2504108,25,PB,Carrapateira,68.95,,,,,,,743,gold
2023,2513000,25,PB,Salgadinho,72.73,,,,,,,743,gold
2023,2600807,26,PE,Altinho,58.41,,,,,,,743,gold
2023,2609006,26,PE,Macaparana,72.61,,,,,,,743,gold
2023,2614709,26,PE,Tacaimbó,45.92,,,,,,,743,gold
2023,2615300,26,PE,Timbaúba,74.11,,,,,,,743,gold
2023,2803005,28,SE,Itabaianinha,59.05,,,,,,,743,gold
2023,2804300,28,SE,Muribeca,10.0,,,,,,,743,gold
2023,2806503,28,SE,Santa Rosa de Lima,25.0,,,,,,,743,gold
2023,2901353,29,BA,Andorinha,32.96,,,,,,,743,gold
2023,2905701,29,BA,Camaçari,33.55,,,,,,,743,gold
2023,2906857,29,BA,Capela do Alto Alegre,35.87,,,,,,,743,gold
2023,2918357,29,BA,João Dourado,34.64,,,,,,,743,gold
2023,2919405,29,BA,Licínio de Almeida,75.0,,,,,,,743,gold
2023,2922201,29,BA,Muniz Ferreira,45.91,,,,,,,743,gold
2023,2929404,29,BA,São Miguel das Matas,28.76,,,,,,,743,gold
2023,2929909,29,BA,Seabra,48.67,,,,,,,743,gold
2023,2930709,29,BA,Simões Filho,42.62,,,,,,,743,gold
2023,2931053,29,BA,Tanque Novo,63.45,,,,,,,743,gold
2023,2933208,29,BA,Vera Cruz,39.14,,,,,,,743,gold
2023,3104700,31,MG,Ataléia,55.89,,,,,,,743,gold
2023,3111101,31,MG,Campina Verde,77.26,,,,,,,743,gold
2023,3115508,31,MG,Caxambu,75.23,,,,,,,743,gold
2023,3116001,31,MG,Chalé,72.97,,,,,,,743,gold
2023,3116506,31,MG,Claro dos Poções,70.05,,,,,,,743,gold
2023,3118106,31,MG,Congonhas do Norte,91.99,,,,,,,743,gold
2023,3120607,31,MG,Crucilândia,81.48,,,,,,,743,gold
2023,3127800,31,MG,Grão Mogol,71.57,,,,,,,743,gold
2023,3128600,31,MG,Guarda-Mor,79.05,,,,,,,743,gold
2023,3130309,31,MG,Iguatama,98.44,,,,,,,743,gold
2023,3139102,31,MG,Madre de Deus de Minas,69.45,,,,,,,743,gold
2023,3142809,31,MG,Monte Alegre de Minas,74.78,,,,,,,743,gold
2023,3144904,31,MG,Nova Módica,83.33,,,,,,,743,gold
2023,3149507,31,MG,Pequeri,32.02,,,,,,,743,gold
2023,3150109,31,MG,Piau,29.63,,,,,,,743,gold
2023,3156007,31,MG,Rio Vermelho,54.91,,,,,,,743,gold
2023,3157401,31,MG,Santa Cruz do Escalvado,46.18,,,,,,,743,gold
2023,3160603,31,MG,Santo Hipólito,58.82,,,,,,,743,gold
2023,3162203,31,MG,São João Batista do Glória,82.43,,,,,,,743,gold
2023,3163003,31,MG,São José da Safira,72.52,,,,,,,743,gold
2023,3167202,31,MG,Sete Lagoas,57.58,,,,,,,743,gold
2023,3170438,31,MG,União de Minas,72.25,,,,,,,743,gold
2023,3170503,31,MG,Urucânia,47.49,,,,,,,743,gold
2023,3203353,32,ES,Marilândia,78.51,,,,,,,743,gold
2023,3203502,32,ES,Montanha,63.05,,,,,,,743,gold
2023,3300605,33,RJ,Bom Jesus do Itabapoana,57.91,,,,,,,743,gold
2023,3301900,33,RJ,Itaboraí,51.3,,,,,,,743,gold
2023,3304706,33,RJ,Santo Antônio de Pádua,66.37,,,,,,,743,gold
2023,3305208,33,RJ,São Pedro da Aldeia,56.22,,,,,,,743,gold
2023,3305604,33,RJ,Silva Jardim,55.39,,,,,,,743,gold
2023,3305802,33,RJ,Teresópolis,59.73,,,,,,,743,gold
2023,3501905,35,SP,Amparo,57.7,,,,,,,743,gold
2023,3503208,35,SP,Araraquara,59.65,,,,,,,743,gold
2023,3513801,35,SP,Diadema,50.92,,,,,,,743,gold
2023,3529401,35,SP,Mauá,63.79,,,,,,,743,gold
2023,3530201,35,SP,Mirante do Paranapanema,87.77,,,,,,,743,gold
2023,3550902,35,SP,São Simão,63.04,,,,,,,743,gold
2023,4103404,41,PR,Cafeara,80.11,,,,,,,743,gold
2023,4113700,41,PR,Londrina,73.98,,,,,,,743,gold
2023,4121109,41,PR,Quinta do Sol,76.75,,,,,,,743,gold
2023,4124509,41,PR,Santo Inácio,91.05,,,,,,,743,gold
2023,4124905,41,PR,São João do Caiuá,93.33,,,,,,,743,gold
2023,4128104,41,PR,Umuarama,64.14,,,,,,,743,gold
2023,4128534,41,PR,Ventania,74.1,,,,,,,743,gold
2023,4200507,42,SC,Águas de Chapecó,66.08,,,,,,,743,gold
2023,4204004,42,SC,Catanduvas,68.3,,,,,,,743,gold
2023,4204194,42,SC,Chapadão do Lageado,52.44,,,,,,,743,gold
2023,4206108,42,SC,Grão Pará,64.41,,,,,,,743,gold
2023,4209854,42,SC,Lindóia do Sul,87.38,,,,,,,743,gold
2023,4211207,42,SC,Morro da Fumaça,68.02,,,,,,,743,gold
2023,4213005,42,SC,Pinheiro Preto,59.28,,,,,,,743,gold
2023,4213104,42,SC,Piratuba,81.43,,,,,,,743,gold
2023,4213807,42,SC,Praia Grande,67.81,,,,,,,743,gold
2023,4215679,42,SC,Santa Terezinha,80.9,,,,,,,743,gold
2023,4302451,43,RS,Boqueirão do Leão,61.14,,,,,,,743,gold
2023,4304507,43,RS,Canguçu,83.04,,,,,,,743,gold
2023,4305173,43,RS,Cerro Grande do Sul,58.43,,,,,,,743,gold
2023,4305504,43,RS,Ciríaco,86.67,,,,,,,743,gold
2023,4305850,43,RS,Coqueiros do Sul,86.57,,,,,,,743,gold
2023,4308409,43,RS,Formigueiro,72.91,,,,,,,743,gold
2023,4309704,43,RS,Humaitá,90.66,,,,,,,743,gold
2023,4310702,43,RS,Itatiba do Sul,86.76,,,,,,,743,gold
2023,4312401,43,RS,Montenegro,64.42,,,,,,,743,gold
2023,4314027,43,RS,Paraíso do Sul,84.77,,,,,,,743,gold
2023,4316402,43,RS,Rosário do Sul,53.58,,,,,,,743,gold
2023,4316477,43,RS,Salvador das Missões,94.12,,,,,,,743,gold
2023,4322376,43,RS,Unistalda,69.42,,,,,,,743,gold
2023,4322558,43,RS,Vanini,83.67,,,,,,,743,gold
2023,5104559,51,MT,Itaúba,57.99,,,,,,,743,gold
2023,5105200,51,MT,Juscimeira,50.74,,,,,,,743,gold
2023,5106299,51,MT,Paranaíta,60.69,,,,,,,743,gold
2023,5201454,52,GO,Aparecida do Rio Doce,59.59,,,,,,,743,gold
2023,5210109,52,GO,Ipameri,64.1,,,,,,,743,gold
2023,5215801,52,GO,Palmelo,28.57,,,,,,,743,gold
2023,5220405,52,GO,São Simão,72.78,,,,,,,743,gold
2023,1100031,11,RO,Cabixi,69.1,,,,,,,743,gold
2023,1100072,11,RO,Corumbiara,58.2,,,,,,,743,gold
2023,1503903,15,PA,Juruti,48.21,,,,,,,743,gold
2023,1504802,15,PA,Monte Alegre,53.95,,,,,,,743,gold
2023,1700251,17,TO,Abreulândia,62.07,,,,,,,743,gold
2023,1707009,17,TO,Dianópolis,51.81,,,,,,,743,gold
2023,1707702,17,TO,Filadélfia,11.95,,,,,,,743,gold
2023,1717800,17,TO,Ponte Alta do Bom Jesus,9.52,,,,,,,743,gold
2023,1718840,17,TO,Sandolândia,45.7,,,,,,,743,gold
2023,2110807,21,MA,São Félix de Balsas,43.78,,,,,,,743,gold
2023,2112209,21,MA,Timon,67.8,,,,,,,743,gold
2023,2203859,22,PI,Floresta do Piauí,100.0,,,,,,,743,gold
2023,2204006,22,PI,Francinópolis,77.97,,,,,,,743,gold
2023,2204709,22,PI,Inhuma,55.39,,,,,,,743,gold
2023,2307403,23,CE,Jucás,86.69,,,,,,,743,gold
2023,2403301,24,RN,Encanto,47.53,,,,,,,743,gold
2023,2405603,24,RN,Jardim de Piranhas,30.88,,,,,,,743,gold
2023,2405900,24,RN,João Dias,46.15,,,,,,,743,gold
2023,2406304,24,RN,Lagoa de Pedras,47.72,,,,,,,743,gold
2023,2408409,24,RN,Olho-d'Água do Borges,24.17,,,,,,,743,gold
2023,2500205,25,PB,Aguiar,68.73,,,,,,,743,gold
2023,2509909,25,PB,Natuba,58.78,,,,,,,743,gold
2023,2601300,26,PE,Barra de Guabiraba,80.78,,,,,,,743,gold
2023,2609303,26,PE,Mirandiba,35.45,,,,,,,743,gold
2023,2610202,26,PE,Panelas,76.82,,,,,,,743,gold
2023,2700102,27,AL,Água Branca,47.14,,,,,,,743,gold
2023,2702603,27,AL,Feira Grande,35.2,,,,,,,743,gold
2023,2705705,27,AL,Olho d'Água das Flores,40.12,,,,,,,743,gold
2023,2709103,27,AL,Taquarana,44.02,,,,,,,743,gold
2023,2801108,28,SE,Canhoba,45.45,,,,,,,743,gold
2023,2805901,28,SE,Riachuelo,11.32,,,,,,,743,gold
2023,2807204,28,SE,Siriri,47.06,,,,,,,743,gold
2023,2903235,29,BA,Barro Alto,24.29,,,,,,,743,gold
2023,2903953,29,BA,Bom Jesus da Serra,41.85,,,,,,,743,gold
2023,2909604,29,BA,Crisópolis,50.31,,,,,,,743,gold
2023,2916302,29,BA,Itapebi,14.97,,,,,,,743,gold
2023,2918704,29,BA,Lafaiete Coutinho,67.65,,,,,,,743,gold
2023,2923407,29,BA,Palmas de Monte Alto,45.51,,,,,,,743,gold
2023,2932606,29,BA,Urandi,59.24,,,,,,,743,gold
2023,2933307,29,BA,Vitória da Conquista,47.86,,,,,,,743,gold
2023,3105707,31,MG,Barra Longa,79.77,,,,,,,743,gold
2023,3106200,31,MG,Belo Horizonte,60.07,,,,,,,743,gold
2023,3110202,31,MG,Cajuri,64.21,,,,,,,743,gold
2023,3115904,31,MG,Chácara,28.81,,,,,,,743,gold
2023,3118304,31,MG,Conselheiro Lafaiete,68.74,,,,,,,743,gold
2023,3119203,31,MG,Coroaci,56.22,,,,,,,743,gold
2023,3122009,31,MG,Divino,54.38,,,,,,,743,gold
2023,3127503,31,MG,Gonzaga,66.42,,,,,,,743,gold
2023,3133105,31,MG,Itanhandu,73.87,,,,,,,743,gold
2023,3143450,31,MG,Montezuma,54.21,,,,,,,743,gold
2023,3144201,31,MG,Nacip Raydan,58.67,,,,,,,743,gold
2023,3144375,31,MG,Natalândia,49.23,,,,,,,743,gold
2023,3145877,31,MG,Orizânia,62.75,,,,,,,743,gold
2023,3149705,31,MG,Perdigão,80.06,,,,,,,743,gold
2023,3152006,31,MG,Pompéu,69.14,,,,,,,743,gold
2023,3152402,31,MG,Poté,42.92,,,,,,,743,gold
2023,3155702,31,MG,Rio Piracicaba,79.25,,,,,,,743,gold
2023,3156700,31,MG,Sabará,57.15,,,,,,,743,gold
2023,3158607,31,MG,Santana do Deserto,58.32,,,,,,,743,gold
2023,3158706,31,MG,Santana do Garambéu,47.32,,,,,,,743,gold
2023,3160702,31,MG,Santos Dumont,56.94,,,,,,,743,gold
2023,3168101,31,MG,Tapira,56.1,,,,,,,743,gold
2023,3168408,31,MG,Tarumirim,50.45,,,,,,,743,gold
2023,3170750,31,MG,Varjão de Minas,57.22,,,,,,,743,gold
2023,3201803,32,ES,Divino de São Lourenço,46.09,,,,,,,743,gold
2023,3204609,32,ES,Santa Teresa,85.59,,,,,,,743,gold
2023,4100202,41,PR,Adrianópolis,60.08,,,,,,,743,gold
2023,4106100,41,PR,Conselheiro Mairinck,51.52,,,,,,,743,gold
2023,4108007,41,PR,Florestópolis,64.38,,,,,,,743,gold
2023,4109302,41,PR,Guaraniaçu,80.03,,,,,,,743,gold
2023,4109906,41,PR,Icaraíma,73.26,,,,,,,743,gold
2023,4113452,41,PR,Lindoeste,86.49,,,,,,,743,gold
2023,4114906,41,PR,Marilândia do Sul,72.1,,,,,,,743,gold
2023,4125506,41,PR,São José dos Pinhais,67.19,,,,,,,743,gold
2023,4204202,42,SC,Chapecó,56.01,,,,,,,743,gold
2023,4206405,42,SC,Guaraciaba,83.28,,,,,,,743,gold
2023,4209177,42,SC,Jupiá,95.87,,,,,,,743,gold
2023,4209300,42,SC,Lages,47.69,,,,,,,743,gold
2023,4212700,42,SC,Petrolândia,62.16,,,,,,,743,gold
2023,4216602,42,SC,São José,62.59,,,,,,,743,gold
2023,4218400,42,SC,Treze de Maio,71.87,,,,,,,743,gold
2023,4305157,43,RS,Cerro Grande,50.0,,,,,,,743,gold
2023,4309159,43,RS,Gramado Xavier,71.43,,,,,,,743,gold
2023,4312104,43,RS,Mata,79.16,,,,,,,743,gold
2023,4316972,43,RS,Santa Margarida do Sul,42.41,,,,,,,743,gold
2023,4318051,43,RS,São Domingos do Sul,79.02,,,,,,,743,gold
2023,4320677,43,RS,Sinimbu,69.64,,,,,,,743,gold
2023,4321634,43,RS,Três Arroios,100.0,,,,,,,743,gold
2023,5000906,50,MS,Antônio João,54.07,,,,,,,743,gold
2023,5001003,50,MS,Aparecida do Taboado,51.45,,,,,,,743,gold
2023,5001904,50,MS,Bataguassu,37.66,,,,,,,743,gold
2023,5002407,50,MS,Caarapó,53.56,,,,,,,743,gold
2023,5006002,50,MS,Nova Alvorada do Sul,37.23,,,,,,,743,gold
2023,5007950,50,MS,Tacuru,51.61,,,,,,,743,gold
2023,5103205,51,MT,Colíder,49.25,,,,,,,743,gold
2023,5103254,51,MT,Colniza,41.71,,,,,,,743,gold
2023,5105259,51,MT,Lucas do Rio Verde,63.96,,,,,,,743,gold
2023,5106778,51,MT,Porto Alegre do Norte,31.09,,,,,,,743,gold
2023,5107941,51,MT,Tabaporã,51.43,,,,,,,743,gold
2023,5203203,52,GO,Barro Alto,80.55,,,,,,,743,gold
2023,5205521,52,GO,Colinas do Sul,62.72,,,,,,,743,gold
2023,5206800,52,GO,Damolândia,93.21,,,,,,,743,gold
2023,5210208,52,GO,Iporá,78.36,,,,,,,743,gold
2023,5214705,52,GO,Nova América,89.9,,,,,,,743,gold
2023,5215603,52,GO,Padre Bernardo,58.23,,,,,,,743,gold
2023,5217401,52,GO,Pires do Rio,67.36,,,,,,,743,gold
2023,5222203,52,GO,Vila Boa,83.76,,,,,,,743,gold
2023,1100403,11,RO,Alto Paraíso,61.53,,,,,,,743,gold
2023,1303403,13,AM,Parintins,61.37,,,,,,,743,gold
2023,1503507,15,PA,Irituia,45.28,,,,,,,743,gold
2023,1506302,15,PA,Salvaterra,51.95,,,,,,,743,gold
2023,1701903,17,TO,Araguacema,38.62,,,,,,,743,gold
2023,2100477,21,MA,Alto Alegre do Pindaré,36.04,,,,,,,743,gold
2023,2102002,21,MA,Bom Jardim,93.9,,,,,,,743,gold
2023,2105153,21,MA,Igarapé do Meio,58.92,,,,,,,743,gold
2023,2107308,21,MA,Nova Iorque,77.43,,,,,,,743,gold
2023,2112100,21,MA,Timbiras,41.93,,,,,,,743,gold
2023,2112407,21,MA,Turiaçu,40.48,,,,,,,743,gold
2023,2202075,22,PI,Cajazeiras do Piauí,100.0,,,,,,,743,gold
2023,2210391,22,PI,São Miguel do Fidalgo,55.79,,,,,,,743,gold
2023,2302404,23,CE,Boa Viagem,80.04,,,,,,,743,gold
2023,2305233,23,CE,Horizonte,93.36,,,,,,,743,gold
2023,2306504,23,CE,Itapiúna,96.14,,,,,,,743,gold
2023,2311108,23,CE,Porteiras,93.46,,,,,,,743,gold
2023,2409209,24,RN,Passagem,47.42,,,,,,,743,gold
2023,2414803,24,RN,Vera Cruz,58.73,,,,,,,743,gold
2023,2502201,25,PB,Bom Jesus,25.56,,,,,,,743,gold
2023,2508901,25,PB,Mamanguape,46.17,,,,,,,743,gold
2023,2604205,26,PE,Catende,44.6,,,,,,,743,gold
2023,2607109,26,PE,Ingazeira,78.57,,,,,,,743,gold
2023,2607604,26,PE,Ilha de Itamaracá,53.17,,,,,,,743,gold
2023,2612604,26,PE,Santa Maria da Boa Vista,45.6,,,,,,,743,gold
2023,2614501,26,PE,Surubim,55.41,,,,,,,743,gold
2023,2705606,27,AL,Novo Lino,27.37,,,,,,,743,gold
2023,2707800,27,AL,Roteiro,64.36,,,,,,,743,gold
2023,2803609,28,SE,Laranjeiras,21.67,,,,,,,743,gold
2023,2804458,28,SE,Nossa Senhora Aparecida,38.1,,,,,,,743,gold
2023,2805109,28,SE,Pedrinhas,14.81,,,,,,,743,gold
2023,2806305,28,SE,Santa Luzia do Itanhy,25.9,,,,,,,743,gold
2023,2807303,28,SE,Telha,17.39,,,,,,,743,gold
2023,2909505,29,BA,Cravolândia,57.33,,,,,,,743,gold
2023,2919058,29,BA,Lajedo do Tabocal,55.06,,,,,,,743,gold
2023,2924009,29,BA,Paulo Afonso,24.79,,,,,,,743,gold
2023,2927408,29,BA,Salvador,39.36,,,,,,,743,gold
2023,3103702,31,MG,Araponga,73.3,,,,,,,743,gold
2023,3105301,31,MG,Bandeira do Sul,73.41,,,,,,,743,gold
2023,3107000,31,MG,Biquinhas,88.0,,,,,,,743,gold
2023,3110608,31,MG,Cambuí,65.17,,,,,,,743,gold
2023,3112703,31,MG,Capitão Enéas,61.87,,,,,,,743,gold
2023,3116803,31,MG,Coluna,64.06,,,,,,,743,gold
2023,3120870,31,MG,Curral de Dentro,79.25,,,,,,,743,gold
2023,3120904,31,MG,Curvelo,65.98,,,,,,,743,gold
2023,3129202,31,MG,Heliodora,48.35,,,,,,,743,gold
2023,3129301,31,MG,Iapu,37.09,,,,,,,743,gold
2023,3129806,31,MG,Ibirité,52.62,,,,,,,743,gold
2023,3134103,31,MG,Itueta,69.92,,,,,,,743,gold
2023,3136579,31,MG,Josenópolis,90.34,,,,,,,743,gold
2023,3140407,31,MG,Marmelópolis,76.82,,,,,,,743,gold
2023,3140852,31,MG,Matias Cardoso,37.68,,,,,,,743,gold
2023,3143005,31,MG,Monte Belo,50.21,,,,,,,743,gold
2023,3145109,31,MG,Nova Resende,69.3,,,,,,,743,gold
2023,3159100,31,MG,Santana dos Montes,61.36,,,,,,,743,gold
2023,3161650,31,MG,São Geraldo do Baixio,71.16,,,,,,,743,gold
2023,3171154,31,MG,Vermelho Novo,73.55,,,,,,,743,gold
2023,3305703,33,RJ,Sumidouro,61.17,,,,,,,743,gold
2023,3516309,35,SP,Francisco Morato,51.74,,,,,,,743,gold
2023,3541604,35,SP,Promissão,64.05,,,,,,,743,gold
2023,4102109,41,PR,Astorga,79.57,,,,,,,743,gold
2023,4103008,41,PR,Boa Esperança,93.75,,,,,,,743,gold
2023,4106704,41,PR,Cruzeiro do Sul,71.43,,,,,,,743,gold
2023,4107652,41,PR,Fazenda Rio Grande,68.86,,,,,,,743,gold
2023,4116406,41,PR,Nossa Senhora das Graças,79.15,,,,,,,743,gold
2023,4118006,41,PR,Paraíso do Norte,74.89,,,,,,,743,gold
2023,4120002,41,PR,Porecatu,74.34,,,,,,,743,gold
2023,4202099,42,SC,Barra Bonita,50.0,,,,,,,743,gold
2023,4202701,42,SC,Botuverá,75.54,,,,,,,743,gold
2023,4208708,42,SC,Jacinto Machado,55.07,,,,,,,743,gold
2023,4209102,42,SC,Joinville,65.49,,,,,,,743,gold
2023,4210605,42,SC,Massaranduba,72.49,,,,,,,743,gold
2023,4210902,42,SC,Modelo,81.55,,,,,,,743,gold
2023,4300877,43,RS,Araricá,75.69,,,,,,,743,gold
2023,4301107,43,RS,Arroio dos Ratos,32.24,,,,,,,743,gold
2023,4303202,43,RS,Cacique Doble,88.64,,,,,,,743,gold
2023,4311809,43,RS,Marau,67.83,,,,,,,743,gold
2023,4312302,43,RS,Miraguaí,79.36,,,,,,,743,gold
2023,4313706,43,RS,Palmeira das Missões,56.84,,,,,,,743,gold
2023,4314704,43,RS,Planalto,73.32,,,,,,,743,gold
2023,4314753,43,RS,Poço das Antas,85.45,,,,,,,743,gold
2023,4315206,43,RS,Putinga,87.73,,,,,,,743,gold
2023,4316808,43,RS,Santa Cruz do Sul,69.79,,,,,,,743,gold
2023,4318440,43,RS,São Jorge,76.67,,,,,,,743,gold
2023,5002159,50,MS,Bodoquena,44.62,,,,,,,743,gold
2023,5100250,51,MT,Alta Floresta,52.38,,,,,,,743,gold
2023,5100300,51,MT,Alto Araguaia,73.84,,,,,,,743,gold
2023,5101308,51,MT,Arenápolis,58.5,,,,,,,743,gold
2023,5102694,51,MT,Canabrava do Norte,34.68,,,,,,,743,gold
2023,5103858,51,MT,Gaúcha do Norte,45.03,,,,,,,743,gold
2023,5200175,52,GO,Água Fria de Goiás,55.81,,,,,,,743,gold
2023,5200209,52,GO,Água Limpa,69.57,,,,,,,743,gold
2023,5200258,52,GO,Águas Lindas de Goiás,48.9,,,,,,,743,gold
2023,5204409,52,GO,Caiapônia,76.59,,,,,,,743,gold
2023,5207105,52,GO,Diorama,100.0,,,,,,,743,gold
2023,5217708,52,GO,Pontalina,73.38,,,,,,,743,gold
2023,5219738,52,GO,Santo Antônio de Goiás,91.99,,,,,,,743,gold
2023,1300060,13,AM,Amaturá,62.67,,,,,,,743,gold
2023,1300904,13,AM,Canutama,56.29,,,,,,,743,gold
2023,1302306,13,AM,Jutaí,39.32,,,,,,,743,gold
2023,1303106,13,AM,Nova Olinda do Norte,51.78,,,,,,,743,gold
2023,1304062,13,AM,Tabatinga,43.9,,,,,,,743,gold
2023,1304104,13,AM,Tapauá,49.77,,,,,,,743,gold
2023,1304401,13,AM,Urucurituba,47.75,,,,,,,743,gold
2023,1504976,15,PA,Nova Ipixuna,44.35,,,,,,,743,gold
2023,1507961,15,PA,Terra Alta,41.96,,,,,,,743,gold
2023,1703800,17,TO,Buriti do Tocantins,41.24,,,,,,,743,gold
2023,1709005,17,TO,Goiatins,12.54,,,,,,,743,gold
2023,1712157,17,TO,Lavandeira,69.23,,,,,,,743,gold
2023,1719004,17,TO,Santa Tereza do Tocantins,48.09,,,,,,,743,gold
2023,2103901,21,MA,Duque Bacelar,69.39,,,,,,,743,gold
2023,2106359,21,MA,Marajá do Sena,83.33,,,,,,,743,gold
2023,2107209,21,MA,Nina Rodrigues,53.08,,,,,,,743,gold
2023,2202729,22,PI,Cocal dos Alves,80.26,,,,,,,743,gold
2023,2209807,22,PI,São Gonçalo do Piauí,94.18,,,,,,,743,gold
2023,2301851,23,CE,Banabuiú,80.28,,,,,,,743,gold
2023,2301950,23,CE,Barreira,88.76,,,,,,,743,gold
2023,2302008,23,CE,Barro,67.84,,,,,,,743,gold
2023,2304400,23,CE,Fortaleza,74.16,,,,,,,743,gold
2023,2305001,23,CE,Guaraciaba do Norte,98.55,,,,,,,743,gold
2023,2305209,23,CE,Hidrolândia,99.02,,,,,,,743,gold
2023,2405702,24,RN,Jardim do Seridó,33.88,,,,,,,743,gold
2023,2405801,24,RN,João Câmara,22.55,,,,,,,743,gold
2023,2507606,25,PB,Juarez Távora,28.86,,,,,,,743,gold
2023,2513109,25,PB,Salgado de São Félix,87.4,,,,,,,743,gold
2023,2514503,25,PB,São José de Piranhas,34.1,,,,,,,743,gold
2023,2516409,25,PB,Tacima,55.93,,,,,,,743,gold
2023,2604106,26,PE,Caruaru,54.95,,,,,,,743,gold
2023,2610608,26,PE,Paudalho,62.99,,,,,,,743,gold
2023,2611200,26,PE,Poção,62.55,,,,,,,743,gold
2023,2615607,26,PE,Trindade,59.68,,,,,,,743,gold
2023,2702207,27,AL,Coqueiro Seco,34.53,,,,,,,743,gold
2023,2702553,27,AL,Estrela de Alagoas,34.55,,,,,,,743,gold
2023,2705200,27,AL,Messias,30.81,,,,,,,743,gold
2023,2804607,28,SE,Nossa Senhora das Dores,34.31,,,,,,,743,gold
2023,2807006,28,SE,São Miguel do Aleixo,38.64,,,,,,,743,gold
2023,2903805,29,BA,Boa Vista do Tupim,33.4,,,,,,,743,gold
2023,2905008,29,BA,Caculé,51.82,,,,,,,743,gold
2023,2909109,29,BA,Coribe,47.33,,,,,,,743,gold
2023,2910750,29,BA,Fátima,42.51,,,,,,,743,gold
2023,2915502,29,BA,Itajuípe,34.37,,,,,,,743,gold
2023,2919801,29,BA,Macaúbas,43.5,,,,,,,743,gold
2023,2921302,29,BA,Milagres,33.87,,,,,,,743,gold
2023,2922052,29,BA,Mulungu do Morro,22.47,,,,,,,743,gold
2023,2923209,29,BA,Oliveira dos Brejinhos,38.11,,,,,,,743,gold
2023,2923803,29,BA,Paripiranga,51.85,,,,,,,743,gold
2023,2930808,29,BA,Souto Soares,25.49,,,,,,,743,gold
2023,3100302,31,MG,Abre Campo,75.68,,,,,,,743,gold
2023,3120805,31,MG,Cruzília,89.61,,,,,,,743,gold
2023,3122470,31,MG,Dom Bosco,50.0,,,,,,,743,gold
2023,3123403,31,MG,Doresópolis,38.46,,,,,,,743,gold
2023,3127107,31,MG,Frutal,53.92,,,,,,,743,gold
2023,3128204,31,MG,Guaraciaba,63.47,,,,,,,743,gold
2023,3128709,31,MG,Guaxupé,53.45,,,,,,,743,gold
2023,3132909,31,MG,Itamogi,61.13,,,,,,,743,gold
2023,3141603,31,MG,Mercês,98.41,,,,,,,743,gold
2023,3143153,31,MG,Monte Formoso,49.86,,,,,,,743,gold
2023,3149606,31,MG,Pequi,64.18,,,,,,,743,gold
2023,3151404,31,MG,Pitangui,74.72,,,,,,,743,gold
2023,3151602,31,MG,Planura,45.91,,,,,,,743,gold
2023,3162302,31,MG,São João da Mata,78.13,,,,,,,743,gold
2023,3162906,31,MG,São João Nepomuceno,68.55,,,,,,,743,gold
2023,3165206,31,MG,São Thomé das Letras,87.42,,,,,,,743,gold
2023,3169000,31,MG,Tocantins,58.37,,,,,,,743,gold
2023,3169059,31,MG,Tocos do Moji,78.4,,,,,,,743,gold
2023,3170479,31,MG,Uruana de Minas,54.25,,,,,,,743,gold
2023,3202207,32,ES,Fundão,61.33,,,,,,,743,gold
2023,3204252,32,ES,Ponto Belo,81.8,,,,,,,743,gold
2023,3204351,32,ES,Rio Bananal,74.62,,,,,,,743,gold
2023,3301157,33,RJ,Cardoso Moreira,31.94,,,,,,,743,gold
2023,3301850,33,RJ,Guapimirim,50.19,,,,,,,743,gold
2023,3303856,33,RJ,Paty do Alferes,66.48,,,,,,,743,gold
2023,3304557,33,RJ,Rio de Janeiro,56.19,,,,,,,743,gold
2023,3305901,33,RJ,Trajano de Moraes,77.24,,,,,,,743,gold
2023,3510609,35,SP,Carapicuíba,49.86,,,,,,,743,gold
2023,3532405,35,SP,Nazaré Paulista,50.95,,,,,,,743,gold
2023,3534708,35,SP,Ourinhos,50.8,,,,,,,743,gold
2023,3544251,35,SP,Rosana,70.24,,,,,,,743,gold
2023,4114807,41,PR,Marialva,73.24,,,,,,,743,gold
2023,4116109,41,PR,Moreira Sales,79.33,,,,,,,743,gold
2023,4117206,41,PR,Nova Olímpia,79.22,,,,,,,743,gold
2023,4120309,41,PR,Porto Vitória,84.62,,,,,,,743,gold
2023,4122503,41,PR,Roncador,83.73,,,,,,,743,gold
2023,4123006,41,PR,Salto do Lontra,85.46,,,,,,,743,gold
2023,4128203,41,PR,União da Vitória,74.94,,,,,,,743,gold
2023,4202156,42,SC,Belmonte,72.9,,,,,,,743,gold
2023,4203154,42,SC,Calmon,62.96,,,,,,,743,gold
2023,4204905,42,SC,Descanso,82.46,,,,,,,743,gold
2023,4205506,42,SC,Fraiburgo,66.63,,,,,,,743,gold
2023,4215075,42,SC,Riqueza,83.43,,,,,,,743,gold
2023,4215406,42,SC,Salto Veloso,85.44,,,,,,,743,gold
2023,4215455,42,SC,Sangão,56.06,,,,,,,743,gold
2023,4300570,43,RS,Alto Feliz,72.7,,,,,,,743,gold
2023,4301008,43,RS,Arroio do Meio,82.6,,,,,,,743,gold
2023,4306379,43,RS,Dilermando de Aguiar,67.29,,,,,,,743,gold
2023,4306924,43,RS,Engenho Velho,76.92,,,,,,,743,gold
2023,4306957,43,RS,Entre Rios do Sul,82.47,,,,,,,743,gold
2023,4310405,43,RS,Independência,66.59,,,,,,,743,gold
2023,4316006,43,RS,Rolante,90.22,,,,,,,743,gold
2023,4323002,43,RS,Viamão,58.18,,,,,,,743,gold
2023,5000856,50,MS,Angélica,92.96,,,,,,,743,gold
2023,5003108,50,MS,Corguinho,45.65,,,,,,,743,gold
2023,5003454,50,MS,Deodápolis,95.9,,,,,,,743,gold
2023,5003751,50,MS,Eldorado,70.59,,,,,,,743,gold
2023,5005004,50,MS,Jardim,35.28,,,,,,,743,gold
2023,5006275,50,MS,Paraíso das Águas,76.38,,,,,,,743,gold
2023,5103601,51,MT,Dom Aquino,88.28,,,,,,,743,gold
2023,5214408,52,GO,Nazário,79.0,,,,,,,743,gold
2023,1100080,11,RO,Costa Marques,80.68,,,,,,,743,gold
2023,1302504,13,AM,Manacapuru,48.61,,,,,,,743,gold
2023,1501451,15,PA,Belterra,60.62,,,,,,,743,gold
2023,1503101,15,PA,Gurupá,25.73,,,,,,,743,gold
2023,1503754,15,PA,Jacareacanga,36.03,,,,,,,743,gold
2023,1508407,15,PA,Xinguara,49.86,,,,,,,743,gold
2023,1703107,17,TO,Barrolândia,59.45,,,,,,,743,gold
2023,1705508,17,TO,Colinas do Tocantins,51.01,,,,,,,743,gold
2023,1718550,17,TO,Riachinho,21.31,,,,,,,743,gold
2023,1720259,17,TO,São Salvador do Tocantins,47.62,,,,,,,743,gold
2023,2102556,21,MA,Campestre do Maranhão,64.72,,,,,,,743,gold
2023,2105807,21,MA,Lago do Junco,100.0,,,,,,,743,gold
2023,2108454,21,MA,Peritoró,57.3,,,,,,,743,gold
2023,2201804,22,PI,Bocaina,90.77,,,,,,,743,gold
2023,2202554,22,PI,Caridade do Piauí,61.42,,,,,,,743,gold
2023,2205250,22,PI,Jardim do Mulato,58.33,,,,,,,743,gold
2023,2205524,22,PI,Júlio Borges,43.29,,,,,,,743,gold
2023,2206951,22,PI,Novo Santo Antônio,48.49,,,,,,,743,gold
2023,2209203,22,PI,Santa Filomena,27.74,,,,,,,743,gold
2023,2300408,23,CE,Aiuaba,75.14,,,,,,,743,gold
2023,2301505,23,CE,Arneiroz,73.64,,,,,,,743,gold
2023,2310209,23,CE,Paracuru,94.86,,,,,,,743,gold
2023,2401404,24,RN,Baía Formosa,26.01,,,,,,,743,gold
2023,2406205,24,RN,Lagoa d'Anta,24.79,,,,,,,743,gold
2023,2408003,24,RN,Mossoró,36.31,,,,,,,743,gold
2023,2409803,24,RN,Pedro Velho,22.71,,,,,,,743,gold
2023,2410900,24,RN,Riachuelo,41.27,,,,,,,743,gold
2023,2505402,25,PB,Desterro,50.13,,,,,,,743,gold
2023,2506004,25,PB,Esperança,61.5,,,,,,,743,gold
2023,2600500,26,PE,Águas Belas,57.56,,,,,,,743,gold
2023,2601201,26,PE,Arcoverde,59.53,,,,,,,743,gold
2023,2602902,26,PE,Cabo de Santo Agostinho,55.12,,,,,,,743,gold
2023,2610301,26,PE,Paranatama,74.14,,,,,,,743,gold
2023,2610400,26,PE,Parnamirim,48.66,,,,,,,743,gold
2023,2616407,26,PE,Vitória de Santo Antão,46.09,,,,,,,743,gold
2023,2700607,27,AL,Barra de São Miguel,31.79,,,,,,,743,gold
2023,2701506,27,AL,Campo Grande,51.51,,,,,,,743,gold
2023,2701605,27,AL,Canapi,45.5,,,,,,,743,gold
2023,2702306,27,AL,Coruripe,94.13,,,,,,,743,gold
2023,2705101,27,AL,Matriz de Camaragibe,35.25,,,,,,,743,gold
2023,2800605,28,SE,Barra dos Coqueiros,24.92,,,,,,,743,gold
2023,2806602,28,SE,Santo Amaro das Brotas,33.33,,,,,,,743,gold
2023,2906600,29,BA,Candiba,46.72,,,,,,,743,gold
2023,2907202,29,BA,Casa Nova,13.13,,,,,,,743,gold
2023,2910107,29,BA,Dom Basílio,48.34,,,,,,,743,gold
2023,2911303,29,BA,Gentio do Ouro,45.07,,,,,,,743,gold
2023,2913903,29,BA,Ipiaú,33.64,,,,,,,743,gold
2023,2917334,29,BA,Iuiú,49.03,,,,,,,743,gold
2023,2919603,29,BA,Macajuba,18.56,,,,,,,743,gold
2023,2921054,29,BA,Matina,41.7,,,,,,,743,gold
2023,2923357,29,BA,Ourolândia,22.65,,,,,,,743,gold
2023,2933455,29,BA,Wanderley,54.03,,,,,,,743,gold
2023,3106655,31,MG,Berizal,68.3,,,,,,,743,gold
2023,3109808,31,MG,Cachoeira Dourada,80.57,,,,,,,743,gold
2023,3119708,31,MG,Coronel Xavier Chaves,72.49,,,,,,,743,gold
2023,3119807,31,MG,Córrego Danta,84.09,,,,,,,743,gold
2023,3123205,31,MG,Dores do Indaiá,65.78,,,,,,,743,gold
2023,3123528,31,MG,Durandé,62.74,,,,,,,743,gold
2023,3124906,31,MG,Eugenópolis,56.5,,,,,,,743,gold
2023,3144672,31,MG,Nova Belém,50.0,,,,,,,743,gold
2023,3148608,31,MG,Peçanha,80.49,,,,,,,743,gold
2023,3151008,31,MG,Piranguinho,69.35,,,,,,,743,gold
2023,3161304,31,MG,São Francisco de Sales,76.55,,,,,,,743,gold
2023,3165800,31,MG,Senador José Bento,35.71,,,,,,,743,gold
2023,3166204,31,MG,Senhora dos Remédios,97.12,,,,,,,743,gold
2023,3168705,31,MG,Timóteo,68.55,,,,,,,743,gold
2023,3169505,31,MG,Tumiritinga,45.36,,,,,,,743,gold
2023,3170529,31,MG,Urucuia,56.93,,,,,,,743,gold
2023,3301603,33,RJ,Duas Barras,57.85,,,,,,,743,gold
2023,3301876,33,RJ,Iguaba Grande,62.45,,,,,,,743,gold
2023,3525706,35,SP,José Bonifácio,63.46,,,,,,,743,gold
2023,4111803,41,PR,Jacarezinho,55.12,,,,,,,743,gold
2023,4112207,41,PR,Janiópolis,82.58,,,,,,,743,gold
2023,4112702,41,PR,Jataizinho,62.4,,,,,,,743,gold
2023,4113601,41,PR,Lobato,61.87,,,,,,,743,gold
2023,4119251,41,PR,Pinhal de São Bento,91.12,,,,,,,743,gold
2023,4120200,41,PR,Porto Rico,60.4,,,,,,,743,gold
2023,4125357,41,PR,São Jorge do Patrocínio,74.33,,,,,,,743,gold
2023,4126256,41,PR,Sarandi,57.98,,,,,,,743,gold
2023,4205209,42,SC,Erval Velho,56.49,,,,,,,743,gold
2023,4208609,42,SC,Jaborá,73.88,,,,,,,743,gold
2023,4209458,42,SC,Lajeado Grande,78.57,,,,,,,743,gold
2023,4217808,42,SC,Taió,78.61,,,,,,,743,gold
2023,4218806,42,SC,Turvo,65.19,,,,,,,743,gold
2023,4300059,43,RS,Água Santa,64.61,,,,,,,743,gold
2023,4303673,43,RS,Campestre da Serra,90.0,,,,,,,743,gold
2023,4304671,43,RS,Capivari do Sul,41.25,,,,,,,743,gold
2023,4313102,43,RS,Nova Palma,84.14,,,,,,,743,gold
2023,4313656,43,RS,Palmares do Sul,57.27,,,,,,,743,gold
2023,4315602,43,RS,Rio Grande,54.09,,,,,,,743,gold
2023,4317905,43,RS,Santo Cristo,76.67,,,,,,,743,gold
2023,4321808,43,RS,Três de Maio,74.21,,,,,,,743,gold
2023,4322152,43,RS,Tunas,79.92,,,,,,,743,gold
2023,5002704,50,MS,Campo Grande,41.36,,,,,,,743,gold
2023,5006200,50,MS,Nova Andradina,56.76,,,,,,,743,gold
2023,5101258,51,MT,Araputanga,48.48,,,,,,,743,gold
2023,5107206,51,MT,Rio Branco,48.15,,,,,,,743,gold
2023,5207600,52,GO,Fazenda Nova,96.67,,,,,,,743,gold
2023,5208004,52,GO,Formosa,63.28,,,,,,,743,gold
2023,5211602,52,GO,Ivolândia,80.84,,,,,,,743,gold
2023,5211701,52,GO,Jandaia,77.19,,,,,,,743,gold
2023,5214838,52,GO,Nova Crixás,64.36,,,,,,,743,gold
2023,5220207,52,GO,São Miguel do Araguaia,86.66,,,,,,,743,gold
2023,1100924,11,RO,Chupinguaia,80.72,,,,,,,743,gold
2023,1101468,11,RO,Pimenteiras do Oeste,54.77,,,,,,,743,gold
2023,1702000,17,TO,Araguaçu,44.49,,,,,,,743,gold
2023,1704105,17,TO,Centenário,23.33,,,,,,,743,gold
2023,1706100,17,TO,Cristalândia,46.85,,,,,,,743,gold
2023,1715002,17,TO,Nova Rosalândia,32.17,,,,,,,743,gold
2023,1715150,17,TO,Novo Alegre,71.67,,,,,,,743,gold
2023,1717503,17,TO,Pium,21.88,,,,,,,743,gold
2023,2100709,21,MA,Anajatuba,72.8,,,,,,,743,gold
2023,2101707,21,MA,Barreirinhas,50.35,,,,,,,743,gold
2023,2102036,21,MA,Bom Jesus das Selvas,63.61,,,,,,,743,gold
2023,2102606,21,MA,Cândido Mendes,61.61,,,,,,,743,gold
2023,2103257,21,MA,Cidelândia,66.44,,,,,,,743,gold
2023,2107803,21,MA,Parnarama,90.73,,,,,,,743,gold
2023,2108504,21,MA,Pindaré-Mirim,40.94,,,,,,,743,gold
2023,2111078,21,MA,São João do Soter,24.38,,,,,,,743,gold
2023,2204808,22,PI,Ipiranga do Piauí,85.43,,,,,,,743,gold
2023,2205300,22,PI,Jerumenha,26.32,,,,,,,743,gold
2023,2302206,23,CE,Beberibe,78.11,,,,,,,743,gold
2023,2304285,23,CE,Eusébio,92.64,,,,,,,743,gold
2023,2304806,23,CE,Granjeiro,94.87,,,,,,,743,gold
2023,2305100,23,CE,Guaramiranga,91.67,,,,,,,743,gold
2023,2309409,23,CE,Novo Oriente,98.75,,,,,,,743,gold
2023,2309805,23,CE,Pacoti,88.89,,,,,,,743,gold
2023,2404705,24,RN,Ipanguaçu,18.04,,,,,,,743,gold
2023,2412559,24,RN,São Miguel do Gostoso,33.46,,,,,,,743,gold
2023,2413805,24,RN,Taboleiro Grande,45.45,,,,,,,743,gold
2023,2505238,25,PB,Cuité de Mamanguape,10.33,,,,,,,743,gold
2023,2512408,25,PB,Puxinanã,75.57,,,,,,,743,gold
2023,2512507,25,PB,Queimadas,85.04,,,,,,,743,gold
2023,2514107,25,PB,São João do Tigre,36.73,,,,,,,743,gold
2023,2601003,26,PE,Angelim,62.05,,,,,,,743,gold
2023,2604502,26,PE,Chã Grande,55.33,,,,,,,743,gold
2023,2700300,27,AL,Arapiraca,39.44,,,,,,,743,gold
2023,2701704,27,AL,Capela,41.23,,,,,,,743,gold
2023,2704708,27,AL,Marechal Deodoro,40.6,,,,,,,743,gold
2023,2708808,27,AL,São Sebastião,36.66,,,,,,,743,gold
2023,2807105,28,SE,Simão Dias,35.18,,,,,,,743,gold
2023,2910404,29,BA,Encruzilhada,41.87,,,,,,,743,gold
2023,2912103,29,BA,Ibicaraí,34.21,,,,,,,743,gold
2023,2919900,29,BA,Macururé,4.65,,,,,,,743,gold
2023,2922904,29,BA,Nova Soure,22.14,,,,,,,743,gold
2023,2928208,29,BA,Santana,29.91,,,,,,,743,gold
2023,2933158,29,BA,Várzea Nova,32.8,,,,,,,743,gold
2023,3102308,31,MG,Alvinópolis,48.49,,,,,,,743,gold
2023,3103504,31,MG,Araguari,49.17,,,,,,,743,gold
2023,3109253,31,MG,Bugre,100.0,,,,,,,743,gold
2023,3113305,31,MG,Carangola,45.27,,,,,,,743,gold
2023,3120706,31,MG,Cruzeiro da Fortaleza,62.42,,,,,,,743,gold
2023,3124609,31,MG,Estrela Dalva,87.26,,,,,,,743,gold
2023,3127008,31,MG,Fronteira,52.87,,,,,,,743,gold
2023,3130705,31,MG,Indianópolis,43.12,,,,,,,743,gold
2023,3131307,31,MG,Ipatinga,66.94,,,,,,,743,gold
2023,3135803,31,MG,Jequitinhonha,54.11,,,,,,,743,gold
2023,3137007,31,MG,Ladainha,23.8,,,,,,,743,gold
2023,3140308,31,MG,Marliéria,61.76,,,,,,,743,gold
2023,3141306,31,MG,Medeiros,82.24,,,,,,,743,gold
2023,3142908,31,MG,Monte Azul,85.89,,,,,,,743,gold
2023,3143104,31,MG,Monte Carmelo,70.23,,,,,,,743,gold
2023,3145059,31,MG,Nova Porteirinha,41.56,,,,,,,743,gold
2023,3147907,31,MG,Passos,63.73,,,,,,,743,gold
2023,3148756,31,MG,Pedra Bonita,45.25,,,,,,,743,gold
2023,3149309,31,MG,Pedro Leopoldo,58.7,,,,,,,743,gold
2023,3154200,31,MG,Resende Costa,57.85,,,,,,,743,gold
2023,3168200,31,MG,Tapiraí,76.47,,,,,,,743,gold
2023,3170602,31,MG,Vargem Bonita,58.82,,,,,,,743,gold
2023,3203403,32,ES,Mimoso do Sul,68.04,,,,,,,743,gold
2023,3204955,32,ES,São Roque do Canaã,76.86,,,,,,,743,gold
2023,3300159,33,RJ,Aperibé,59.34,,,,,,,743,gold
2023,3302700,33,RJ,Maricá,56.64,,,,,,,743,gold
2023,3500303,35,SP,Aguaí,47.35,,,,,,,743,gold
2023,3520301,35,SP,Iguape,58.77,,,,,,,743,gold
2023,3529005,35,SP,Marília,58.79,,,,,,,743,gold
2023,3550308,35,SP,São Paulo,44.96,,,,,,,743,gold
2023,4101705,41,PR,Araruna,76.05,,,,,,,743,gold
2023,4102208,41,PR,Atalaia,91.91,,,,,,,743,gold
2023,4104501,41,PR,Capanema,78.46,,,,,,,743,gold
2023,4106605,41,PR,Cruzeiro do Oeste,74.06,,,,,,,743,gold
2023,4109658,41,PR,Honório Serpa,55.98,,,,,,,743,gold
2023,4120333,41,PR,Prado Ferreira,76.64,,,,,,,743,gold
2023,4121208,41,PR,Quitandinha,71.76,,,,,,,743,gold
2023,4125753,41,PR,São Pedro do Iguaçu,74.73,,,,,,,743,gold
2023,4127502,41,PR,Tibagi,77.76,,,,,,,743,gold
2023,4200804,42,SC,Anchieta,77.78,,,,,,,743,gold
2023,4202800,42,SC,Braço do Norte,56.97,,,,,,,743,gold
2023,4203253,42,SC,Capão Alto,83.55,,,,,,,743,gold
2023,4204350,42,SC,Cordilheira Alta,54.76,,,,,,,743,gold
2023,4204459,42,SC,Coronel Martins,73.68,,,,,,,743,gold
2023,4205605,42,SC,Galvão,80.83,,,,,,,743,gold
2023,4207403,42,SC,Imbuia,64.78,,,,,,,743,gold
2023,4210050,42,SC,Macieira,80.0,,,,,,,743,gold
2023,4211454,42,SC,Nova Itaberaba,67.4,,,,,,,743,gold
2023,4215356,42,SC,Saltinho,95.13,,,,,,,743,gold
2023,4305454,43,RS,Cidreira,47.53,,,,,,,743,gold
2023,4308854,43,RS,Gentil,94.44,,,,,,,743,gold
2023,4318499,43,RS,São José do Inhacorá,82.48,,,,,,,743,gold
2023,4320354,43,RS,Sentinela do Sul,73.81,,,,,,,743,gold
2023,5005202,50,MS,Ladário,25.17,,,,,,,743,gold
2023,5102504,51,MT,Cáceres,47.53,,,,,,,743,gold
2023,5107859,51,MT,São Félix do Araguaia,34.84,,,,,,,743,gold
2023,5200605,52,GO,Alto Paraíso de Goiás,82.88,,,,,,,743,gold
2023,5204250,52,GO,Cachoeira Dourada,72.51,,,,,,,743,gold
2023,5208608,52,GO,Goianésia,79.79,,,,,,,743,gold
2023,5214879,52,GO,Nova Iguaçu de Goiás,92.68,,,,,,,743,gold
2023,5218789,52,GO,Rio Quente,79.26,,,,,,,743,gold
2023,5219357,52,GO,Santa Isabel,79.49,,,,,,,743,gold
2023,1100130,11,RO,Machadinho D'Oeste,51.4,,,,,,,743,gold
2023,1100700,11,RO,Campo Novo de Rondônia,59.32,,,,,,,743,gold
2023,1101450,11,RO,Parecis,61.04,,,,,,,743,gold
2023,1101807,11,RO,Vale do Paraíso,55.69,,,,,,,743,gold
2023,1300144,13,AM,Apuí,62.57,,,,,,,743,gold
2023,1501501,15,PA,Benevides,61.08,,,,,,,743,gold
2023,1501782,15,PA,Breu Branco,31.24,,,,,,,743,gold
2023,1503705,15,PA,Itupiranga,42.67,,,,,,,743,gold
2023,1504307,15,PA,Maracanã,68.07,,,,,,,743,gold
2023,1505536,15,PA,Parauapebas,54.32,,,,,,,743,gold
2023,1700350,17,TO,Aliança do Tocantins,95.52,,,,,,,743,gold
2023,2100436,21,MA,Alto Alegre do Maranhão,70.23,,,,,,,743,gold
2023,2106201,21,MA,Luís Domingues,76.93,,,,,,,743,gold
2023,2202851,22,PI,Coronel José Dias,61.14,,,,,,,743,gold
2023,2205359,22,PI,João Costa,51.05,,,,,,,743,gold
2023,2206605,22,PI,Monte Alegre do Piauí,67.16,,,,,,,743,gold
2023,2208205,22,PI,Pio IX,35.27,,,,,,,743,gold
2023,2314003,23,CE,Várzea Alegre,95.17,,,,,,,743,gold
2023,2403806,24,RN,Florânia,33.89,,,,,,,743,gold
2023,2413607,24,RN,Severiano Melo,71.63,,,,,,,743,gold
2023,2503407,25,PB,Cacimba de Areia,63.89,,,,,,,743,gold
2023,2512036,25,PB,Poço Dantas,23.24,,,,,,,743,gold
2023,2514305,25,PB,São José de Caiana,48.19,,,,,,,743,gold
2023,2607208,26,PE,Ipojuca,68.37,,,,,,,743,gold
2023,2609808,26,PE,Orocó,45.91,,,,,,,743,gold
2023,2610509,26,PE,Passira,74.89,,,,,,,743,gold
2023,2614402,26,PE,Solidão,74.63,,,,,,,743,gold
2023,2701100,27,AL,Branquinha,76.44,,,,,,,743,gold
2023,2705408,27,AL,Monteirópolis,35.28,,,,,,,743,gold
2023,2705507,27,AL,Murici,53.15,,,,,,,743,gold
2023,2707206,27,AL,Poço das Trincheiras,33.38,,,,,,,743,gold
2023,2804805,28,SE,Nossa Senhora do Socorro,21.3,,,,,,,743,gold
2023,2904605,29,BA,Brumado,53.28,,,,,,,743,gold
2023,2906402,29,BA,Candeal,30.92,,,,,,,743,gold
2023,2919504,29,BA,Livramento de Nossa Senhora,38.43,,,,,,,743,gold
2023,2921609,29,BA,Morpará,31.78,,,,,,,743,gold
2023,2925956,29,BA,Rafael Jambeiro,48.41,,,,,,,743,gold
2023,2933505,29,BA,Wenceslau Guimarães,38.38,,,,,,,743,gold
2023,3108404,31,MG,Botelhos,71.52,,,,,,,743,gold
2023,3118809,31,MG,Coração de Jesus,76.22,,,,,,,743,gold
2023,3122355,31,MG,Divisa Alegre,50.93,,,,,,,743,gold
2023,3129657,31,MG,Ibiracatu,74.14,,,,,,,743,gold
2023,3130804,31,MG,Ingaí,52.26,,,,,,,743,gold
2023,3137700,31,MG,Lajinha,72.03,,,,,,,743,gold
2023,3138906,31,MG,Machacalis,62.01,,,,,,,743,gold
2023,3139508,31,MG,Manhumirim,68.6,,,,,,,743,gold
2023,3141900,31,MG,Minduri,51.89,,,,,,,743,gold
2023,3146701,31,MG,Palma,26.99,,,,,,,743,gold
2023,3149200,31,MG,Pedrinópolis,59.7,,,,,,,743,gold
2023,3157906,31,MG,Santa Margarida,71.98,,,,,,,743,gold
2023,3163102,31,MG,São José da Varginha,55.14,,,,,,,743,gold
2023,3165552,31,MG,Setubinha,42.9,,,,,,,743,gold
2023,3167707,31,MG,Sobrália,66.54,,,,,,,743,gold
2023,3170909,31,MG,Varzelândia,52.13,,,,,,,743,gold
2023,3202553,32,ES,Ibitirama,73.51,,,,,,,743,gold
2023,3205309,32,ES,Vitória,65.88,,,,,,,743,gold
2023,3300233,33,RJ,Armação dos Búzios,67.2,,,,,,,743,gold
2023,3509007,35,SP,Caieiras,44.74,,,,,,,743,gold
2023,3523107,35,SP,Itaquaquecetuba,42.63,,,,,,,743,gold
2023,4102703,41,PR,Barra do Jacaré,62.96,,,,,,,743,gold
2023,4115200,41,PR,Maringá,80.65,,,,,,,743,gold
2023,4117222,41,PR,Nova Santa Rosa,77.8,,,,,,,743,gold
2023,4120101,41,PR,Porto Amazonas,69.78,,,,,,,743,gold
2023,4121703,41,PR,Reserva,72.87,,,,,,,743,gold
2023,4126355,41,PR,Serranópolis do Iguaçu,100.0,,,,,,,743,gold
2023,4126504,41,PR,Sertanópolis,66.76,,,,,,,743,gold
2023,4202537,42,SC,Bom Jesus,64.67,,,,,,,743,gold
2023,4204509,42,SC,Corupá,61.16,,,,,,,743,gold
2023,4215653,42,SC,Santa Rosa do Sul,57.51,,,,,,,743,gold
2023,4300554,43,RS,Alto Alegre,61.54,,,,,,,743,gold
2023,4301701,43,RS,Barão de Cotegipe,87.96,,,,,,,743,gold
2023,4306429,43,RS,Dois Irmãos das Missões,78.57,,,,,,,743,gold
2023,4306932,43,RS,Entre-Ijuís,42.96,,,,,,,743,gold
2023,4307500,43,RS,Espumoso,69.18,,,,,,,743,gold
2023,4307807,43,RS,Estrela,65.36,,,,,,,743,gold
2023,4310652,43,RS,Itati,49.89,,,,,,,743,gold
2023,4311502,43,RS,Lavras do Sul,57.89,,,,,,,743,gold
2023,4315008,43,RS,Porto Lucena,74.94,,,,,,,743,gold
2023,4315800,43,RS,Roca Sales,75.61,,,,,,,743,gold
2023,4319406,43,RS,São Pedro do Sul,80.9,,,,,,,743,gold
2023,4322525,43,RS,Vale Verde,85.54,,,,,,,743,gold
2023,5100201,51,MT,Água Boa,59.1,,,,,,,743,gold
2023,5105606,51,MT,Matupá,65.6,,,,,,,743,gold
2023,5106208,51,MT,Nova Brasilândia,55.65,,,,,,,743,gold
2023,5200134,52,GO,Acreúna,58.49,,,,,,,743,gold
2023,5200159,52,GO,Adelândia,80.95,,,,,,,743,gold
2023,5201504,52,GO,Aporé,61.96,,,,,,,743,gold
2023,5205208,52,GO,Caturaí,68.4,,,,,,,743,gold
2023,5210562,52,GO,Itaguari,85.79,,,,,,,743,gold
2023,1100155,11,RO,Ouro Preto do Oeste,72.39,,,,,,,743,gold
2023,1101401,11,RO,Monte Negro,72.19,,,,,,,743,gold
2023,1303007,13,AM,Nhamundá,68.0,,,,,,,743,gold
2023,1304203,13,AM,Tefé,48.45,,,,,,,743,gold
2023,1502806,15,PA,Curralinho,25.06,,,,,,,743,gold
2023,1504604,15,PA,Mocajuba,31.97,,,,,,,743,gold
2023,1505494,15,PA,Palestina do Pará,33.8,,,,,,,743,gold
2023,1716208,17,TO,Paranã,42.28,,,,,,,743,gold
2023,1718865,17,TO,Santa Fé do Araguaia,16.67,,,,,,,743,gold
2023,1720150,17,TO,São Félix do Tocantins,83.33,,,,,,,743,gold
2023,2103406,21,MA,Coelho Neto,60.53,,,,,,,743,gold
2023,2108108,21,MA,Paulo Ramos,76.26,,,,,,,743,gold
2023,2111300,21,MA,São Luís,47.83,,,,,,,743,gold
2023,2200301,22,PI,Alto Longá,90.92,,,,,,,743,gold
2023,2207405,22,PI,Palmeira do Piauí,70.83,,,,,,,743,gold
2023,2208700,22,PI,Redenção do Gurguéia,99.0,,,,,,,743,gold
2023,2210508,22,PI,São Pedro do Piauí,49.25,,,,,,,743,gold
2023,2211357,22,PI,Várzea Branca,25.97,,,,,,,743,gold
2023,2301208,23,CE,Aracoiaba,87.25,,,,,,,743,gold
2023,2312809,23,CE,Senador Sá,99.07,,,,,,,743,gold
2023,2403608,24,RN,Extremoz,49.69,,,,,,,743,gold
2023,2409308,24,RN,Patu,30.47,,,,,,,743,gold
2023,2500809,25,PB,Araçagi,64.03,,,,,,,743,gold
2023,2500908,25,PB,Arara,35.35,,,,,,,743,gold
2023,2502607,25,PB,Igaracy,28.96,,,,,,,743,gold
2023,2502904,25,PB,Brejo dos Santos,45.49,,,,,,,743,gold
2023,2505501,25,PB,Vista Serrana,44.1,,,,,,,743,gold
2023,2511103,25,PB,Pedra Lavrada,75.61,,,,,,,743,gold
2023,2700201,27,AL,Anadia,53.44,,,,,,,743,gold
2023,2707107,27,AL,Piranhas,24.74,,,,,,,743,gold
2023,2800407,28,SE,Arauá,31.03,,,,,,,743,gold
2023,2802106,28,SE,Estância,33.96,,,,,,,743,gold
2023,2807402,28,SE,Tobias Barreto,42.39,,,,,,,743,gold
2023,2906105,29,BA,Canápolis,37.3,,,,,,,743,gold
2023,2916005,29,BA,Itanhém,57.15,,,,,,,743,gold
2023,2918209,29,BA,Jiquiriçá,42.04,,,,,,,743,gold
2023,2921500,29,BA,Monte Santo,30.9,,,,,,,743,gold
2023,2925253,29,BA,Ponto Novo,23.17,,,,,,,743,gold
2023,2929750,29,BA,Saubara,43.18,,,,,,,743,gold
2023,2931509,29,BA,Teofilândia,28.06,,,,,,,743,gold
2023,2932200,29,BA,Ubaitaba,29.79,,,,,,,743,gold
2023,2933604,29,BA,Xique-Xique,31.02,,,,,,,743,gold
2023,3104304,31,MG,Areado,70.75,,,,,,,743,gold
2023,3104452,31,MG,Aricanduva,52.49,,,,,,,743,gold
2023,3109600,31,MG,Cachoeira da Prata,52.4,,,,,,,743,gold
2023,3110905,31,MG,Campanha,41.96,,,,,,,743,gold
2023,3115805,31,MG,Centralina,82.74,,,,,,,743,gold
2023,3116209,31,MG,Chiador,77.53,,,,,,,743,gold
2023,3118601,31,MG,Contagem,54.99,,,,,,,743,gold
2023,3122900,31,MG,Dona Eusébia,47.11,,,,,,,743,gold
2023,3127370,31,MG,Goiabeira,67.76,,,,,,,743,gold
2023,3133709,31,MG,Itatiaiuçu,72.09,,,,,,,743,gold
2023,3135407,31,MG,Jeceaba,67.57,,,,,,,743,gold
2023,3135456,31,MG,Jenipapo de Minas,63.69,,,,,,,743,gold
2023,3148707,31,MG,Pedra Azul,57.01,,,,,,,743,gold
2023,3149952,31,MG,Periquito,45.31,,,,,,,743,gold
2023,3150208,31,MG,Piedade de Ponte Nova,35.21,,,,,,,743,gold
2023,3158201,31,MG,Santa Maria do Suaçuí,74.18,,,,,,,743,gold
2023,3162658,31,MG,São João do Pacuí,74.18,,,,,,,743,gold
2023,3205069,32,ES,Venda Nova do Imigrante,83.84,,,,,,,743,gold
2023,3303104,33,RJ,Natividade,60.3,,,,,,,743,gold
2023,3303807,33,RJ,Paraty,50.72,,,,,,,743,gold
2023,3304607,33,RJ,Santa Maria Madalena,64.53,,,,,,,743,gold
2023,3545209,35,SP,Salto,57.56,,,,,,,743,gold
2023,4108809,41,PR,Guaíra,63.23,,,,,,,743,gold
2023,4110508,41,PR,Ipiranga,88.2,,,,,,,743,gold
2023,4111704,41,PR,Jaboti,82.7,,,,,,,743,gold
2023,4120804,41,PR,Quatro Barras,66.78,,,,,,,743,gold
2023,4123709,41,PR,Santa Isabel do Ivaí,84.22,,,,,,,743,gold
2023,4201950,42,SC,Balneário Arroio do Silva,43.72,,,,,,,743,gold
2023,4202438,42,SC,Bocaina do Sul,39.12,,,,,,,743,gold
2023,4207858,42,SC,Irati,92.86,,,,,,,743,gold
2023,4213153,42,SC,Planalto Alegre,79.57,,,,,,,743,gold
2023,4215901,42,SC,São Bonifácio,85.0,,,,,,,743,gold
2023,4306700,43,RS,Dona Francisca,73.46,,,,,,,743,gold
2023,4306734,43,RS,Doutor Maurício Cardoso,76.88,,,,,,,743,gold
2023,4309209,43,RS,Gravataí,62.99,,,,,,,743,gold
2023,4309571,43,RS,Herveiras,65.44,,,,,,,743,gold
2023,4310439,43,RS,Ipê,82.22,,,,,,,743,gold
2023,4311270,43,RS,Lagoa dos Três Cantos,61.9,,,,,,,743,gold
2023,4312500,43,RS,Mostardas,49.68,,,,,,,743,gold
2023,4313953,43,RS,Pantano Grande,75.3,,,,,,,743,gold
2023,4314803,43,RS,Portão,56.04,,,,,,,743,gold
2023,4316501,43,RS,Salvador do Sul,88.12,,,,,,,743,gold
2023,4317301,43,RS,Santa Vitória do Palmar,53.75,,,,,,,743,gold
2023,4319125,43,RS,São Martinho da Serra,66.45,,,,,,,743,gold
2023,4321006,43,RS,Tapera,75.82,,,,,,,743,gold
2023,5003801,50,MS,Fátima do Sul,60.8,,,,,,,743,gold
2023,5103379,51,MT,Cotriguaçu,58.35,,,,,,,743,gold
2023,5105150,51,MT,Juína,44.98,,,,,,,743,gold
2023,5106828,51,MT,Porto Esperidião,43.95,,,,,,,743,gold
2023,5203500,52,GO,Bom Jesus de Goiás,75.75,,,,,,,743,gold
2023,5203559,52,GO,Bonfinópolis,58.03,,,,,,,743,gold
2023,5210000,52,GO,Inhumas,81.28,,,,,,,743,gold
2023,5215009,52,GO,Nova Veneza,86.43,,,,,,,743,gold
2023,5219506,52,GO,Santa Rosa de Goiás,80.22,,,,,,,743,gold
2023,1300631,13,AM,Beruri,90.96,,,,,,,743,gold
2023,1303569,13,AM,Rio Preto da Eva,35.31,,,,,,,743,gold
2023,1303601,13,AM,Santa Isabel do Rio Negro,30.62,,,,,,,743,gold
2023,1303700,13,AM,Santo Antônio do Içá,62.8,,,,,,,743,gold
2023,1502905,15,PA,Curuçá,30.81,,,,,,,743,gold
2023,1504950,15,PA,Nova Esperança do Piriá,35.64,,,,,,,743,gold
2023,1703826,17,TO,Cachoeirinha,27.54,,,,,,,743,gold
2023,1712504,17,TO,Marianópolis do Tocantins,24.15,,,,,,,743,gold
2023,2100204,21,MA,Alcântara,73.46,,,,,,,743,gold
2023,2101806,21,MA,Benedito Leite,56.0,,,,,,,743,gold
2023,2104800,21,MA,Grajaú,42.36,,,,,,,743,gold
2023,2109403,21,MA,Primeira Cruz,75.54,,,,,,,743,gold
2023,2109551,21,MA,Ribamar Fiquene,54.24,,,,,,,743,gold
2023,2111573,21,MA,São Pedro dos Crentes,40.27,,,,,,,743,gold
2023,2200103,22,PI,Agricolândia,32.61,,,,,,,743,gold
2023,2201101,22,PI,Avelino Lopes,40.98,,,,,,,743,gold
2023,2202133,22,PI,Campo Grande do Piauí,85.6,,,,,,,743,gold
2023,2203255,22,PI,Curralinhos,32.63,,,,,,,743,gold
2023,2204352,22,PI,Geminiano,19.5,,,,,,,743,gold
2023,2206100,22,PI,Matias Olímpio,24.43,,,,,,,743,gold
2023,2209377,22,PI,Santa Rosa do Piauí,61.02,,,,,,,743,gold
2023,2209450,22,PI,Santo Antônio dos Milagres,96.15,,,,,,,743,gold
2023,2302800,23,CE,Canindé,96.87,,,,,,,743,gold
2023,2304004,23,CE,Coreaú,100.0,,,,,,,743,gold
2023,2307106,23,CE,Jardim,77.88,,,,,,,743,gold
2023,2309904,23,CE,Pacujá,97.88,,,,,,,743,gold
2023,2313955,23,CE,Varjota,99.57,,,,,,,743,gold
2023,2400208,24,RN,Açu,41.81,,,,,,,743,gold
2023,2401602,24,RN,Bento Fernandes,14.89,,,,,,,743,gold
2023,2402303,24,RN,Caraúbas,26.21,,,,,,,743,gold
2023,2402709,24,RN,Cerro Corá,60.42,,,,,,,743,gold
2023,2406106,24,RN,Jucurutu,28.69,,,,,,,743,gold
2023,2412302,24,RN,São José do Campestre,29.87,,,,,,,743,gold
2023,2505352,25,PB,Damião,37.73,,,,,,,743,gold
2023,2512788,25,PB,Riacho de Santo Antônio,78.57,,,,,,,743,gold
2023,2513943,25,PB,São Domingos do Cariri,95.45,,,,,,,743,gold
2023,2515609,25,PB,Serra da Raiz,17.39,,,,,,,743,gold
2023,2612307,26,PE,Saloá,58.09,,,,,,,743,gold
2023,2904100,29,BA,Boquira,39.47,,,,,,,743,gold
2023,2905206,29,BA,Caetité,49.15,,,,,,,743,gold
2023,2907004,29,BA,Cardeal da Silva,26.67,,,,,,,743,gold
2023,2910800,29,BA,Feira de Santana,31.96,,,,,,,743,gold
2023,2911808,29,BA,Guaratinga,22.69,,,,,,,743,gold
2023,2924504,29,BA,Pindaí,71.04,,,,,,,743,gold
2023,2925501,29,BA,Prado,36.16,,,,,,,743,gold
2023,2933059,29,BA,Várzea da Roça,32.58,,,,,,,743,gold
2023,3101904,31,MG,Alpinópolis,42.26,,,,,,,743,gold
2023,3109501,31,MG,Cabo Verde,71.99,,,,,,,743,gold
2023,3125309,31,MG,Faria Lemos,14.74,,,,,,,743,gold
2023,3127602,31,MG,Gouveia,74.24,,,,,,,743,gold
2023,3128105,31,MG,Guapé,58.55,,,,,,,743,gold
2023,3141702,31,MG,Mesquita,53.17,,,,,,,743,gold
2023,3142007,31,MG,Mirabela,63.94,,,,,,,743,gold
2023,3142254,31,MG,Miravânia,44.91,,,,,,,743,gold
2023,3146552,31,MG,Pai Pedro,62.52,,,,,,,743,gold
2023,3148509,31,MG,Pavão,85.08,,,,,,,743,gold
2023,3149002,31,MG,Pedra Dourada,53.74,,,,,,,743,gold
2023,3159902,31,MG,Santo Antônio do Amparo,83.75,,,,,,,743,gold
2023,3160009,31,MG,Santo Antônio do Aventureiro,80.0,,,,,,,743,gold
2023,3165503,31,MG,Sardoá,45.8,,,,,,,743,gold
2023,3300803,33,RJ,Cachoeiras de Macacu,50.58,,,,,,,743,gold
2023,3300902,33,RJ,Cambuci,69.0,,,,,,,743,gold
2023,3305752,33,RJ,Tanguá,55.41,,,,,,,743,gold
2023,3306206,33,RJ,Vassouras,65.42,,,,,,,743,gold
2023,4101002,41,PR,Ampére,65.51,,,,,,,743,gold
2023,4102802,41,PR,Bela Vista do Paraíso,61.05,,,,,,,743,gold
2023,4114351,41,PR,Manfrinópolis,91.01,,,,,,,743,gold
2023,4116703,41,PR,Nova Aurora,82.25,,,,,,,743,gold
2023,4124608,41,PR,São Carlos do Ivaí,78.29,,,,,,,743,gold
2023,4126702,41,PR,Tamboara,47.6,,,,,,,743,gold
2023,4205100,42,SC,Dona Emma,86.17,,,,,,,743,gold
2023,4205357,42,SC,Flor do Sertão,81.41,,,,,,,743,gold
2023,4206207,42,SC,Gravatal,54.05,,,,,,,743,gold
2023,4209151,42,SC,José Boiteux,37.11,,,,,,,743,gold
2023,4211751,42,SC,Otacílio Costa,53.18,,,,,,,743,gold
2023,4217105,42,SC,São Martinho,68.21,,,,,,,743,gold
2023,4302220,43,RS,Boa Vista do Cadeado,71.42,,,,,,,743,gold
2023,4304853,43,RS,Carlos Gomes,54.55,,,,,,,743,gold
2023,4310876,43,RS,Jacuizinho,51.39,,,,,,,743,gold
2023,4319372,43,RS,São Pedro do Butiá,82.14,,,,,,,743,gold
2023,4320701,43,RS,Sobradinho,79.55,,,,,,,743,gold
2023,4321857,43,RS,Três Palmeiras,79.88,,,,,,,743,gold
2023,4322251,43,RS,Tupandi,81.98,,,,,,,743,gold
2023,5007208,50,MS,Rio Brilhante,40.18,,,,,,,743,gold
2023,5007307,50,MS,Rio Negro,53.09,,,,,,,743,gold
2023,5107248,51,MT,Santa Carmem,71.5,,,,,,,743,gold
2023,5200506,52,GO,Aloândia,94.15,,,,,,,743,gold
2023,5204201,52,GO,Cachoeira de Goiás,65.0,,,,,,,743,gold
2023,5204904,52,GO,Campos Belos,65.21,,,,,,,743,gold
2023,5207535,52,GO,Faina,73.62,,,,,,,743,gold
2023,5218052,52,GO,Porteirão,83.88,,,,,,,743,gold
2023,5219258,52,GO,Santa Fé de Goiás,76.89,,,,,,,743,gold
2023,1101104,11,RO,Itapuã do Oeste,98.79,,,,,,,743,gold
2023,1500859,15,PA,Anapu,48.76,,,,,,,743,gold
2023,1502509,15,PA,Chaves,44.8,,,,,,,743,gold
2023,1504752,15,PA,Mojuí dos Campos,55.19,,,,,,,743,gold
2023,1506351,15,PA,Santa Bárbara do Pará,37.63,,,,,,,743,gold
2023,1706258,17,TO,Crixás do Tocantins,29.03,,,,,,,743,gold
2023,1712009,17,TO,Lajeado,40.45,,,,,,,743,gold
2023,1721257,17,TO,Tupirama,36.36,,,,,,,743,gold
2023,2103554,21,MA,Conceição do Lago-Açu,43.89,,,,,,,743,gold
2023,2104305,21,MA,Godofredo Viana,82.97,,,,,,,743,gold
2023,2105609,21,MA,Joselândia,54.55,,,,,,,743,gold
2023,2105906,21,MA,Lago Verde,62.12,,,,,,,743,gold
2023,2105948,21,MA,Lago dos Rodrigues,88.14,,,,,,,743,gold
2023,2110104,21,MA,Santa Quitéria do Maranhão,89.14,,,,,,,743,gold
2023,2111102,21,MA,São João dos Patos,53.56,,,,,,,743,gold
2023,2202505,22,PI,Caracol,60.97,,,,,,,743,gold
2023,2202711,22,PI,Cocal de Telha,67.54,,,,,,,743,gold
2023,2202778,22,PI,Colônia do Piauí,59.89,,,,,,,743,gold
2023,2206704,22,PI,Nazaré do Piauí,46.93,,,,,,,743,gold
2023,2207207,22,PI,Padre Marcos,86.44,,,,,,,743,gold
2023,2300150,23,CE,Acarape,78.14,,,,,,,743,gold
2023,2304509,23,CE,Frecheirinha,99.67,,,,,,,743,gold
2023,2304707,23,CE,Granja,93.26,,,,,,,743,gold
2023,2306603,23,CE,Itatira,99.62,,,,,,,743,gold
2023,2306801,23,CE,Jaguaribara,89.41,,,,,,,743,gold
2023,2307650,23,CE,Maracanaú,82.5,,,,,,,743,gold
2023,2307809,23,CE,Marco,94.18,,,,,,,743,gold
2023,2308609,23,CE,Monsenhor Tabosa,96.7,,,,,,,743,gold
2023,2313302,23,CE,Tauá,87.18,,,,,,,743,gold
2023,2314102,23,CE,Viçosa do Ceará,88.59,,,,,,,743,gold
2023,2405009,24,RN,Jaçanã,48.62,,,,,,,743,gold
2023,2407609,24,RN,Messias Targino,17.11,,,,,,,743,gold
2023,2415008,24,RN,Vila Flor,19.38,,,,,,,743,gold
2023,2506707,25,PB,Imaculada,63.13,,,,,,,743,gold
2023,2507309,25,PB,Jacaraú,34.78,,,,,,,743,gold
2023,2507507,25,PB,João Pessoa,48.38,,,,,,,743,gold
2023,2512903,25,PB,Rio Tinto,72.16,,,,,,,743,gold
2023,2513653,25,PB,Joca Claudino,39.7,,,,,,,743,gold
2023,2601607,26,PE,Belém do São Francisco,51.55,,,,,,,743,gold
2023,2607000,26,PE,Inajá,54.35,,,,,,,743,gold
2023,2607653,26,PE,Itambé,48.56,,,,,,,743,gold
2023,2611533,26,PE,Quixaba,80.26,,,,,,,743,gold
2023,2700805,27,AL,Belém,55.08,,,,,,,743,gold
2023,2701209,27,AL,Cacimbinhas,30.55,,,,,,,743,gold
2023,2706307,27,AL,Palmeira dos Índios,31.61,,,,,,,743,gold
2023,2706604,27,AL,Paulo Jacinto,37.1,,,,,,,743,gold
2023,2708402,27,AL,São José da Tapera,49.03,,,,,,,743,gold
2023,2708501,27,AL,São Luís do Quitunde,39.59,,,,,,,743,gold
2023,2709004,27,AL,Tanque d'Arca,42.05,,,,,,,743,gold
2023,2801009,28,SE,Campo do Brito,38.89,,,,,,,743,gold
2023,2803104,28,SE,Itabi,19.35,,,,,,,743,gold
2023,2908408,29,BA,Conceição do Coité,28.58,,,,,,,743,gold
2023,2917706,29,BA,Jaguarari,30.56,,,,,,,743,gold
2023,2917805,29,BA,Jaguaripe,25.85,,,,,,,743,gold
2023,2921708,29,BA,Morro do Chapéu,36.21,,,,,,,743,gold
2023,2924678,29,BA,Piraí do Norte,47.67,,,,,,,743,gold
2023,2925808,29,BA,Queimadas,27.35,,,,,,,743,gold
2023,2930402,29,BA,Serra Preta,31.84,,,,,,,743,gold
2023,2931103,29,BA,Tanquinho,18.93,,,,,,,743,gold
2023,2931707,29,BA,Terra Nova,23.25,,,,,,,743,gold
2023,2932903,29,BA,Valença,31.04,,,,,,,743,gold
2023,3106408,31,MG,Belo Vale,93.05,,,,,,,743,gold
2023,3108305,31,MG,Borda da Mata,69.5,,,,,,,743,gold
2023,3119401,31,MG,Coronel Fabriciano,47.39,,,,,,,743,gold
2023,3125804,31,MG,Fernandes Tourinho,63.45,,,,,,,743,gold
2023,3125903,31,MG,Ferros,86.46,,,,,,,743,gold
2023,3126000,31,MG,Florestal,57.15,,,,,,,743,gold
2023,3128501,31,MG,Guarará,88.16,,,,,,,743,gold
2023,3132305,31,MG,Itaipé,63.67,,,,,,,743,gold
2023,3133758,31,MG,Itaú de Minas,74.33,,,,,,,743,gold
2023,3135076,31,MG,Jampruca,51.85,,,,,,,743,gold
2023,3136306,31,MG,João Pinheiro,66.98,,,,,,,743,gold
2023,3137809,31,MG,Lambari,68.51,,,,,,,743,gold
2023,3138401,31,MG,Leopoldina,57.05,,,,,,,743,gold
2023,3138674,31,MG,Luisburgo,81.62,,,,,,,743,gold
2023,3138807,31,MG,Luz,61.76,,,,,,,743,gold
2023,3152131,31,MG,Ponto Chique,61.32,,,,,,,743,gold
2023,3162500,31,MG,São João del Rei,60.89,,,,,,,743,gold
2023,3163508,31,MG,São José do Jacuri,55.27,,,,,,,743,gold
2023,3163607,31,MG,São José do Mantimento,47.74,,,,,,,743,gold
2023,3167608,31,MG,Simonésia,74.09,,,,,,,743,gold
2023,3200508,32,ES,Apiacá,58.4,,,,,,,743,gold
2023,3201308,32,ES,Cariacica,57.19,,,,,,,743,gold
2023,3203056,32,ES,Jaguaré,72.19,,,,,,,743,gold
2023,3203205,32,ES,Linhares,63.76,,,,,,,743,gold
2023,3302502,33,RJ,Magé,46.26,,,,,,,743,gold
2023,3303955,33,RJ,Pinheiral,51.35,,,,,,,743,gold
2023,3502705,35,SP,Apiaí,61.39,,,,,,,743,gold
2023,3515004,35,SP,Embu das Artes,38.07,,,,,,,743,gold
2023,4103024,41,PR,Boa Esperança do Iguaçu,75.0,,,,,,,743,gold
2023,4113429,41,PR,Lidianópolis,92.58,,,,,,,743,gold
2023,4115101,41,PR,Mariluz,62.44,,,,,,,743,gold
2023,4117602,41,PR,Palmas,55.66,,,,,,,743,gold
2023,4118204,41,PR,Paranaguá,61.91,,,,,,,743,gold
2023,4205159,42,SC,Doutor Pedrinho,52.09,,,,,,,743,gold
2023,4216057,42,SC,São Cristovão do Sul,57.13,,,,,,,743,gold
2023,4303400,43,RS,Caiçara,78.22,,,,,,,743,gold
2023,4304101,43,RS,Campos Borges,45.66,,,,,,,743,gold
2023,4306502,43,RS,Dom Feliciano,63.58,,,,,,,743,gold
2023,4308300,43,RS,Fontoura Xavier,63.06,,,,,,,743,gold
2023,4309951,43,RS,Ibirapuitã,62.74,,,,,,,743,gold
2023,4311130,43,RS,Jari,61.2,,,,,,,743,gold
2023,4311734,43,RS,Mampituba,66.23,,,,,,,743,gold
2023,4312005,43,RS,Mariano Moro,94.12,,,,,,,743,gold
2023,4312153,43,RS,Mato Leitão,86.51,,,,,,,743,gold
2023,4313466,43,RS,Novo Xingu,95.45,,,,,,,743,gold
2023,4319364,43,RS,São Pedro das Missões,90.0,,,,,,,743,gold
2023,4322533,43,RS,Vale do Sol,74.36,,,,,,,743,gold
2023,5102637,51,MT,Campo Novo do Parecis,60.75,,,,,,,743,gold
2023,5104526,51,MT,Ipiranga do Norte,61.83,,,,,,,743,gold
2023,5108303,51,MT,União do Sul,60.38,,,,,,,743,gold
2023,5203906,52,GO,Buriti Alegre,69.02,,,,,,,743,gold
2023,5206503,52,GO,Cromínia,55.88,,,,,,,743,gold
2023,5211503,52,GO,Itumbiara,69.78,,,,,,,743,gold
2023,5216908,52,GO,Pilar de Goiás,96.02,,,,,,,743,gold
2023,1707405,17,TO,Esperantina,40.82,,,,,,,743,gold
2023,1707652,17,TO,Figueirópolis,62.36,,,,,,,743,gold
2023,2110278,21,MA,Santo Amaro do Maranhão,33.31,,,,,,,743,gold
2023,2110500,21,MA,São Bento,93.75,,,,,,,743,gold
2023,2111508,21,MA,São Mateus do Maranhão,64.56,,,,,,,743,gold
2023,2203404,22,PI,Dom Expedito Lopes,77.13,,,,,,,743,gold
2023,2203602,22,PI,Eliseu Martins,82.88,,,,,,,743,gold
2023,2204204,22,PI,Francisco Santos,43.94,,,,,,,743,gold
2023,2209104,22,PI,Santa Cruz do Piauí,95.61,,,,,,,743,gold
2023,2211001,22,PI,Teresina,48.21,,,,,,,743,gold
2023,2211506,22,PI,Vera Mendes,94.44,,,,,,,743,gold
2023,2304103,23,CE,Crateús,97.08,,,,,,,743,gold
2023,2304459,23,CE,Fortim,97.52,,,,,,,743,gold
2023,2307304,23,CE,Juazeiro do Norte,60.56,,,,,,,743,gold
2023,2309201,23,CE,Nova Olinda,100.0,,,,,,,743,gold
2023,2411007,24,RN,Rodolfo Fernandes,25.25,,,,,,,743,gold
2023,2411502,24,RN,Santo Antônio,67.11,,,,,,,743,gold
2023,2412401,24,RN,São José do Seridó,36.3,,,,,,,743,gold
2023,2504074,25,PB,Caraúbas,48.41,,,,,,,743,gold
2023,2504504,25,PB,Condado,56.24,,,,,,,743,gold
2023,2505204,25,PB,Cuitegi,29.25,,,,,,,743,gold
2023,2510808,25,PB,Patos,43.61,,,,,,,743,gold
2023,2512705,25,PB,Remígio,58.76,,,,,,,743,gold
2023,2515005,25,PB,São Miguel de Taipu,10.07,,,,,,,743,gold
2023,2516805,25,PB,Triunfo,50.08,,,,,,,743,gold
2023,2615805,26,PE,Tupanatinga,68.57,,,,,,,743,gold
2023,2804508,28,SE,Nossa Senhora da Glória,31.86,,,,,,,743,gold
2023,2806404,28,SE,Santana do São Francisco,28.89,,,,,,,743,gold
2023,2904852,29,BA,Cabaceiras do Paraguaçu,28.03,,,,,,,743,gold
2023,2919306,29,BA,Lençóis,36.17,,,,,,,743,gold
2023,2924058,29,BA,Pé de Serra,37.89,,,,,,,743,gold
2023,3101508,31,MG,Além Paraíba,68.94,,,,,,,743,gold
2023,3102100,31,MG,Alto Rio Doce,83.05,,,,,,,743,gold
2023,3103603,31,MG,Arantina,75.0,,,,,,,743,gold
2023,3105103,31,MG,Bambuí,65.95,,,,,,,743,gold
2023,3108602,31,MG,Brasília de Minas,74.46,,,,,,,743,gold
2023,3109303,31,MG,Buritis,51.37,,,,,,,743,gold
2023,3116308,31,MG,Cipotânea,77.76,,,,,,,743,gold
2023,3117876,31,MG,Confins,52.52,,,,,,,743,gold
2023,3118205,31,MG,Conquista,68.73,,,,,,,743,gold
2023,3120300,31,MG,Cristália,26.36,,,,,,,743,gold
2023,3121704,31,MG,Diogo de Vasconcelos,78.42,,,,,,,743,gold
2023,3140704,31,MG,Mateus Leme,56.77,,,,,,,743,gold
2023,3143708,31,MG,Morro do Pilar,69.29,,,,,,,743,gold
2023,3145802,31,MG,Onça de Pitangui,42.86,,,,,,,743,gold
2023,3146255,31,MG,Padre Carvalho,56.89,,,,,,,743,gold
2023,3168606,31,MG,Teófilo Otoni,52.62,,,,,,,743,gold
2023,3171808,31,MG,Virginópolis,44.13,,,,,,,743,gold
2023,3200300,32,ES,Alfredo Chaves,74.51,,,,,,,743,gold
2023,3200805,32,ES,Baixo Guandu,68.83,,,,,,,743,gold
2023,3201506,32,ES,Colatina,74.65,,,,,,,743,gold
2023,3202405,32,ES,Guarapari,71.81,,,,,,,743,gold
2023,3300506,33,RJ,Bom Jardim,50.43,,,,,,,743,gold
2023,3303609,33,RJ,Paracambi,64.31,,,,,,,743,gold
2023,3306107,33,RJ,Valença,58.36,,,,,,,743,gold
2023,3518701,35,SP,Guarujá,45.93,,,,,,,743,gold
2023,4100509,41,PR,Altônia,70.4,,,,,,,743,gold
2023,4103909,41,PR,Campina da Lagoa,80.15,,,,,,,743,gold
2023,4106407,41,PR,Cornélio Procópio,76.78,,,,,,,743,gold
2023,4108320,41,PR,Francisco Alves,68.71,,,,,,,743,gold
2023,4108452,41,PR,Foz do Jordão,83.19,,,,,,,743,gold
2023,4113106,41,PR,Kaloré,83.41,,,,,,,743,gold
2023,4120705,41,PR,Quatiguá,91.58,,,,,,,743,gold
2023,4123857,41,PR,Santa Maria do Oeste,76.25,,,,,,,743,gold
2023,4124400,41,PR,Santo Antônio do Sudoeste,79.51,,,,,,,743,gold
2023,4124707,41,PR,São Jerônimo da Serra,81.2,,,,,,,743,gold
2023,4127700,41,PR,Toledo,79.58,,,,,,,743,gold
2023,4200705,42,SC,Alfredo Wagner,53.35,,,,,,,743,gold
2023,4202404,42,SC,Blumenau,62.61,,,,,,,743,gold
2023,4203303,42,SC,Campo Alegre,66.48,,,,,,,743,gold
2023,4210704,42,SC,Matos Costa,70.5,,,,,,,743,gold
2023,4212205,42,SC,Papanduva,67.68,,,,,,,743,gold
2023,4214300,42,SC,Rancho Queimado,74.5,,,,,,,743,gold
2023,4310504,43,RS,Iraí,76.37,,,,,,,743,gold
2023,4314472,43,RS,Pinhal Grande,63.64,,,,,,,743,gold
2023,4315404,43,RS,Redentora,79.65,,,,,,,743,gold
2023,4315750,43,RS,Riozinho,79.18,,,,,,,743,gold
2023,4318101,43,RS,São Francisco de Assis,65.56,,,,,,,743,gold
2023,4318705,43,RS,São Leopoldo,56.43,,,,,,,743,gold
2023,4321667,43,RS,Três Cachoeiras,86.1,,,,,,,743,gold
2023,4323101,43,RS,Vicente Dutra,72.28,,,,,,,743,gold
2023,5101407,51,MT,Aripuanã,60.16,,,,,,,743,gold
2023,5107909,51,MT,Sinop,55.53,,,,,,,743,gold
2023,5108055,51,MT,Terra Nova do Norte,58.72,,,,,,,743,gold
2023,5108105,51,MT,Tesouro,28.99,,,,,,,743,gold
2023,5204003,52,GO,Cabeceiras,69.66,,,,,,,743,gold
2023,5204607,52,GO,Campestre de Goiás,79.35,,,,,,,743,gold
2023,5204953,52,GO,Campos Verdes,63.71,,,,,,,743,gold
2023,5205802,52,GO,Corumbá de Goiás,72.1,,,,,,,743,gold
2023,5205901,52,GO,Corumbaíba,71.44,,,,,,,743,gold
2023,5215504,52,GO,Ouvidor,65.43,,,,,,,743,gold
2023,1300839,13,AM,Caapiranga,34.37,,,,,,,743,gold
2023,1302405,13,AM,Lábrea,66.84,,,,,,,743,gold
2023,1302702,13,AM,Manicoré,55.74,,,,,,,743,gold
2023,1302801,13,AM,Maraã,21.02,,,,,,,743,gold
2023,1501600,15,PA,Bonito,37.01,,,,,,,743,gold
2023,1505650,15,PA,Placas,42.57,,,,,,,743,gold
2023,1507706,15,PA,São Sebastião da Boa Vista,48.08,,,,,,,743,gold
2023,1703909,17,TO,Caseara,17.04,,,,,,,743,gold
2023,1706506,17,TO,Darcinópolis,31.21,,,,,,,743,gold
2023,1716703,17,TO,Colméia,48.45,,,,,,,743,gold
2023,2102325,21,MA,Buriticupu,39.23,,,,,,,743,gold
2023,2104057,21,MA,Estreito,54.89,,,,,,,743,gold
2023,2109304,21,MA,Presidente Vargas,44.27,,,,,,,743,gold
2023,2200459,22,PI,Alvorada do Gurguéia,68.36,,,,,,,743,gold
2023,2201988,22,PI,Brejo do Piauí,50.33,,,,,,,743,gold
2023,2302701,23,CE,Campos Sales,84.18,,,,,,,743,gold
2023,2303303,23,CE,Cariús,97.11,,,,,,,743,gold
2023,2307635,23,CE,Madalena,97.67,,,,,,,743,gold
2023,2308005,23,CE,Massapê,99.41,,,,,,,743,gold
2023,2308203,23,CE,Meruoca,98.47,,,,,,,743,gold
2023,2309458,23,CE,Ocara,89.45,,,,,,,743,gold
2023,2309508,23,CE,Orós,90.9,,,,,,,743,gold
2023,2310902,23,CE,Piquet Carneiro,100.0,,,,,,,743,gold
2023,2311801,23,CE,Russas,92.93,,,,,,,743,gold
2023,2405306,24,RN,Boa Saúde,45.53,,,,,,,743,gold
2023,2410504,24,RN,Rafael Fernandes,36.8,,,,,,,743,gold
2023,2505105,25,PB,Cuité,50.66,,,,,,,743,gold
2023,2515302,25,PB,Sapé,33.89,,,,,,,743,gold
2023,2603504,26,PE,Camocim de São Félix,55.71,,,,,,,743,gold
2023,2611705,26,PE,Riacho das Almas,63.97,,,,,,,743,gold
2023,2613503,26,PE,São José do Belmonte,46.7,,,,,,,743,gold
2023,2706000,27,AL,Olivença,50.0,,,,,,,743,gold
2023,2706802,27,AL,Piaçabuçu,31.74,,,,,,,743,gold
2023,2707503,27,AL,Porto Real do Colégio,62.34,,,,,,,743,gold
2023,2708956,27,AL,Senador Rui Palmeira,51.9,,,,,,,743,gold
2023,2800209,28,SE,Aquidabã,21.36,,,,,,,743,gold
2023,2803203,28,SE,Itaporanga d'Ajuda,24.31,,,,,,,743,gold
2023,2901908,29,BA,Aporá,17.78,,,,,,,743,gold
2023,2902054,29,BA,Araças,36.67,,,,,,,743,gold
2023,2910008,29,BA,Dário Meira,37.81,,,,,,,743,gold
2023,2911659,29,BA,Guajeru,29.2,,,,,,,743,gold
2023,2914703,29,BA,Itaberaba,42.22,,,,,,,743,gold
2023,2916906,29,BA,Itiruçu,32.86,,,,,,,743,gold
2023,3102704,31,MG,Cachoeira de Pajeú,60.31,,,,,,,743,gold
2023,3111507,31,MG,Campos Altos,58.27,,,,,,,743,gold
2023,3113008,31,MG,Caraí,52.38,,,,,,,743,gold
2023,3113206,31,MG,Carandaí,74.88,,,,,,,743,gold
2023,3122207,31,MG,Divinolândia de Minas,67.53,,,,,,,743,gold
2023,3131158,31,MG,Ipaba,62.96,,,,,,,743,gold
2023,3132008,31,MG,Itacambira,78.57,,,,,,,743,gold
2023,3134301,31,MG,Itumirim,61.21,,,,,,,743,gold
2023,3136009,31,MG,Joaíma,48.77,,,,,,,743,gold
2023,3136207,31,MG,João Monlevade,67.06,,,,,,,743,gold
2023,3136504,31,MG,Jordânia,63.49,,,,,,,743,gold
2023,3139706,31,MG,Maravilhas,69.85,,,,,,,743,gold
2023,3139805,31,MG,Mar de Espanha,50.15,,,,,,,743,gold
2023,3143609,31,MG,Morro da Garça,96.43,,,,,,,743,gold
2023,3153202,31,MG,Presidente Juscelino,80.9,,,,,,,743,gold
2023,3157336,31,MG,Santa Cruz de Minas,63.86,,,,,,,743,gold
2023,3160306,31,MG,Santo Antônio do Jacinto,62.95,,,,,,,743,gold
2023,3162559,31,MG,São João do Manhuaçu,76.73,,,,,,,743,gold
2023,3166808,31,MG,Serra do Salitre,59.88,,,,,,,743,gold
2023,3171071,31,MG,Veredinha,62.13,,,,,,,743,gold
2023,3203106,32,ES,Jerônimo Monteiro,70.14,,,,,,,743,gold
2023,3305406,33,RJ,Sapucaia,65.59,,,,,,,743,gold
2023,4102505,41,PR,Barbosa Ferraz,91.0,,,,,,,743,gold
2023,4103370,41,PR,Brasilândia do Sul,74.32,,,,,,,743,gold
2023,4105300,41,PR,Céu Azul,81.6,,,,,,,743,gold
2023,4105706,41,PR,Clevelândia,73.11,,,,,,,743,gold
2023,4110003,41,PR,Iguaraçu,50.91,,,,,,,743,gold
2023,4117057,41,PR,Nova Laranjeiras,77.48,,,,,,,743,gold
2023,4117453,41,PR,Ouro Verde do Oeste,86.73,,,,,,,743,gold
2023,4117701,41,PR,Palmeira,71.64,,,,,,,743,gold
2023,4121901,41,PR,Ribeirão do Pinhal,86.67,,,,,,,743,gold
2023,4122909,41,PR,Salto do Itararé,64.52,,,,,,,743,gold
2023,4200606,42,SC,Águas Mornas,81.28,,,,,,,743,gold
2023,4201505,42,SC,Armazém,76.92,,,,,,,743,gold
2023,4210308,42,SC,Major Vieira,69.07,,,,,,,743,gold
2023,4215687,42,SC,Santa Terezinha do Progresso,54.12,,,,,,,743,gold
2023,4218855,42,SC,União do Oeste,67.41,,,,,,,743,gold
2023,4302808,43,RS,Caçapava do Sul,60.31,,,,,,,743,gold
2023,4304408,43,RS,Canela,76.13,,,,,,,743,gold
2023,4304614,43,RS,Canudos do Vale,93.33,,,,,,,743,gold
2023,4304655,43,RS,Capão do Cipó,88.68,,,,,,,743,gold
2023,4308102,43,RS,Feliz,72.83,,,,,,,743,gold
2023,4310108,43,RS,Igrejinha,77.71,,,,,,,743,gold
2023,4311239,43,RS,Lagoa Bonita do Sul,70.83,,,,,,,743,gold
2023,4311718,43,RS,Maçambará,68.53,,,,,,,743,gold
2023,4313334,43,RS,Nova Ramada,86.97,,,,,,,743,gold
2023,4318507,43,RS,São José do Norte,57.28,,,,,,,743,gold
2023,4319604,43,RS,São Sepé,76.88,,,,,,,743,gold
2023,4320800,43,RS,Soledade,58.93,,,,,,,743,gold
2023,5005681,50,MS,Mundo Novo,82.5,,,,,,,743,gold
2023,5007901,50,MS,Sidrolândia,36.19,,,,,,,743,gold
2023,5106653,51,MT,Pontal do Araguaia,69.67,,,,,,,743,gold
2023,5107883,51,MT,Serra Nova Dourada,65.34,,,,,,,743,gold
2023,5213087,52,GO,Minaçu,75.66,,,,,,,743,gold
2023,1302108,13,AM,Japurá,77.63,,,,,,,743,gold
2023,1500701,15,PA,Anajás,26.81,,,,,,,743,gold
2023,1502707,15,PA,Conceição do Araguaia,38.75,,,,,,,743,gold
2023,1504000,15,PA,Limoeiro do Ajuru,47.64,,,,,,,743,gold
2023,1505437,15,PA,Ourilândia do Norte,48.68,,,,,,,743,gold
2023,1505809,15,PA,Portel,43.69,,,,,,,743,gold
2023,1600709,16,AP,Tartarugalzinho,29.97,,,,,,,743,gold
2023,1715259,17,TO,Novo Jardim,22.32,,,,,,,743,gold
2023,1715705,17,TO,Palmeirante,9.01,,,,,,,743,gold
2023,2101731,21,MA,Belágua,61.12,,,,,,,743,gold
2023,2101939,21,MA,Bernardo do Mearim,12.84,,,,,,,743,gold
2023,2102754,21,MA,Capinzal do Norte,35.67,,,,,,,743,gold
2023,2105203,21,MA,Igarapé Grande,97.77,,,,,,,743,gold
2023,2108009,21,MA,Pastos Bons,74.16,,,,,,,743,gold
2023,2200251,22,PI,Alagoinha do Piauí,44.44,,,,,,,743,gold
2023,2201770,22,PI,Boa Hora,58.74,,,,,,,743,gold
2023,2203420,22,PI,Domingos Mourão,91.43,,,,,,,743,gold
2023,2207009,22,PI,Oeiras,65.92,,,,,,,743,gold
2023,2207850,22,PI,Pavussu,66.32,,,,,,,743,gold
2023,2210052,22,PI,São José do Divino,100.0,,,,,,,743,gold
2023,2301604,23,CE,Assaré,90.73,,,,,,,743,gold
2023,2311306,23,CE,Quixadá,88.36,,,,,,,743,gold
2023,2313807,23,CE,Uruburetama,81.36,,,,,,,743,gold
2023,2313906,23,CE,Uruoca,95.51,,,,,,,743,gold
2023,2401651,24,RN,Bodó,65.0,,,,,,,743,gold
2023,2403202,24,RN,Doutor Severiano,53.88,,,,,,,743,gold
2023,2501005,25,PB,Araruna,35.18,,,,,,,743,gold
2023,2504355,25,PB,Caturité,53.0,,,,,,,743,gold
2023,2508208,25,PB,Lagoa de Dentro,67.61,,,,,,,743,gold
2023,2508307,25,PB,Lagoa Seca,66.54,,,,,,,743,gold
2023,2512804,25,PB,Riacho dos Cavalos,69.19,,,,,,,743,gold
2023,2513984,25,PB,São Francisco,56.59,,,,,,,743,gold
2023,2515104,25,PB,São Sebastião de Lagoa de Roça,64.39,,,,,,,743,gold
2023,2516201,25,PB,Sousa,42.43,,,,,,,743,gold
2023,2600609,26,PE,Alagoinha,42.86,,,,,,,743,gold
2023,2609204,26,PE,Maraial,69.2,,,,,,,743,gold
2023,2614303,26,PE,Moreilândia,44.18,,,,,,,743,gold
2023,2615409,26,PE,Toritama,50.21,,,,,,,743,gold
2023,2800506,28,SE,Areia Branca,27.09,,,,,,,743,gold
2023,2802007,28,SE,Divina Pastora,39.34,,,,,,,743,gold
2023,2803906,28,SE,Malhador,31.75,,,,,,,743,gold
2023,2804904,28,SE,Pacatuba,16.9,,,,,,,743,gold
2023,2806701,28,SE,São Cristóvão,53.75,,,,,,,743,gold
2023,2902609,29,BA,Baixa Grande,36.29,,,,,,,743,gold
2023,2907707,29,BA,Chorrochó,34.56,,,,,,,743,gold
2023,2915353,29,BA,Itaguaçu da Bahia,20.89,,,,,,,743,gold
2023,2924108,29,BA,Pedrão,20.72,,,,,,,743,gold
2023,2929602,29,BA,Sapeaçu,56.84,,,,,,,743,gold
2023,2933174,29,BA,Varzedo,44.14,,,,,,,743,gold
2023,3103751,31,MG,Araporã,62.72,,,,,,,743,gold
2023,3107802,31,MG,Bom Jesus do Galho,74.34,,,,,,,743,gold
2023,3121902,31,MG,Divinésia,43.0,,,,,,,743,gold
2023,3123007,31,MG,Dores de Campos,54.67,,,,,,,743,gold
2023,3124708,31,MG,Estrela do Indaiá,100.0,,,,,,,743,gold
2023,3126406,31,MG,Fortuna de Minas,59.25,,,,,,,743,gold
2023,3127339,31,MG,Gameleiras,62.54,,,,,,,743,gold
2023,3128303,31,MG,Guaranésia,67.19,,,,,,,743,gold
2023,3131208,31,MG,Ipanema,78.85,,,,,,,743,gold
2023,3131901,31,MG,Itabirito,55.59,,,,,,,743,gold
2023,3146602,31,MG,Paiva,80.0,,,,,,,743,gold
2023,3150307,31,MG,Piedade do Rio Grande,29.38,,,,,,,743,gold
2023,3155108,31,MG,Rio do Prado,51.29,,,,,,,743,gold
2023,3168002,31,MG,Taiobeiras,66.19,,,,,,,743,gold
2023,3171501,31,MG,Mathias Lobato,51.56,,,,,,,743,gold
2023,3171709,31,MG,Virgínia,57.94,,,,,,,743,gold
2023,3200136,32,ES,Águia Branca,92.32,,,,,,,743,gold
2023,3202009,32,ES,Dores do Rio Preto,84.32,,,,,,,743,gold
2023,3543907,35,SP,Rio Claro,50.51,,,,,,,743,gold
2023,3552403,35,SP,Sumaré,54.16,,,,,,,743,gold
2023,4103040,41,PR,Boa Ventura de São Roque,74.78,,,,,,,743,gold
2023,4104303,41,PR,Campo Mourão,77.59,,,,,,,743,gold
2023,4117800,41,PR,Palmital,74.27,,,,,,,743,gold
2023,4125407,41,PR,São José da Boa Vista,80.7,,,,,,,743,gold
2023,4205456,42,SC,Forquilhinha,58.33,,,,,,,743,gold
2023,4207908,42,SC,Irineópolis,71.82,,,,,,,743,gold
2023,4209201,42,SC,Lacerdópolis,70.0,,,,,,,743,gold
2023,4212270,42,SC,Passos Maia,64.91,,,,,,,743,gold
2023,4219309,42,SC,Videira,62.1,,,,,,,743,gold
2023,4308433,43,RS,Forquetinha,60.8,,,,,,,743,gold
2023,4310538,43,RS,Itaara,58.94,,,,,,,743,gold
2023,4311106,43,RS,Jaguari,68.38,,,,,,,743,gold
2023,4312385,43,RS,Monte Belo do Sul,80.97,,,,,,,743,gold
2023,4312443,43,RS,Morrinhos do Sul,78.98,,,,,,,743,gold
2023,4312617,43,RS,Muitos Capões,71.11,,,,,,,743,gold
2023,4312708,43,RS,Nonoai,54.7,,,,,,,743,gold
2023,4313490,43,RS,Novo Barreiro,62.22,,,,,,,743,gold
2023,4322186,43,RS,Tupanci do Sul,81.82,,,,,,,743,gold
2023,4322509,43,RS,Vacaria,70.77,,,,,,,743,gold
2023,4323705,43,RS,Vista Gaúcha,74.26,,,,,,,743,gold
2023,4323770,43,RS,Westfalia,82.91,,,,,,,743,gold
2023,5004304,50,MS,Iguatemi,38.28,,,,,,,743,gold
2023,5105580,51,MT,Marcelândia,62.31,,,,,,,743,gold
2023,5107701,51,MT,Rosário Oeste,53.65,,,,,,,743,gold
2023,5107743,51,MT,Santa Cruz do Xingu,53.52,,,,,,,743,gold
2023,5206305,52,GO,Cristianópolis,88.62,,,,,,,743,gold
2023,1301001,13,AM,Carauari,56.88,,,,,,,743,gold
2023,1301852,13,AM,Iranduba,45.76,,,,,,,743,gold
2023,1303502,13,AM,Pauini,38.95,,,,,,,743,gold
2023,1303957,13,AM,São Sebastião do Uatumã,51.53,,,,,,,743,gold
2023,1501808,15,PA,Breves,44.0,,,,,,,743,gold
2023,1501907,15,PA,Bujaru,51.4,,,,,,,743,gold
2023,1502608,15,PA,Colares,54.39,,,,,,,743,gold
2023,1504208,15,PA,Marabá,51.46,,,,,,,743,gold
2023,1702406,17,TO,Arraias,34.29,,,,,,,743,gold
2023,1702703,17,TO,Aurora do Tocantins,52.92,,,,,,,743,gold
2023,1708205,17,TO,Formoso do Araguaia,63.68,,,,,,,743,gold
2023,1713304,17,TO,Miranorte,52.55,,,,,,,743,gold
2023,1721109,17,TO,Tocantínia,42.96,,,,,,,743,gold
2023,1721208,17,TO,Tocantinópolis,34.41,,,,,,,743,gold
2023,2109239,21,MA,Presidente Médici,75.46,,,,,,,743,gold
2023,2111409,21,MA,São Luís Gonzaga do Maranhão,74.81,,,,,,,743,gold
2023,2200053,22,PI,Acauã,81.71,,,,,,,743,gold
2023,2202091,22,PI,Caldeirão Grande do Piauí,100.0,,,,,,,743,gold
2023,2202406,22,PI,Capitão de Campos,53.68,,,,,,,743,gold
2023,2203909,22,PI,Floriano,49.16,,,,,,,743,gold
2023,2205458,22,PI,Joca Marques,38.3,,,,,,,743,gold
2023,2208304,22,PI,Piracuruca,75.64,,,,,,,743,gold
2023,2209856,22,PI,São João da Canabrava,82.0,,,,,,,743,gold
2023,2210607,22,PI,São Raimundo Nonato,68.18,,,,,,,743,gold
2023,2211605,22,PI,Vila Nova do Piauí,100.0,,,,,,,743,gold
2023,2305704,23,CE,Ipaumirim,87.85,,,,,,,743,gold
2023,2308401,23,CE,Missão Velha,74.75,,,,,,,743,gold
2023,2308500,23,CE,Mombaça,93.52,,,,,,,743,gold
2023,2310852,23,CE,Pindoretama,90.29,,,,,,,743,gold
2023,2313500,23,CE,Trairi,89.87,,,,,,,743,gold
2023,2400109,24,RN,Acari,44.07,,,,,,,743,gold
2023,2402600,24,RN,Ceará-Mirim,22.16,,,,,,,743,gold
2023,2404002,24,RN,Frutuoso Gomes,39.91,,,,,,,743,gold
2023,2405405,24,RN,Japi,16.49,,,,,,,743,gold
2023,2501708,25,PB,Barra de São Miguel,60.51,,,,,,,743,gold
2023,2505907,25,PB,Emas,65.44,,,,,,,743,gold
2023,2507200,25,PB,Itatuba,23.32,,,,,,,743,gold
2023,2509057,25,PB,Marcação,60.07,,,,,,,743,gold
2023,2512606,25,PB,Quixabá,69.23,,,,,,,743,gold
2023,2515807,25,PB,Serra Redonda,14.55,,,,,,,743,gold
2023,2601805,26,PE,Betânia,70.45,,,,,,,743,gold
2023,2606606,26,PE,Ibimirim,52.35,,,,,,,743,gold
2023,2607406,26,PE,Itacuruba,64.79,,,,,,,743,gold
2023,2608602,26,PE,Lagoa do Ouro,72.63,,,,,,,743,gold
2023,2704609,27,AL,Maravilha,68.8,,,,,,,743,gold
2023,2704906,27,AL,Mar Vermelho,58.97,,,,,,,743,gold
2023,2806107,28,SE,Rosário do Catete,39.18,,,,,,,743,gold
2023,2902401,29,BA,Aurelino Leal,42.65,,,,,,,743,gold
2023,2906907,29,BA,Caravelas,40.91,,,,,,,743,gold
2023,2909901,29,BA,Curaçá,29.66,,,,,,,743,gold
2023,2912806,29,BA,Ibirapuã,60.48,,,,,,,743,gold
2023,2920304,29,BA,Malhada de Pedras,70.36,,,,,,,743,gold
2023,2923308,29,BA,Ouriçangas,35.94,,,,,,,743,gold
2023,2927002,29,BA,Rio Real,40.97,,,,,,,743,gold
2023,3115102,31,MG,Cássia,71.94,,,,,,,743,gold
2023,3119104,31,MG,Corinto,40.03,,,,,,,743,gold
2023,3120003,31,MG,Córrego Novo,46.69,,,,,,,743,gold
2023,3121803,31,MG,Dionísio,85.38,,,,,,,743,gold
2023,3142403,31,MG,Moema,81.44,,,,,,,743,gold
2023,3144656,31,MG,Ninheira,49.26,,,,,,,743,gold
2023,3145000,31,MG,Nova Ponte,72.34,,,,,,,743,gold
2023,3147501,31,MG,Passabém,35.29,,,,,,,743,gold
2023,3147709,31,MG,Passa Tempo,80.61,,,,,,,743,gold
2023,3157005,31,MG,Salinas,71.98,,,,,,,743,gold
2023,3162807,31,MG,São João Evangelista,92.58,,,,,,,743,gold
2023,3169901,31,MG,Ubá,65.24,,,,,,,743,gold
2023,3170107,31,MG,Uberaba,49.76,,,,,,,743,gold
2023,3172103,31,MG,Volta Grande,50.77,,,,,,,743,gold
2023,3203163,32,ES,Laranja da Terra,85.84,,,,,,,743,gold
2023,3302254,33,RJ,Itatiaia,65.0,,,,,,,743,gold
2023,3304904,33,RJ,São Gonçalo,45.67,,,,,,,743,gold
2023,4101606,41,PR,Arapoti,75.42,,,,,,,743,gold
2023,4105607,41,PR,Cidade Gaúcha,64.72,,,,,,,743,gold
2023,4107256,41,PR,Douradina,50.3,,,,,,,743,gold
2023,4115457,41,PR,Marquinho,73.99,,,,,,,743,gold
2023,4125001,41,PR,São João do Ivaí,61.46,,,,,,,743,gold
2023,4125605,41,PR,São Mateus do Sul,83.07,,,,,,,743,gold
2023,4128302,41,PR,Uniflor,60.23,,,,,,,743,gold
2023,4201406,42,SC,Araranguá,55.57,,,,,,,743,gold
2023,4208500,42,SC,Ituporanga,69.95,,,,,,,743,gold
2023,4210001,42,SC,Luiz Alves,70.7,,,,,,,743,gold
2023,4210100,42,SC,Mafra,70.45,,,,,,,743,gold
2023,4210209,42,SC,Major Gercino,51.4,,,,,,,743,gold
2023,4216305,42,SC,São João Batista,73.31,,,,,,,743,gold
2023,4217907,42,SC,Tangará,76.99,,,,,,,743,gold
2023,4218202,42,SC,Timbó,64.84,,,,,,,743,gold
2023,4304606,43,RS,Canoas,54.62,,,,,,,743,gold
2023,4307203,43,RS,Erval Grande,84.57,,,,,,,743,gold
2023,4309605,43,RS,Horizontina,71.23,,,,,,,743,gold
2023,4311007,43,RS,Jaguarão,63.56,,,,,,,743,gold
2023,4311155,43,RS,Jóia,60.0,,,,,,,743,gold
2023,4321352,43,RS,Tavares,58.58,,,,,,,743,gold
2023,5006358,50,MS,Paranhos,44.89,,,,,,,743,gold
2023,5103908,51,MT,General Carneiro,56.84,,,,,,,743,gold
2023,5107263,51,MT,Santo Afonso,47.62,,,,,,,743,gold
2023,5200803,52,GO,Alvorada do Norte,64.57,,,,,,,743,gold
2023,5206404,52,GO,Crixás,66.73,,,,,,,743,gold
2023,5212204,52,GO,Jussara,58.98,,,,,,,743,gold
2023,5212303,52,GO,Leopoldo de Bulhões,77.67,,,,,,,743,gold
2023,5221809,52,GO,Urutaí,78.1,,,,,,,743,gold
2023,5221908,52,GO,Varjão,97.74,,,,,,,743,gold
2023,1101559,11,RO,Teixeirópolis,71.95,,,,,,,743,gold
2023,1505700,15,PA,Ponta de Pedras,39.5,,,,,,,743,gold
2023,1506138,15,PA,Redenção,55.06,,,,,,,743,gold
2023,1507607,15,PA,São Miguel do Guamá,38.69,,,,,,,743,gold
2023,1508357,15,PA,Vitória do Xingu,60.62,,,,,,,743,gold
2023,1701101,17,TO,Aparecida do Rio Negro,30.07,,,,,,,743,gold
2023,1705102,17,TO,Chapada da Natividade,49.01,,,,,,,743,gold
2023,1711506,17,TO,Jaú do Tocantins,61.09,,,,,,,743,gold
2023,2100808,21,MA,Anapurus,91.05,,,,,,,743,gold
2023,2103174,21,MA,Centro Novo do Maranhão,40.03,,,,,,,743,gold
2023,2103505,21,MA,Colinas,59.5,,,,,,,743,gold
2023,2106409,21,MA,Mata Roma,69.68,,,,,,,743,gold
2023,2109106,21,MA,Presidente Dutra,54.77,,,,,,,743,gold
2023,2201960,22,PI,Brasileira,33.17,,,,,,,743,gold
2023,2202026,22,PI,Buriti dos Montes,84.87,,,,,,,743,gold
2023,2205557,22,PI,Lagoa Alegre,21.65,,,,,,,743,gold
2023,2210003,22,PI,São João do Piauí,44.35,,,,,,,743,gold
2023,2301802,23,CE,Baixio,97.63,,,,,,,743,gold
2023,2302503,23,CE,Brejo Santo,93.05,,,,,,,743,gold
2023,2305902,23,CE,Ipueiras,97.9,,,,,,,743,gold
2023,2309706,23,CE,Pacatuba,75.66,,,,,,,743,gold
2023,2311009,23,CE,Poranga,91.88,,,,,,,743,gold
2023,2410405,24,RN,Pureza,36.66,,,,,,,743,gold
2023,2413557,24,RN,Serrinha dos Pintos,56.07,,,,,,,743,gold
2023,2509305,25,PB,Mataraca,85.94,,,,,,,743,gold
2023,2515708,25,PB,Serra Grande,40.0,,,,,,,743,gold
2023,2604304,26,PE,Cedro,46.94,,,,,,,743,gold
2023,2605509,26,PE,Ferreiros,58.16,,,,,,,743,gold
2023,2611804,26,PE,Ribeirão,61.57,,,,,,,743,gold
2023,2702702,27,AL,Feliz Deserto,37.55,,,,,,,743,gold
2023,2703205,27,AL,Igreja Nova,47.93,,,,,,,743,gold
2023,2704302,27,AL,Maceió,39.48,,,,,,,743,gold
2023,2801306,28,SE,Capela,33.52,,,,,,,743,gold
2023,2804706,28,SE,Nossa Senhora de Lourdes,19.15,,,,,,,743,gold
2023,2901957,29,BA,Apuarema,37.0,,,,,,,743,gold
2023,2912509,29,BA,Ibipitanga,44.17,,,,,,,743,gold
2023,2926657,29,BA,Ribeirão do Largo,47.25,,,,,,,743,gold
2023,3100401,31,MG,Acaiaca,87.39,,,,,,,743,gold
2023,3111150,31,MG,Campo Azul,84.73,,,,,,,743,gold
2023,3111903,31,MG,Cana Verde,50.78,,,,,,,743,gold
2023,3118403,31,MG,Conselheiro Pena,69.86,,,,,,,743,gold
2023,3124500,31,MG,Estiva,63.11,,,,,,,743,gold
2023,3125101,31,MG,Extrema,57.68,,,,,,,743,gold
2023,3127909,31,MG,Grupiara,66.67,,,,,,,743,gold
2023,3132206,31,MG,Itaguara,56.99,,,,,,,743,gold
2023,3144300,31,MG,Nanuque,60.97,,,,,,,743,gold
2023,3145851,31,MG,Oratórios,73.86,,,,,,,743,gold
2023,3153301,31,MG,Presidente Kubitschek,75.75,,,,,,,743,gold
2023,3153905,31,MG,Raposos,48.4,,,,,,,743,gold
2023,3156908,31,MG,Sacramento,64.01,,,,,,,743,gold
2023,3157278,31,MG,Santa Bárbara do Monte Verde,51.99,,,,,,,743,gold
2023,3157500,31,MG,Santa Efigênia de Minas,43.34,,,,,,,743,gold
2023,3166303,31,MG,Sericita,68.55,,,,,,,743,gold
2023,3169208,31,MG,Tombos,56.82,,,,,,,743,gold
2023,3203007,32,ES,Iúna,71.91,,,,,,,743,gold
2023,3303708,33,RJ,Paraíba do Sul,49.95,,,,,,,743,gold
2023,3518800,35,SP,Guarulhos,44.51,,,,,,,743,gold
2023,3548500,35,SP,Santos,56.01,,,,,,,743,gold
2023,4102752,41,PR,Bela Vista da Caroba,76.84,,,,,,,743,gold
2023,4103958,41,PR,Campina do Simão,85.54,,,,,,,743,gold
2023,4107009,41,PR,Curiúva,80.2,,,,,,,743,gold
2023,4107751,41,PR,Figueira,82.1,,,,,,,743,gold
2023,4112603,41,PR,Jardim Olinda,50.0,,,,,,,743,gold
2023,4112959,41,PR,Juranda,59.77,,,,,,,743,gold
2023,4113007,41,PR,Jussara,72.27,,,,,,,743,gold
2023,4124004,41,PR,Santana do Itararé,78.27,,,,,,,743,gold
2023,4200200,42,SC,Agrolândia,81.23,,,,,,,743,gold
2023,4210407,42,SC,Maracajá,60.85,,,,,,,743,gold
2023,4215307,42,SC,Salete,76.61,,,,,,,743,gold
2023,4215802,42,SC,São Bento do Sul,72.63,,,,,,,743,gold
2023,4216909,42,SC,São Lourenço do Oeste,71.41,,,,,,,743,gold
2023,4217303,42,SC,Saudades,81.03,,,,,,,743,gold
2023,4219002,42,SC,Urussanga,67.36,,,,,,,743,gold
2023,4219606,42,SC,Xavantina,71.58,,,,,,,743,gold
2023,4304358,43,RS,Candiota,57.08,,,,,,,743,gold
2023,4306601,43,RS,Dom Pedrito,62.23,,,,,,,743,gold
2023,4306767,43,RS,Eldorado do Sul,49.36,,,,,,,743,gold
2023,4317608,43,RS,Santo Antônio da Patrulha,74.3,,,,,,,743,gold
2023,4320552,43,RS,Sertão Santana,74.77,,,,,,,743,gold
2023,5000807,50,MS,Anaurilândia,65.19,,,,,,,743,gold
2023,5007554,50,MS,Santa Rita do Pardo,48.28,,,,,,,743,gold
2023,5101209,51,MT,Araguainha,22.22,,,,,,,743,gold
2023,5103437,51,MT,Curvelândia,33.24,,,,,,,743,gold
2023,5105002,51,MT,Jauru,46.7,,,,,,,743,gold
2023,5106216,51,MT,Nova Canaã do Norte,57.37,,,,,,,743,gold
2023,5106232,51,MT,Nova Olímpia,50.74,,,,,,,743,gold
2023,5106257,51,MT,Nova Xavantina,71.61,,,,,,,743,gold
2023,5107008,51,MT,Poxoréo,45.19,,,,,,,743,gold
2023,5107602,51,MT,Rondonópolis,52.75,,,,,,,743,gold
2023,5107875,51,MT,Sapezal,69.76,,,,,,,743,gold
2023,5202809,52,GO,Avelinópolis,71.44,,,,,,,743,gold
2023,5203807,52,GO,Britânia,82.04,,,,,,,743,gold
2023,5206602,52,GO,Cumari,76.19,,,,,,,743,gold
2023,5215207,52,GO,Novo Brasil,84.09,,,,,,,743,gold
2023,1300508,13,AM,Barreirinha,30.89,,,,,,,743,gold
2023,1301159,13,AM,Careiro da Várzea,36.67,,,,,,,743,gold
2023,1301951,13,AM,Itamarati,74.47,,,,,,,743,gold
2023,1500909,15,PA,Augusto Corrêa,38.56,,,,,,,743,gold
2023,1505064,15,PA,Novo Repartimento,55.6,,,,,,,743,gold
2023,1506104,15,PA,Primavera,48.96,,,,,,,743,gold
2023,1713700,17,TO,Monte Santo do Tocantins,29.33,,,,,,,743,gold
2023,2100105,21,MA,Afonso Cunha,72.13,,,,,,,743,gold
2023,2101103,21,MA,Axixá,81.88,,,,,,,743,gold
2023,2111052,21,MA,São João do Paraíso,33.48,,,,,,,743,gold
2023,2202802,22,PI,Conceição do Canindé,47.28,,,,,,,743,gold
2023,2204600,22,PI,Hugo Napoleão,82.43,,,,,,,743,gold
2023,2208650,22,PI,Queimada Nova,60.22,,,,,,,743,gold
2023,2304277,23,CE,Ererê,98.58,,,,,,,743,gold
2023,2308906,23,CE,Morrinhos,98.9,,,,,,,743,gold
2023,2313609,23,CE,Ubajara,96.98,,,,,,,743,gold
2023,2402006,24,RN,Caicó,37.06,,,,,,,743,gold
2023,2404309,24,RN,Governador Dix-Sept Rosado,53.1,,,,,,,743,gold
2023,2411429,24,RN,Santana do Seridó,52.34,,,,,,,743,gold
2023,2503555,25,PB,Cacimbas,32.54,,,,,,,743,gold
2023,2509800,25,PB,Mulungu,56.27,,,,,,,743,gold
2023,2512721,25,PB,Pedro Régis,47.41,,,,,,,743,gold
2023,2514206,25,PB,São José da Lagoa Tapada,85.74,,,,,,,743,gold
2023,2602209,26,PE,Bom Jardim,60.94,,,,,,,743,gold
2023,2603405,26,PE,Calumbi,74.41,,,,,,,743,gold
2023,2606903,26,PE,Iguaraci,72.59,,,,,,,743,gold
2023,2607802,26,PE,Itaquitinga,48.29,,,,,,,743,gold
2023,2616308,26,PE,Vicência,57.45,,,,,,,743,gold
2023,2704203,27,AL,Limoeiro de Anadia,43.45,,,,,,,743,gold
2023,2706422,27,AL,Pariconha,37.81,,,,,,,743,gold
2023,2803302,28,SE,Japaratuba,42.14,,,,,,,743,gold
2023,2805406,28,SE,Poço Redondo,16.35,,,,,,,743,gold
2023,2904308,29,BA,Brejões,53.47,,,,,,,743,gold
2023,2908606,29,BA,Conde,40.59,,,,,,,743,gold
2023,2909703,29,BA,Cristópolis,44.52,,,,,,,743,gold
2023,2914000,29,BA,Ipirá,29.98,,,,,,,743,gold
2023,2914307,29,BA,Iramaia,27.38,,,,,,,743,gold
2023,2921203,29,BA,Miguel Calmon,47.8,,,,,,,743,gold
2023,2926509,29,BA,Ribeira do Amparo,28.72,,,,,,,743,gold
2023,2926905,29,BA,Rio do Pires,36.5,,,,,,,743,gold
2023,2929305,29,BA,São Gonçalo dos Campos,36.4,,,,,,,743,gold
2023,2933000,29,BA,Valente,32.24,,,,,,,743,gold
2023,3102050,31,MG,Alto Caparaó,93.75,,,,,,,743,gold
2023,3108008,31,MG,Bom Sucesso,67.28,,,,,,,743,gold
2023,3109709,31,MG,Cachoeira de Minas,61.69,,,,,,,743,gold
2023,3111606,31,MG,Campos Gerais,65.56,,,,,,,743,gold
2023,3117836,31,MG,Cônego Marinho,40.37,,,,,,,743,gold
2023,3122108,31,MG,Divino das Laranjeiras,41.39,,,,,,,743,gold
2023,3123908,31,MG,Entre Rios de Minas,84.92,,,,,,,743,gold
2023,3125200,31,MG,Fama,71.98,,,,,,,743,gold
2023,3126703,31,MG,Francisco Sá,46.5,,,,,,,743,gold
2023,3130408,31,MG,Ijaci,72.8,,,,,,,743,gold
2023,3131109,31,MG,Inimutaba,40.65,,,,,,,743,gold
2023,3133600,31,MG,Itapeva,52.0,,,,,,,743,gold
2023,3135308,31,MG,Japaraíba,71.03,,,,,,,743,gold
2023,3137205,31,MG,Lagoa da Prata,66.18,,,,,,,743,gold
2023,3148400,31,MG,Paulistas,70.37,,,,,,,743,gold
2023,3162252,31,MG,São João da Lagoa,49.97,,,,,,,743,gold
2023,3164472,31,MG,São Sebastião do Anta,58.19,,,,,,,743,gold
2023,3164803,31,MG,São Sebastião do Rio Preto,66.67,,,,,,,743,gold
2023,3165305,31,MG,São Vicente de Minas,60.1,,,,,,,743,gold
2023,3170008,31,MG,Ubaí,68.82,,,,,,,743,gold
2023,3202306,32,ES,Guaçuí,74.04,,,,,,,743,gold
2023,3300308,33,RJ,Barra do Piraí,45.28,,,,,,,743,gold
2023,3304409,33,RJ,Rio Claro,65.58,,,,,,,743,gold
2023,3508702,35,SP,Caconde,70.13,,,,,,,743,gold
2023,3526902,35,SP,Limeira,62.18,,,,,,,743,gold
2023,3551009,35,SP,São Vicente,42.77,,,,,,,743,gold
2023,4107520,41,PR,Esperança Nova,42.11,,,,,,,743,gold
2023,4107736,41,PR,Fernandes Pinheiro,80.92,,,,,,,743,gold
2023,4107900,41,PR,Floresta,76.39,,,,,,,743,gold
2023,4108601,41,PR,Goioerê,70.49,,,,,,,743,gold
2023,4110706,41,PR,Irati,82.74,,,,,,,743,gold
2023,4112405,41,PR,Japurá,73.42,,,,,,,743,gold
2023,4113908,41,PR,Mallet,82.55,,,,,,,743,gold
2023,4120150,41,PR,Porto Barreiro,100.0,,,,,,,743,gold
2023,4122206,41,PR,Rio Branco do Sul,62.29,,,,,,,743,gold
2023,4201653,42,SC,Arvoredo,75.71,,,,,,,743,gold
2023,4202131,42,SC,Bela Vista do Toldo,86.2,,,,,,,743,gold
2023,4205191,42,SC,Ermo,8.81,,,,,,,743,gold
2023,4208450,42,SC,Itapoá,47.67,,,,,,,743,gold
2023,4211702,42,SC,Orleans,68.54,,,,,,,743,gold
2023,4212007,42,SC,Palma Sola,80.08,,,,,,,743,gold
2023,4212254,42,SC,Passo de Torres,56.11,,,,,,,743,gold
2023,4214102,42,SC,Presidente Nereu,51.67,,,,,,,743,gold
2023,4216206,42,SC,São Francisco do Sul,46.01,,,,,,,743,gold
2023,4300109,43,RS,Agudo,59.49,,,,,,,743,gold
2023,4318606,43,RS,São José do Ouro,67.83,,,,,,,743,gold
2023,4320859,43,RS,Tabaí,55.83,,,,,,,743,gold
2023,5107958,51,MT,Tangará da Serra,48.7,,,,,,,743,gold
2023,5108204,51,MT,Torixoréu,95.14,,,,,,,743,gold
2023,5200050,52,GO,Abadia de Goiás,59.84,,,,,,,743,gold
2023,5207907,52,GO,Flores de Goiás,66.75,,,,,,,743,gold
2023,5209937,52,GO,Inaciolândia,76.2,,,,,,,743,gold
2023,5210307,52,GO,Israelândia,88.14,,,,,,,743,gold
2023,1302553,13,AM,Manaquiri,49.88,,,,,,,743,gold
2023,1508050,15,PA,Trairão,70.84,,,,,,,743,gold
2023,1508159,15,PA,Uruará,65.52,,,,,,,743,gold
2023,1702901,17,TO,Axixá do Tocantins,30.34,,,,,,,743,gold
2023,1720853,17,TO,Sucupira,77.59,,,,,,,743,gold
2023,2104107,21,MA,Fortaleza dos Nogueiras,45.09,,,,,,,743,gold
2023,2104628,21,MA,Governador Luiz Rocha,98.32,,,,,,,743,gold
2023,2106706,21,MA,Mirador,35.01,,,,,,,743,gold
2023,2107258,21,MA,Nova Colinas,85.65,,,,,,,743,gold
2023,2111003,21,MA,São João Batista,29.54,,,,,,,743,gold
2023,2112803,21,MA,Viana,58.28,,,,,,,743,gold
2023,2201002,22,PI,Arraial,83.8,,,,,,,743,gold
2023,2209955,22,PI,São João da Varjota,53.64,,,,,,,743,gold
2023,2302057,23,CE,Barroquinha,96.36,,,,,,,743,gold
2023,2310704,23,CE,Pentecoste,93.06,,,,,,,743,gold
2023,2311355,23,CE,Quixelô,79.3,,,,,,,743,gold
2023,2407401,24,RN,Martins,41.19,,,,,,,743,gold
2023,2500304,25,PB,Alagoa Grande,31.18,,,,,,,743,gold
2023,2501153,25,PB,Areia de Baraúnas,25.0,,,,,,,743,gold
2023,2504033,25,PB,Capim,56.03,,,,,,,743,gold
2023,2505600,25,PB,Diamante,25.0,,,,,,,743,gold
2023,2509339,25,PB,Matinhas,79.28,,,,,,,743,gold
2023,2513802,25,PB,Santa Teresinha,40.43,,,,,,,743,gold
2023,2514909,25,PB,São Mamede,37.65,,,,,,,743,gold
2023,2602001,26,PE,Bodocó,45.23,,,,,,,743,gold
2023,2602407,26,PE,Brejão,67.02,,,,,,,743,gold
2023,2606101,26,PE,Glória do Goitá,70.58,,,,,,,743,gold
2023,2613206,26,PE,São João,60.81,,,,,,,743,gold
2023,2802403,28,SE,Gararu,19.42,,,,,,,743,gold
2023,2901205,29,BA,Anagé,36.54,,,,,,,743,gold
2023,2906709,29,BA,Cândido Sales,38.1,,,,,,,743,gold
2023,2907400,29,BA,Catolândia,10.48,,,,,,,743,gold
2023,2908002,29,BA,Coaraci,37.24,,,,,,,743,gold
2023,2916807,29,BA,Itarantim,38.17,,,,,,,743,gold
2023,2918902,29,BA,Lajedão,58.38,,,,,,,743,gold
2023,2920106,29,BA,Mairi,40.81,,,,,,,743,gold
2023,2929255,29,BA,São Gabriel,33.19,,,,,,,743,gold
2023,2933406,29,BA,Wagner,53.42,,,,,,,743,gold
2023,3102506,31,MG,Amparo do Serra,66.97,,,,,,,743,gold
2023,3108503,31,MG,Botumirim,77.77,,,,,,,743,gold
2023,3111002,31,MG,Campestre,69.98,,,,,,,743,gold
2023,3115003,31,MG,Cascalho Rico,63.9,,,,,,,743,gold
2023,3115474,31,MG,Catuti,61.25,,,,,,,743,gold
2023,3134202,31,MG,Ituiutaba,62.19,,,,,,,743,gold
2023,3137403,31,MG,Lagoa Dourada,63.91,,,,,,,743,gold
2023,3140506,31,MG,Martinho Campos,61.19,,,,,,,743,gold
2023,3147402,31,MG,Paraopeba,45.79,,,,,,,743,gold
2023,3149903,31,MG,Perdões,71.24,,,,,,,743,gold
2023,3151800,31,MG,Poços de Caldas,58.12,,,,,,,743,gold
2023,3155306,31,MG,Rio Manso,71.24,,,,,,,743,gold
2023,3157708,31,MG,Santa Juliana,62.9,,,,,,,743,gold
2023,3161056,31,MG,São Félix de Minas,68.09,,,,,,,743,gold
2023,3161908,31,MG,São Gonçalo do Rio Abaixo,80.53,,,,,,,743,gold
2023,3162005,31,MG,São Gonçalo do Sapucaí,75.96,,,,,,,743,gold
2023,3168309,31,MG,Taquaraçu de Minas,66.07,,,,,,,743,gold
2023,3169604,31,MG,Tupaciguara,39.03,,,,,,,743,gold
2023,3201902,32,ES,Domingos Martins,80.92,,,,,,,743,gold
2023,3500501,35,SP,Águas de Lindóia,62.29,,,,,,,743,gold
2023,3507407,35,SP,Borborema,82.47,,,,,,,743,gold
2023,3509502,35,SP,Campinas,54.88,,,,,,,743,gold
2023,4100459,41,PR,Altamira do Paraná,79.08,,,,,,,743,gold
2023,4101101,41,PR,Andirá,65.02,,,,,,,743,gold
2023,4101150,41,PR,Ângulo,90.09,,,,,,,743,gold
2023,4112108,41,PR,Jandaia do Sul,76.99,,,,,,,743,gold
2023,4113734,41,PR,Luiziana,85.27,,,,,,,743,gold
2023,4117305,41,PR,Ortigueira,63.9,,,,,,,743,gold
2023,4120408,41,PR,Presidente Castelo Branco,76.24,,,,,,,743,gold
2023,4122701,41,PR,Sabáudia,81.51,,,,,,,743,gold
2023,4124020,41,PR,Santa Tereza do Oeste,73.31,,,,,,,743,gold
2023,4126207,41,PR,Sapopema,73.32,,,,,,,743,gold
2023,4127882,41,PR,Tunas do Paraná,63.46,,,,,,,743,gold
2023,4204608,42,SC,Criciúma,59.18,,,,,,,743,gold
2023,4204756,42,SC,Cunhataí,90.44,,,,,,,743,gold
2023,4207650,42,SC,Iporã do Oeste,87.74,,,,,,,743,gold
2023,4214805,42,SC,Rio do Sul,58.79,,,,,,,743,gold
2023,4302378,43,RS,Bom Progresso,56.25,,,,,,,743,gold
2023,4303509,43,RS,Camaquã,64.41,,,,,,,743,gold
2023,4306304,43,RS,David Canabarro,90.24,,,,,,,743,gold
2023,4307609,43,RS,Estância Velha,67.66,,,,,,,743,gold
2023,4307815,43,RS,Estrela Velha,96.83,,,,,,,743,gold
2023,4309126,43,RS,Gramado dos Loureiros,87.5,,,,,,,743,gold
2023,4311981,43,RS,Mariana Pimentel,61.86,,,,,,,743,gold
2023,4315172,43,RS,Protásio Alves,79.98,,,,,,,743,gold
2023,4318804,43,RS,São Lourenço do Sul,74.52,,,,,,,743,gold
2023,4320263,43,RS,Segredo,79.57,,,,,,,743,gold
2023,4321436,43,RS,Terra de Areia,69.47,,,,,,,743,gold
2023,5002100,50,MS,Bela Vista,43.77,,,,,,,743,gold
2023,5003900,50,MS,Figueirão,58.57,,,,,,,743,gold
2023,5007109,50,MS,Ribas do Rio Pardo,34.35,,,,,,,743,gold
2023,5007406,50,MS,Rio Verde de Mato Grosso,47.3,,,,,,,743,gold
2023,5106372,51,MT,Pedra Preta,56.73,,,,,,,743,gold
2023,5201603,52,GO,Araçu,77.27,,,,,,,743,gold
2023,5209200,52,GO,Guapó,64.19,,,,,,,743,gold
2023,5211206,52,GO,Itapuranga,81.61,,,,,,,743,gold
2023,5212501,52,GO,Luziânia,64.05,,,,,,,743,gold
2023,5212709,52,GO,Mambaí,50.41,,,,,,,743,gold
2023,5214101,52,GO,Mutunópolis,92.95,,,,,,,743,gold
2023,5217609,52,GO,Planaltina,65.51,,,,,,,743,gold
2023,5219001,52,GO,Sanclerlândia,78.09,,,,,,,743,gold
2023,5220454,52,GO,Senador Canedo,48.52,,,,,,,743,gold
2023,5221858,52,GO,Valparaíso de Goiás,56.69,,,,,,,743,gold
2023,1300680,13,AM,Boa Vista do Ramos,41.21,,,,,,,743,gold
2023,1300805,13,AM,Borba,39.89,,,,,,,743,gold
2023,1505601,15,PA,Peixe-Boi,53.76,,,,,,,743,gold
2023,1707207,17,TO,Dois Irmãos do Tocantins,48.67,,,,,,,743,gold
2023,2106102,21,MA,Loreto,38.8,,,,,,,743,gold
2023,2108900,21,MA,Poção de Pedras,89.32,,,,,,,743,gold
2023,2111722,21,MA,Satubinha,100.0,,,,,,,743,gold
2023,2200509,22,PI,Amarante,22.26,,,,,,,743,gold
2023,2203271,22,PI,Curral Novo do Piauí,16.11,,,,,,,743,gold
2023,2206209,22,PI,Miguel Alves,39.04,,,,,,,743,gold
2023,2206654,22,PI,Morro Cabeça no Tempo,23.7,,,,,,,743,gold
2023,2208858,22,PI,Riacho Frio,98.41,,,,,,,743,gold
2023,2305605,23,CE,Independência,98.8,,,,,,,743,gold
2023,2305654,23,CE,Ipaporanga,97.47,,,,,,,743,gold
2023,2306108,23,CE,Irauçuba,96.53,,,,,,,743,gold
2023,2311603,23,CE,Redenção,84.99,,,,,,,743,gold
2023,2312403,23,CE,São Gonçalo do Amarante,81.99,,,,,,,743,gold
2023,2408300,24,RN,Nova Cruz,40.15,,,,,,,743,gold
2023,2503902,25,PB,Camalaú,36.34,,,,,,,743,gold
2023,2510204,25,PB,Nova Olinda,45.95,,,,,,,743,gold
2023,2510402,25,PB,Olho d'Água,76.11,,,,,,,743,gold
2023,2513356,25,PB,Santa Inês,52.66,,,,,,,743,gold
2023,2602100,26,PE,Bom Conselho,59.98,,,,,,,743,gold
2023,2605905,26,PE,Gameleira,58.54,,,,,,,743,gold
2023,2615003,26,PE,Taquaritinga do Norte,59.65,,,,,,,743,gold
2023,2703304,27,AL,Inhapi,61.54,,,,,,,743,gold
2023,2704500,27,AL,Maragogi,32.4,,,,,,,743,gold
2023,2803500,28,SE,Lagarto,40.43,,,,,,,743,gold
2023,2803708,28,SE,Macambira,38.3,,,,,,,743,gold
2023,2903904,29,BA,Bom Jesus da Lapa,33.88,,,,,,,743,gold
2023,2906204,29,BA,Canarana,29.21,,,,,,,743,gold
2023,2908903,29,BA,Coração de Maria,30.95,,,,,,,743,gold
2023,2919207,29,BA,Lauro de Freitas,29.63,,,,,,,743,gold
2023,2923001,29,BA,Nova Viçosa,56.37,,,,,,,743,gold
2023,2928406,29,BA,Santa Rita de Cássia,46.95,,,,,,,743,gold
2023,2930006,29,BA,Sebastião Laranjeiras,59.03,,,,,,,743,gold
2023,2931905,29,BA,Tucano,28.98,,,,,,,743,gold
2023,2932101,29,BA,Ubaíra,47.39,,,,,,,743,gold
2023,3101300,31,MG,Alagoa,67.0,,,,,,,743,gold
2023,3101409,31,MG,Albertina,69.57,,,,,,,743,gold
2023,3112307,31,MG,Capelinha,70.01,,,,,,,743,gold
2023,3113404,31,MG,Caratinga,50.26,,,,,,,743,gold
2023,3114006,31,MG,Carmo da Mata,79.05,,,,,,,743,gold
2023,3119500,31,MG,Coronel Murta,65.72,,,,,,,743,gold
2023,3120508,31,MG,Cristina,55.83,,,,,,,743,gold
2023,3133006,31,MG,Itamonte,57.59,,,,,,,743,gold
2023,3138351,31,MG,Leme do Prado,52.94,,,,,,,743,gold
2023,3139904,31,MG,Maria da Fé,60.99,,,,,,,743,gold
2023,3140530,31,MG,Martins Soares,76.55,,,,,,,743,gold
2023,3147956,31,MG,Patis,82.27,,,,,,,743,gold
2023,3150158,31,MG,Piedade de Caratinga,52.84,,,,,,,743,gold
2023,3151107,31,MG,Pirapetinga,62.67,,,,,,,743,gold
2023,3154002,31,MG,Raul Soares,65.61,,,,,,,743,gold
2023,3160454,31,MG,Santo Antônio do Retiro,78.11,,,,,,,743,gold
2023,3162955,31,MG,São José da Lapa,62.41,,,,,,,743,gold
2023,3164100,31,MG,São Pedro do Suaçuí,61.26,,,,,,,743,gold
2023,3164308,31,MG,São Roque de Minas,71.16,,,,,,,743,gold
2023,3170701,31,MG,Varginha,50.68,,,,,,,743,gold
2023,3202108,32,ES,Ecoporanga,67.33,,,,,,,743,gold
2023,3202801,32,ES,Itapemirim,60.98,,,,,,,743,gold
2023,3203601,32,ES,Mucurici,83.71,,,,,,,743,gold
2023,3204708,32,ES,São Gabriel da Palha,73.1,,,,,,,743,gold
2023,3302809,33,RJ,Mendes,58.36,,,,,,,743,gold
2023,3537305,35,SP,Penápolis,62.92,,,,,,,743,gold
2023,4101507,41,PR,Arapongas,75.98,,,,,,,743,gold
2023,4110300,41,PR,Inajá,73.73,,,,,,,743,gold
2023,4110607,41,PR,Iporã,64.15,,,,,,,743,gold
2023,4115309,41,PR,Mariópolis,76.4,,,,,,,743,gold
2023,4116000,41,PR,Miraselva,77.05,,,,,,,743,gold
2023,4119152,41,PR,Pinhais,62.74,,,,,,,743,gold
2023,4119509,41,PR,Piraquara,58.33,,,,,,,743,gold
2023,4121356,41,PR,Rancho Alegre D'Oeste,78.04,,,,,,,743,gold
2023,4126405,41,PR,Sertaneja,92.04,,,,,,,743,gold
2023,4200051,42,SC,Abdon Batista,72.06,,,,,,,743,gold
2023,4202081,42,SC,Bandeirante,70.12,,,,,,,743,gold
2023,4205704,42,SC,Garopaba,70.59,,,,,,,743,gold
2023,4207502,42,SC,Indaial,57.47,,,,,,,743,gold
2023,4208005,42,SC,Itá,64.44,,,,,,,743,gold
2023,4212809,42,SC,Balneário Piçarras,61.5,,,,,,,743,gold
2023,4215000,42,SC,Rio Negrinho,61.53,,,,,,,743,gold
2023,4215059,42,SC,Rio Rufino,65.74,,,,,,,743,gold
2023,4217600,42,SC,Siderópolis,62.3,,,,,,,743,gold
2023,4218004,42,SC,Tijucas,45.31,,,,,,,743,gold
2023,4300406,43,RS,Alegrete,64.88,,,,,,,743,gold
2023,4301503,43,RS,Augusto Pestana,88.65,,,,,,,743,gold
2023,4302600,43,RS,Braga,50.59,,,,,,,743,gold
2023,4302709,43,RS,Butiá,59.53,,,,,,,743,gold
2023,4304689,43,RS,Capela de Santana,67.11,,,,,,,743,gold
2023,4309308,43,RS,Guaíba,50.14,,,,,,,743,gold
2023,4310009,43,RS,Ibirubá,67.66,,,,,,,743,gold
2023,4311429,43,RS,Lajeado do Bugre,46.67,,,,,,,743,gold
2023,4311759,43,RS,Manoel Viana,60.8,,,,,,,743,gold
2023,4312476,43,RS,Morro Reuter,61.32,,,,,,,743,gold
2023,4314134,43,RS,Paulo Bento,62.5,,,,,,,743,gold
2023,4316105,43,RS,Ronda Alta,78.8,,,,,,,743,gold
2023,4316204,43,RS,Rondinha,90.51,,,,,,,743,gold
2023,4316303,43,RS,Roque Gonzales,75.71,,,,,,,743,gold
2023,4316733,43,RS,Santa Cecília do Sul,75.0,,,,,,,743,gold
2023,4318622,43,RS,São José dos Ausentes,61.59,,,,,,,743,gold
2023,5005152,50,MS,Juti,22.63,,,,,,,743,gold
2023,5005251,50,MS,Laguna Carapã,83.01,,,,,,,743,gold
2023,5008008,50,MS,Terenos,56.94,,,,,,,743,gold
2023,5102603,51,MT,Campinápolis,38.79,,,,,,,743,gold
2023,5107750,51,MT,Salto do Céu,88.32,,,,,,,743,gold
2023,5108402,51,MT,Várzea Grande,47.17,,,,,,,743,gold
2023,5202601,52,GO,Aurilândia,75.98,,,,,,,743,gold
2023,5203302,52,GO,Bela Vista de Goiás,61.22,,,,,,,743,gold
2023,5210158,52,GO,Ipiranga de Goiás,93.1,,,,,,,743,gold
2023,5214002,52,GO,Mozarlândia,51.21,,,,,,,743,gold
2023,5221080,52,GO,Teresina de Goiás,56.82,,,,,,,743,gold
2023,1100262,11,RO,Rio Crespo,83.84,,,,,,,743,gold
2023,1100940,11,RO,Cujubim,77.47,,,,,,,743,gold
2023,1101484,11,RO,São Felipe D'Oeste,53.34,,,,,,,743,gold
2023,1304237,13,AM,Tonantins,45.93,,,,,,,743,gold
2023,1304302,13,AM,Urucará,62.37,,,,,,,743,gold
2023,1500131,15,PA,Abel Figueiredo,59.81,,,,,,,743,gold
2023,1501303,15,PA,Barcarena,46.55,,,,,,,743,gold
2023,1504109,15,PA,Magalhães Barata,54.01,,,,,,,743,gold
2023,1507409,15,PA,São Francisco do Pará,37.02,,,,,,,743,gold
2023,1703891,17,TO,Carrasco Bonito,34.09,,,,,,,743,gold
2023,1707553,17,TO,Fátima,52.54,,,,,,,743,gold
2023,1713957,17,TO,Muricilândia,17.89,,,,,,,743,gold
2023,1718204,17,TO,Porto Nacional,56.8,,,,,,,743,gold
2023,1720655,17,TO,Silvanópolis,34.74,,,,,,,743,gold
2023,2103307,21,MA,Codó,46.94,,,,,,,743,gold
2023,2103703,21,MA,Cururupu,65.83,,,,,,,743,gold
2023,2110401,21,MA,São Benedito do Rio Preto,46.81,,,,,,,743,gold
2023,2110856,21,MA,São Francisco do Brejão,62.65,,,,,,,743,gold
2023,2201176,22,PI,Barra D'Alcântara,61.11,,,,,,,743,gold
2023,2202109,22,PI,Campinas do Piauí,90.62,,,,,,,743,gold
2023,2202539,22,PI,Caraúbas do Piauí,38.51,,,,,,,743,gold
2023,2203800,22,PI,Flores do Piauí,46.83,,,,,,,743,gold
2023,2206001,22,PI,Marcos Parente,22.19,,,,,,,743,gold
2023,2206050,22,PI,Massapê do Piauí,45.94,,,,,,,743,gold
2023,2206357,22,PI,Milton Brandão,37.5,,,,,,,743,gold
2023,2209559,22,PI,São Braz do Piauí,87.8,,,,,,,743,gold
2023,2305357,23,CE,Icapuí,82.16,,,,,,,743,gold
2023,2308302,23,CE,Milagres,75.28,,,,,,,743,gold
2023,2313757,23,CE,Umirim,67.93,,,,,,,743,gold
2023,2403103,24,RN,Currais Novos,38.87,,,,,,,743,gold
2023,2403251,24,RN,Parnamirim,44.3,,,,,,,743,gold
2023,2406908,24,RN,Lucrécia,22.8,,,,,,,743,gold
2023,2411106,24,RN,Ruy Barbosa,58.23,,,,,,,743,gold
2023,2414753,24,RN,Venha-Ver,41.18,,,,,,,743,gold
2023,2501351,25,PB,Assunção,48.37,,,,,,,743,gold
2023,2508554,25,PB,Logradouro,80.75,,,,,,,743,gold
2023,2513505,25,PB,Santana de Mangueira,81.58,,,,,,,743,gold
2023,2515401,25,PB,São Vicente do Seridó,55.88,,,,,,,743,gold
2023,2516003,25,PB,Solânea,78.56,,,,,,,743,gold
2023,2601508,26,PE,Belém de Maria,71.24,,,,,,,743,gold
2023,2602605,26,PE,Brejo da Madre de Deus,52.96,,,,,,,743,gold
2023,2608800,26,PE,Lajedo,47.71,,,,,,,743,gold
2023,2611309,26,PE,Pombos,46.95,,,,,,,743,gold
2023,2612000,26,PE,Sairé,67.71,,,,,,,743,gold
2023,2706505,27,AL,Passo de Camaragibe,42.03,,,,,,,743,gold
2023,2707404,27,AL,Porto de Pedras,30.12,,,,,,,743,gold
2023,2707701,27,AL,Rio Largo,36.89,,,,,,,743,gold
2023,2708105,27,AL,Santana do Mundaú,98.87,,,,,,,743,gold
2023,2708303,27,AL,São José da Laje,79.22,,,,,,,743,gold
2023,2806008,28,SE,Ribeirópolis,36.51,,,,,,,743,gold
2023,2901106,29,BA,Amélia Rodrigues,37.49,,,,,,,743,gold
2023,2901403,29,BA,Angical,38.05,,,,,,,743,gold
2023,2905107,29,BA,Caém,35.37,,,,,,,743,gold
2023,2906824,29,BA,Canudos,18.85,,,,,,,743,gold
2023,2910859,29,BA,Filadélfia,18.28,,,,,,,743,gold
2023,2916708,29,BA,Itaquara,34.36,,,,,,,743,gold
2023,2917359,29,BA,Jaborandi,40.89,,,,,,,743,gold
2023,2921807,29,BA,Mortugaba,68.97,,,,,,,743,gold
2023,2922003,29,BA,Mucuri,49.09,,,,,,,743,gold
2023,2925758,29,BA,Presidente Tancredo Neves,21.87,,,,,,,743,gold
2023,2928505,29,BA,Santa Teresinha,26.63,,,,,,,743,gold
2023,3100500,31,MG,Açucena,47.95,,,,,,,743,gold
2023,3103009,31,MG,Antônio Dias,78.23,,,,,,,743,gold
2023,3105202,31,MG,Bandeira,62.73,,,,,,,743,gold
2023,3109006,31,MG,Brumadinho,70.28,,,,,,,743,gold
2023,3114105,31,MG,Carmo de Minas,61.19,,,,,,,743,gold
2023,3118700,31,MG,Coqueiral,71.3,,,,,,,743,gold
2023,3135704,31,MG,Jequitibá,52.44,,,,,,,743,gold
2023,3137304,31,MG,Lagoa dos Patos,41.04,,,,,,,743,gold
2023,3138500,31,MG,Liberdade,56.17,,,,,,,743,gold
2023,3141207,31,MG,Matutina,91.3,,,,,,,743,gold
2023,3146909,31,MG,Papagaios,47.1,,,,,,,743,gold
2023,3152709,31,MG,Prados,73.21,,,,,,,743,gold
2023,3153509,31,MG,Alto Jequitibá,50.82,,,,,,,743,gold
2023,3157609,31,MG,Santa Fé de Minas,33.37,,,,,,,743,gold
2023,3160108,31,MG,Santo Antônio do Grama,82.71,,,,,,,743,gold
2023,3161809,31,MG,São Gonçalo do Pará,61.12,,,,,,,743,gold
2023,3162922,31,MG,São Joaquim de Bicas,48.19,,,,,,,743,gold
2023,3163706,31,MG,São Lourenço,64.43,,,,,,,743,gold
2023,3201605,32,ES,Conceição da Barra,74.32,,,,,,,743,gold
2023,3202652,32,ES,Irupi,67.41,,,,,,,743,gold
2023,3203320,32,ES,Marataízes,73.28,,,,,,,743,gold
2023,3302601,33,RJ,Mangaratiba,47.54,,,,,,,743,gold
2023,4104253,41,PR,Campo Magro,59.84,,,,,,,743,gold
2023,4106209,41,PR,Contenda,78.38,,,,,,,743,gold
2023,4107603,41,PR,Faxinal,83.44,,,,,,,743,gold
2023,4108106,41,PR,Flórida,62.81,,,,,,,743,gold
2023,4111100,41,PR,Itambé,89.72,,,,,,,743,gold
2023,4111308,41,PR,Itaúna do Sul,77.38,,,,,,,743,gold
2023,4113254,41,PR,Laranjal,58.83,,,,,,,743,gold
2023,4120853,41,PR,Quatro Pontes,91.8,,,,,,,743,gold
2023,4126900,41,PR,Tapira,90.52,,,,,,,743,gold
2023,4127908,41,PR,Tuneiras do Oeste,71.46,,,,,,,743,gold
2023,4202206,42,SC,Benedito Novo,59.8,,,,,,,743,gold
2023,4210506,42,SC,Maravilha,85.56,,,,,,,743,gold
2023,4211405,42,SC,Nova Erechim,69.15,,,,,,,743,gold
2023,4215703,42,SC,Santo Amaro da Imperatriz,60.62,,,,,,,743,gold
2023,4300208,43,RS,Ajuricaba,69.32,,,,,,,743,gold
2023,4302006,43,RS,Barros Cassal,62.26,,,,,,,743,gold
2023,4303103,43,RS,Cachoeirinha,59.56,,,,,,,743,gold
2023,4306007,43,RS,Crissiumal,73.17,,,,,,,743,gold
2023,4306973,43,RS,Erebango,71.88,,,,,,,743,gold
2023,4310553,43,RS,Itacurubi,88.06,,,,,,,743,gold
2023,4312658,43,RS,Não-Me-Toque,71.73,,,,,,,743,gold
2023,4314456,43,RS,Pinhal,56.45,,,,,,,743,gold
2023,4314787,43,RS,Ponte Preta,60.0,,,,,,,743,gold
2023,4314902,43,RS,Porto Alegre,45.59,,,,,,,743,gold
2023,4316436,43,RS,Saldanha Marinho,62.74,,,,,,,743,gold
2023,4317509,43,RS,Santo Ângelo,63.45,,,,,,,743,gold
2023,4320008,43,RS,Sapucaia do Sul,59.74,,,,,,,743,gold
2023,4322707,43,RS,Vera Cruz,70.46,,,,,,,743,gold
2023,5105622,51,MT,Mirassol d'Oeste,49.04,,,,,,,743,gold
2023,5106000,51,MT,Nortelândia,47.48,,,,,,,743,gold
2023,5214861,52,GO,Nova Glória,81.84,,,,,,,743,gold
2023,1101476,11,RO,Primavera de Rondônia,86.09,,,,,,,743,gold
2023,1505551,15,PA,Pau D'Arco,50.65,,,,,,,743,gold
2023,1702109,17,TO,Araguaína,35.44,,,,,,,743,gold
2023,1711951,17,TO,Lagoa do Tocantins,20.75,,,,,,,743,gold
2023,1718881,17,TO,Santa Maria do Tocantins,24.56,,,,,,,743,gold
2023,2104677,21,MA,Governador Nunes Freire,76.23,,,,,,,743,gold
2023,2105963,21,MA,Lagoa Grande do Maranhão,81.68,,,,,,,743,gold
2023,2106300,21,MA,Magalhães de Almeida,51.59,,,,,,,743,gold
2023,2110203,21,MA,Santa Rita,59.53,,,,,,,743,gold
2023,2112001,21,MA,Tasso Fragoso,45.1,,,,,,,743,gold
2023,2205508,22,PI,José de Freitas,49.82,,,,,,,743,gold
2023,2205573,22,PI,Lagoa de São Francisco,41.38,,,,,,,743,gold
2023,2206407,22,PI,Monsenhor Gil,60.33,,,,,,,743,gold
2023,2209708,22,PI,São Francisco do Piauí,58.13,,,,,,,743,gold
2023,2300606,23,CE,Altaneira,100.0,,,,,,,743,gold
2023,2304236,23,CE,Croatá,98.5,,,,,,,743,gold
2023,2311959,23,CE,Salitre,96.62,,,,,,,743,gold
2023,2405504,24,RN,Jardim de Angicos,16.62,,,,,,,743,gold
2023,2410108,24,RN,Poço Branco,10.4,,,,,,,743,gold
2023,2509396,25,PB,Maturéia,50.64,,,,,,,743,gold
2023,2511707,25,PB,Pilõezinhos,98.55,,,,,,,743,gold
2023,2513208,25,PB,Santa Cruz,52.79,,,,,,,743,gold
2023,2513604,25,PB,Santana dos Garrotes,32.69,,,,,,,743,gold
2023,2515500,25,PB,Serra Branca,57.57,,,,,,,743,gold
2023,2601052,26,PE,Araçoiaba,45.71,,,,,,,743,gold
2023,2603801,26,PE,Capoeiras,50.95,,,,,,,743,gold
2023,2605152,26,PE,Dormentes,64.93,,,,,,,743,gold
2023,2605400,26,PE,Feira Nova,85.66,,,,,,,743,gold
2023,2606002,26,PE,Garanhuns,52.28,,,,,,,743,gold
2023,2609402,26,PE,Moreno,53.38,,,,,,,743,gold
2023,2613404,26,PE,São José da Coroa Grande,41.77,,,,,,,743,gold
2023,2614857,26,PE,Tamandaré,44.9,,,,,,,743,gold
2023,2700409,27,AL,Atalaia,32.36,,,,,,,743,gold
2023,2701902,27,AL,Chã Preta,43.85,,,,,,,743,gold
2023,2702108,27,AL,Colônia Leopoldina,84.66,,,,,,,743,gold
2023,2706109,27,AL,Ouro Branco,20.41,,,,,,,743,gold
2023,2706406,27,AL,Pão de Açúcar,47.65,,,,,,,743,gold
2023,2904001,29,BA,Boninal,45.05,,,,,,,743,gold
2023,2911600,29,BA,Governador Mangabeira,36.92,,,,,,,743,gold
2023,2919926,29,BA,Madre de Deus,40.71,,,,,,,743,gold
2023,2922409,29,BA,Mutuípe,58.37,,,,,,,743,gold
2023,2922854,29,BA,Nova Redenção,31.91,,,,,,,743,gold
2023,2925931,29,BA,Quixabeira,38.72,,,,,,,743,gold
2023,2932002,29,BA,Uauá,44.93,,,,,,,743,gold
2023,3100708,31,MG,Água Comprida,96.84,,,,,,,743,gold
2023,3100807,31,MG,Aguanil,100.0,,,,,,,743,gold
2023,3105509,31,MG,Barão de Monte Alto,63.54,,,,,,,743,gold
2023,3111804,31,MG,Canápolis,47.61,,,,,,,743,gold
2023,3121308,31,MG,Descoberto,62.69,,,,,,,743,gold
2023,3126901,31,MG,Frei Inocêncio,53.11,,,,,,,743,gold
2023,3134400,31,MG,Iturama,55.84,,,,,,,743,gold
2023,3135050,31,MG,Jaíba,45.96,,,,,,,743,gold
2023,3136520,31,MG,José Gonçalves de Minas,34.09,,,,,,,743,gold
2023,3136652,31,MG,Juatuba,47.58,,,,,,,743,gold
2023,3137536,31,MG,Lagoa Grande,81.75,,,,,,,743,gold
2023,3151305,31,MG,Piraúba,72.98,,,,,,,743,gold
2023,3158003,31,MG,Santa Maria de Itabira,54.64,,,,,,,743,gold
2023,3158300,31,MG,Santana da Vargem,67.84,,,,,,,743,gold
2023,3160801,31,MG,São Bento Abade,58.23,,,,,,,743,gold
2023,3162450,31,MG,São João das Missões,64.64,,,,,,,743,gold
2023,3166501,31,MG,Serra Azul de Minas,55.0,,,,,,,743,gold
2023,3171006,31,MG,Vazante,48.56,,,,,,,743,gold
2023,3204658,32,ES,São Domingos do Norte,88.07,,,,,,,743,gold
2023,3300225,33,RJ,Areal,62.45,,,,,,,743,gold
2023,3300407,33,RJ,Barra Mansa,59.19,,,,,,,743,gold
2023,3304128,33,RJ,Quatis,48.93,,,,,,,743,gold
2023,3552502,35,SP,Suzano,44.51,,,,,,,743,gold
2023,3555000,35,SP,Tupã,50.19,,,,,,,743,gold
2023,4103305,41,PR,Borrazópolis,87.15,,,,,,,743,gold
2023,4109203,41,PR,Guaraci,72.75,,,,,,,743,gold
2023,4109708,41,PR,Ibaiti,72.88,,,,,,,743,gold
2023,4123303,41,PR,Santa Cruz de Monte Castelo,85.79,,,,,,,743,gold
2023,4123907,41,PR,Santa Mariana,73.65,,,,,,,743,gold
2023,4123956,41,PR,Santa Mônica,78.67,,,,,,,743,gold
2023,4127601,41,PR,Tijucas do Sul,78.76,,,,,,,743,gold
2023,4204301,42,SC,Concórdia,70.89,,,,,,,743,gold
2023,4208807,42,SC,Jaguaruna,50.36,,,,,,,743,gold
2023,4211504,42,SC,Nova Trento,67.8,,,,,,,743,gold
2023,4217154,42,SC,São Miguel da Boa Vista,87.5,,,,,,,743,gold
2023,4217204,42,SC,São Miguel do Oeste,64.94,,,,,,,743,gold
2023,4218954,42,SC,Urupema,80.09,,,,,,,743,gold
2023,4219101,42,SC,Vargeão,80.87,,,,,,,743,gold
2023,4302501,43,RS,Bossoroca,61.11,,,,,,,743,gold
2023,4310850,43,RS,Jaboticaba,90.57,,,,,,,743,gold
2023,4312450,43,RS,Morro Redondo,72.96,,,,,,,743,gold
2023,4319307,43,RS,São Paulo das Missões,77.73,,,,,,,743,gold
2023,4320206,43,RS,Seberi,82.25,,,,,,,743,gold
2023,4321451,43,RS,Teutônia,83.12,,,,,,,743,gold
2023,5000203,50,MS,Água Clara,70.19,,,,,,,743,gold
2023,5100409,51,MT,Alto Garças,40.74,,,,,,,743,gold
2023,5104104,51,MT,Guarantã do Norte,62.14,,,,,,,743,gold
2023,5104807,51,MT,Jaciara,53.41,,,,,,,743,gold
2023,5108956,51,MT,Nova Monte Verde,77.16,,,,,,,743,gold
2023,5201108,52,GO,Anápolis,72.06,,,,,,,743,gold
2023,5213004,52,GO,Maurilândia,78.46,,,,,,,743,gold
2023,5214903,52,GO,Nova Roma,61.29,,,,,,,743,gold
2023,1503002,15,PA,Faro,51.05,,,,,,,743,gold
2023,1600303,16,AP,Macapá,41.73,,,,,,,743,gold
2023,1702158,17,TO,Araguanã,37.72,,,,,,,743,gold
2023,1702554,17,TO,Augustinópolis,50.01,,,,,,,743,gold
2023,1710904,17,TO,Itapiratins,35.09,,,,,,,743,gold
2023,1720200,17,TO,São Miguel do Tocantins,26.98,,,,,,,743,gold
2023,2106508,21,MA,Matinha,63.97,,,,,,,743,gold
2023,2110039,21,MA,Santa Luzia do Paruá,93.66,,,,,,,743,gold
2023,2110302,21,MA,Santo Antônio dos Lopes,52.71,,,,,,,743,gold
2023,2202737,22,PI,Coivaras,78.14,,,,,,,743,gold
2023,2205003,22,PI,Itainópolis,74.15,,,,,,,743,gold
2023,2205581,22,PI,Lagoa do Piauí,7.17,,,,,,,743,gold
2023,2207751,22,PI,Passagem Franca do Piauí,100.0,,,,,,,743,gold
2023,2211704,22,PI,Wall Ferraz,37.6,,,,,,,743,gold
2023,2307601,23,CE,Limoeiro do Norte,87.84,,,,,,,743,gold
2023,2307700,23,CE,Maranguape,79.76,,,,,,,743,gold
2023,2308377,23,CE,Miraíma,86.66,,,,,,,743,gold
2023,2309102,23,CE,Mulungu,85.81,,,,,,,743,gold
2023,2312205,23,CE,Santa Quitéria,98.21,,,,,,,743,gold
2023,2313005,23,CE,Solonópole,98.1,,,,,,,743,gold
2023,2404804,24,RN,Ipueira,50.0,,,,,,,743,gold
2023,2406502,24,RN,Lagoa Nova,34.74,,,,,,,743,gold
2023,2406601,24,RN,Lagoa Salgada,23.4,,,,,,,743,gold
2023,2406809,24,RN,Lajes Pintadas,27.97,,,,,,,743,gold
2023,2409407,24,RN,Pau dos Ferros,39.7,,,,,,,743,gold
2023,2411809,24,RN,São Fernando,47.14,,,,,,,743,gold
2023,2504009,25,PB,Campina Grande,42.8,,,,,,,743,gold
2023,2504207,25,PB,Catingueira,32.79,,,,,,,743,gold
2023,2504603,25,PB,Conde,62.38,,,,,,,743,gold
2023,2512077,25,PB,Poço de José de Moura,87.93,,,,,,,743,gold
2023,2513406,25,PB,Santa Luzia,58.06,,,,,,,743,gold
2023,2513927,25,PB,São Bentinho,65.98,,,,,,,743,gold
2023,2516300,25,PB,Sumé,33.2,,,,,,,743,gold
2023,2600302,26,PE,Agrestina,71.71,,,,,,,743,gold
2023,2603306,26,PE,Calçado,57.35,,,,,,,743,gold
2023,2603454,26,PE,Camaragibe,58.66,,,,,,,743,gold
2023,2605301,26,PE,Exu,56.65,,,,,,,743,gold
2023,2612406,26,PE,Sanharó,41.8,,,,,,,743,gold
2023,2613107,26,PE,São Caitano,45.1,,,,,,,743,gold
2023,2614105,26,PE,Sertânia,59.14,,,,,,,743,gold
2023,2709202,27,AL,Traipu,31.62,,,,,,,743,gold
2023,2902500,29,BA,Baianópolis,39.85,,,,,,,743,gold
2023,2902708,29,BA,Barra,26.84,,,,,,,743,gold
2023,2915908,29,BA,Itanagra,22.47,,,,,,,743,gold
2023,2917003,29,BA,Itiúba,27.79,,,,,,,743,gold
2023,2918308,29,BA,Jitaúna,24.15,,,,,,,743,gold
2023,2927606,29,BA,Santa Brígida,25.65,,,,,,,743,gold
2023,2927903,29,BA,Santa Inês,47.34,,,,,,,743,gold
2023,2931350,29,BA,Teixeira de Freitas,51.85,,,,,,,743,gold
2023,3107109,31,MG,Boa Esperança,57.37,,,,,,,743,gold
2023,3107703,31,MG,Bom Jesus do Amparo,46.67,,,,,,,743,gold
2023,3112208,31,MG,Capela Nova,83.06,,,,,,,743,gold
2023,3119609,31,MG,Coronel Pacheco,100.0,,,,,,,743,gold
2023,3121506,31,MG,Desterro do Melo,68.18,,,,,,,743,gold
2023,3122504,31,MG,Dom Cavati,74.74,,,,,,,743,gold
2023,3122603,31,MG,Dom Joaquim,73.54,,,,,,,743,gold
2023,3125507,31,MG,São Gonçalo do Rio Preto,80.13,,,,,,,743,gold
2023,3131406,31,MG,Ipiaçu,75.16,,,,,,,743,gold
2023,3140001,31,MG,Mariana,55.06,,,,,,,743,gold
2023,3145356,31,MG,Novo Oriente de Minas,53.59,,,,,,,743,gold
2023,3145901,31,MG,Ouro Branco,65.37,,,,,,,743,gold
2023,3149101,31,MG,Pedralva,50.09,,,,,,,743,gold
2023,3150901,31,MG,Piranguçu,66.27,,,,,,,743,gold
2023,3152907,31,MG,Pratápolis,64.14,,,,,,,743,gold
2023,3153707,31,MG,Quartel Geral,42.5,,,,,,,743,gold
2023,3153806,31,MG,Queluzito,61.54,,,,,,,743,gold
2023,3155405,31,MG,Rio Novo,39.03,,,,,,,743,gold
2023,3158904,31,MG,Santana do Manhuaçu,90.59,,,,,,,743,gold
2023,3162104,31,MG,São Gotardo,53.98,,,,,,,743,gold
2023,3168051,31,MG,Taparuba,44.12,,,,,,,743,gold
2023,3171303,31,MG,Viçosa,61.85,,,,,,,743,gold
2023,3202454,32,ES,Ibatiba,80.52,,,,,,,743,gold
2023,3204054,32,ES,Pedro Canário,68.97,,,,,,,743,gold
2023,3204401,32,ES,Rio Novo do Sul,78.04,,,,,,,743,gold
2023,3302270,33,RJ,Japeri,39.09,,,,,,,743,gold
2023,3516200,35,SP,Franca,63.83,,,,,,,743,gold
2023,4106852,41,PR,Cruzmaltina,95.74,,,,,,,743,gold
2023,4107504,41,PR,Engenheiro Beltrão,87.33,,,,,,,743,gold
2023,4109104,41,PR,Guaporema,84.38,,,,,,,743,gold
2023,4115358,41,PR,Maripá,80.97,,,,,,,743,gold
2023,4119707,41,PR,Planaltina do Paraná,79.79,,,,,,,743,gold
2023,4120655,41,PR,Quarto Centenário,79.88,,,,,,,743,gold
2023,4121257,41,PR,Ramilândia,88.1,,,,,,,743,gold
2023,4123808,41,PR,Santa Izabel do Oeste,82.42,,,,,,,743,gold
2023,4200408,42,SC,Água Doce,64.75,,,,,,,743,gold
2023,4211801,42,SC,Ouro,72.58,,,,,,,743,gold
2023,4213302,42,SC,Ponte Alta,33.56,,,,,,,743,gold
2023,4213906,42,SC,Presidente Castello Branco,47.06,,,,,,,743,gold
2023,4214409,42,SC,Rio das Antas,51.1,,,,,,,743,gold
2023,4214508,42,SC,Rio do Campo,70.75,,,,,,,743,gold
2023,4305801,43,RS,Constantina,82.54,,,,,,,743,gold
2023,4308458,43,RS,Fortaleza dos Valos,87.27,,,,,,,743,gold
2023,4309902,43,RS,Ibiraiaras,78.46,,,,,,,743,gold
2023,4310579,43,RS,Itapuca,80.62,,,,,,,743,gold
2023,4317400,43,RS,Santiago,68.9,,,,,,,743,gold
2023,4318200,43,RS,São Francisco de Paula,62.28,,,,,,,743,gold
2023,4323804,43,RS,Xangri-lá,56.84,,,,,,,743,gold
2023,5007695,50,MS,São Gabriel do Oeste,52.66,,,,,,,743,gold
2023,5105176,51,MT,Juruena,59.71,,,,,,,743,gold
2023,5107040,51,MT,Primavera do Leste,48.71,,,,,,,743,gold
2023,5107180,51,MT,Ribeirão Cascalheira,63.42,,,,,,,743,gold
2023,5107297,51,MT,São José do Povo,80.66,,,,,,,743,gold
2023,5205406,52,GO,Ceres,88.1,,,,,,,743,gold
2023,5207253,52,GO,Doverlândia,78.21,,,,,,,743,gold
2023,5208806,52,GO,Goianira,69.12,,,,,,,743,gold
2023,5209705,52,GO,Hidrolândia,68.97,,,,,,,743,gold
2023,5212006,52,GO,Jaupaci,97.43,,,,,,,743,gold
2023,5213103,52,GO,Mineiros,80.26,,,,,,,743,gold
2023,5214804,52,GO,Nova Aurora,14.29,,,,,,,743,gold
2023,5222005,52,GO,Vianópolis,89.04,,,,,,,743,gold
2023,1100338,11,RO,Nova Mamoré,63.02,,,,,,,743,gold
2023,1502301,15,PA,Capitão Poço,50.98,,,,,,,743,gold
2023,1503606,15,PA,Itaituba,61.0,,,,,,,743,gold
2023,1505304,15,PA,Oriximiná,34.52,,,,,,,743,gold
2023,1507979,15,PA,Terra Santa,70.72,,,,,,,743,gold
2023,1508035,15,PA,Tracuateua,48.47,,,,,,,743,gold
2023,1600055,16,AP,Serra do Navio,32.92,,,,,,,743,gold
2023,1703008,17,TO,Babaçulândia,20.49,,,,,,,743,gold
2023,1713205,17,TO,Miracema do Tocantins,41.54,,,,,,,743,gold
2023,1718451,17,TO,Pugmil,20.72,,,,,,,743,gold
2023,1720804,17,TO,Sítio Novo do Tocantins,39.53,,,,,,,743,gold
2023,2102374,21,MA,Cachoeira Grande,41.14,,,,,,,743,gold
2023,2103109,21,MA,Cedral,69.8,,,,,,,743,gold
2023,2103604,21,MA,Coroatá,41.49,,,,,,,743,gold
2023,2106003,21,MA,Lima Campos,86.67,,,,,,,743,gold
2023,2108603,21,MA,Pinheiro,53.04,,,,,,,743,gold
2023,2112456,21,MA,Turilândia,56.43,,,,,,,743,gold
2023,2113009,21,MA,Vitorino Freire,51.04,,,,,,,743,gold
2023,2209757,22,PI,São Gonçalo do Gurguéia,76.47,,,,,,,743,gold
2023,2210706,22,PI,Simões,68.51,,,,,,,743,gold
2023,2402501,24,RN,Carnaubais,32.86,,,,,,,743,gold
2023,2407500,24,RN,Maxaranguape,39.12,,,,,,,743,gold
2023,2409704,24,RN,Pedro Avelino,23.2,,,,,,,743,gold
2023,2502102,25,PB,Boa Ventura,28.58,,,,,,,743,gold
2023,2505808,25,PB,Duas Estradas,11.05,,,,,,,743,gold
2023,2506251,25,PB,Gado Bravo,78.26,,,,,,,743,gold
2023,2507101,25,PB,Itapororoca,71.75,,,,,,,743,gold
2023,2507408,25,PB,Jericó,53.45,,,,,,,743,gold
2023,2510006,25,PB,Nazarezinho,36.48,,,,,,,743,gold
2023,2600401,26,PE,Água Preta,61.14,,,,,,,743,gold
2023,2605608,26,PE,Flores,74.26,,,,,,,743,gold
2023,2611408,26,PE,Primavera,77.53,,,,,,,743,gold
2023,2706703,27,AL,Penedo,40.64,,,,,,,743,gold
2023,2707008,27,AL,Pindoba,29.05,,,,,,,743,gold
2023,2800308,28,SE,Aracaju,30.95,,,,,,,743,gold
2023,2904050,29,BA,Bonito,40.18,,,,,,,743,gold
2023,2904902,29,BA,Cachoeira,24.85,,,,,,,743,gold
2023,2914208,29,BA,Irajuba,40.34,,,,,,,743,gold
2023,2917607,29,BA,Jaguaquara,46.31,,,,,,,743,gold
2023,2930204,29,BA,Sento Sé,26.41,,,,,,,743,gold
2023,2932457,29,BA,Umburanas,21.31,,,,,,,743,gold
2023,3101102,31,MG,Aimorés,56.8,,,,,,,743,gold
2023,3108909,31,MG,Brazópolis,50.86,,,,,,,743,gold
2023,3110103,31,MG,Caiana,58.54,,,,,,,743,gold
2023,3113107,31,MG,Caranaíba,70.0,,,,,,,743,gold
2023,3118007,31,MG,Congonhas,56.15,,,,,,,743,gold
2023,3121100,31,MG,Delfim Moreira,63.46,,,,,,,743,gold
2023,3122405,31,MG,Divisa Nova,64.28,,,,,,,743,gold
2023,3130051,31,MG,Icaraí de Minas,53.69,,,,,,,743,gold
2023,3132602,31,MG,Itamarati de Minas,48.03,,,,,,,743,gold
2023,3133501,31,MG,Itapecerica,77.04,,,,,,,743,gold
2023,3137908,31,MG,Lamim,100.0,,,,,,,743,gold
2023,3138609,31,MG,Lima Duarte,46.49,,,,,,,743,gold
2023,3147006,31,MG,Paracatu,67.07,,,,,,,743,gold
2023,3149408,31,MG,Pedro Teixeira,80.0,,,,,,,743,gold
2023,3150000,31,MG,Pescador,88.06,,,,,,,743,gold
2023,3152204,31,MG,Porteirinha,65.15,,,,,,,743,gold
2023,3153400,31,MG,Presidente Olegário,77.37,,,,,,,743,gold
2023,3157377,31,MG,Santa Cruz de Salinas,83.36,,,,,,,743,gold
2023,3158508,31,MG,Santana de Pirapama,53.2,,,,,,,743,gold
2023,3159605,31,MG,Santa Rita do Sapucaí,58.99,,,,,,,743,gold
2023,3166956,31,MG,Serranópolis de Minas,95.35,,,,,,,743,gold
2023,3170800,31,MG,Várzea da Palma,61.71,,,,,,,743,gold
2023,3200904,32,ES,Barra de São Francisco,78.53,,,,,,,743,gold
2023,3203809,32,ES,Muqui,63.47,,,,,,,743,gold
2023,3301009,33,RJ,Campos dos Goytacazes,38.69,,,,,,,743,gold
2023,3504107,35,SP,Atibaia,70.57,,,,,,,743,gold
2023,3510708,35,SP,Cardoso,69.75,,,,,,,743,gold
2023,3527108,35,SP,Lins,65.12,,,,,,,743,gold
2023,3552205,35,SP,Sorocaba,49.09,,,,,,,743,gold
2023,4109500,41,PR,Guaraqueçaba,70.13,,,,,,,743,gold
2023,4126652,41,PR,Sulina,64.36,,,,,,,743,gold
2023,4127304,41,PR,Terra Rica,69.02,,,,,,,743,gold
2023,4205175,42,SC,Entre Rios,66.97,,,,,,,743,gold
2023,4207684,42,SC,Ipuaçu,59.49,,,,,,,743,gold
2023,4210852,42,SC,Mirim Doce,39.19,,,,,,,743,gold
2023,4212304,42,SC,Paulo Lopes,63.06,,,,,,,743,gold
2023,4307450,43,RS,Esperança do Sul,97.22,,,,,,,743,gold
2023,4308078,43,RS,Fazenda Vilanova,80.0,,,,,,,743,gold
2023,4314175,43,RS,Pedras Altas,64.71,,,,,,,743,gold
2023,4320404,43,RS,Serafina Corrêa,85.7,,,,,,,743,gold
2023,4320651,43,RS,Silveira Martins,66.67,,,,,,,743,gold
2023,5001243,50,MS,Aral Moreira,73.91,,,,,,,743,gold
2023,5005806,50,MS,Nioaque,53.94,,,,,,,743,gold
2023,5101852,51,MT,Bom Jesus do Araguaia,31.32,,,,,,,743,gold
2023,5102702,51,MT,Canarana,34.74,,,,,,,743,gold
2023,5103106,51,MT,Cocalinho,78.71,,,,,,,743,gold
2023,5103502,51,MT,Diamantino,48.15,,,,,,,743,gold
2023,5103957,51,MT,Glória D'Oeste,90.57,,,,,,,743,gold
2023,5105507,51,MT,Vila Bela da Santíssima Trindade,49.57,,,,,,,743,gold
2023,5206206,52,GO,Cristalina,67.92,,,,,,,743,gold
2023,5209952,52,GO,Indiara,67.15,,,,,,,743,gold
2023,5211305,52,GO,Itarumã,76.72,,,,,,,743,gold
2023,5211909,52,GO,Jataí,64.01,,,,,,,743,gold
2023,5212253,52,GO,Lagoa Santa,80.95,,,,,,,743,gold
2023,5213905,52,GO,Mossâmedes,85.24,,,,,,,743,gold
2023,5217302,52,GO,Pirenópolis,72.91,,,,,,,743,gold
2023,5220504,52,GO,Serranópolis,54.47,,,,,,,743,gold
2023,5221700,52,GO,Uruana,75.58,,,,,,,743,gold
2023,1100015,11,RO,Alta Floresta D'Oeste,64.55,,,,,,,743,gold
2023,1100098,11,RO,Espigão D'Oeste,81.65,,,,,,,743,gold
2023,1100288,11,RO,Rolim de Moura,68.8,,,,,,,743,gold
2023,1100809,11,RO,Candeias do Jamari,48.96,,,,,,,743,gold
2023,1101435,11,RO,Nova União,60.65,,,,,,,743,gold
2023,1303304,13,AM,Novo Aripuanã,78.15,,,,,,,743,gold
2023,1502756,15,PA,Concórdia do Pará,40.62,,,,,,,743,gold
2023,1504505,15,PA,Melgaço,38.0,,,,,,,743,gold
2023,1505635,15,PA,Piçarra,58.29,,,,,,,743,gold
2023,1506005,15,PA,Prainha,57.34,,,,,,,743,gold
2023,1507474,15,PA,São João de Pirabas,29.84,,,,,,,743,gold
2023,1705607,17,TO,Conceição do Tocantins,27.6,,,,,,,743,gold
2023,1708304,17,TO,Goianorte,53.56,,,,,,,743,gold
2023,1717206,17,TO,Piraquê,26.08,,,,,,,743,gold
2023,1718808,17,TO,Sampaio,43.61,,,,,,,743,gold
2023,2105989,21,MA,Lajeado Novo,60.63,,,,,,,743,gold
2023,2107100,21,MA,Morros,94.83,,,,,,,743,gold
2023,2107704,21,MA,Paraibano,78.85,,,,,,,743,gold
2023,2108702,21,MA,Pio XII,24.85,,,,,,,743,gold
2023,2109007,21,MA,Porto Franco,58.08,,,,,,,743,gold
2023,2201572,22,PI,Belém do Piauí,100.0,,,,,,,743,gold
2023,2203206,22,PI,Curimatá,68.19,,,,,,,743,gold
2023,2206720,22,PI,Nazária,77.65,,,,,,,743,gold
2023,2411403,24,RN,Santana do Matos,33.17,,,,,,,743,gold
2023,2413359,24,RN,Serra do Mel,32.67,,,,,,,743,gold
2023,2502003,25,PB,Belém do Brejo do Cruz,57.5,,,,,,,743,gold
2023,2502508,25,PB,Boqueirão,38.0,,,,,,,743,gold
2023,2513901,25,PB,São Bento,42.46,,,,,,,743,gold
2023,2514651,25,PB,São José do Brejo do Cruz,40.0,,,,,,,743,gold
2023,2600708,26,PE,Aliança,55.15,,,,,,,743,gold
2023,2601102,26,PE,Araripina,56.89,,,,,,,743,gold
2023,2601409,26,PE,Barreiros,61.78,,,,,,,743,gold
2023,2602704,26,PE,Buenos Aires,62.99,,,,,,,743,gold
2023,2608057,26,PE,Jatobá,76.14,,,,,,,743,gold
2023,2608701,26,PE,Lagoa dos Gatos,70.94,,,,,,,743,gold
2023,2612554,26,PE,Santa Filomena,58.92,,,,,,,743,gold
2023,2615904,26,PE,Tuparetama,77.11,,,,,,,743,gold
2023,2616209,26,PE,Vertentes,55.05,,,,,,,743,gold
2023,2702900,27,AL,Girau do Ponciano,35.73,,,,,,,743,gold
2023,2806909,28,SE,São Francisco,34.78,,,,,,,743,gold
2023,2909208,29,BA,Coronel João Sá,28.7,,,,,,,743,gold
2023,2922805,29,BA,Nova Itarana,32.97,,,,,,,743,gold
2023,2928604,29,BA,Santo Amaro,43.81,,,,,,,743,gold
2023,2930501,29,BA,Serrinha,25.2,,,,,,,743,gold
2023,2932507,29,BA,Una,37.89,,,,,,,743,gold
2023,3107307,31,MG,Bocaiúva,72.96,,,,,,,743,gold
2023,3107604,31,MG,Bom Jesus da Penha,51.25,,,,,,,743,gold
2023,3113701,31,MG,Carlos Chagas,56.45,,,,,,,743,gold
2023,3117702,31,MG,Conceição do Rio Verde,89.94,,,,,,,743,gold
2023,3125952,31,MG,Fervedouro,66.12,,,,,,,743,gold
2023,3139250,31,MG,Mamonas,40.12,,,,,,,743,gold
2023,3140605,31,MG,Materlândia,37.11,,,,,,,743,gold
2023,3148202,31,MG,Patrocínio do Muriaé,72.64,,,,,,,743,gold
2023,3171402,31,MG,Vieiras,50.44,,,,,,,743,gold
2023,3302304,33,RJ,Laje do Muriaé,45.19,,,,,,,743,gold
2023,3304151,33,RJ,Quissamã,66.22,,,,,,,743,gold
2023,3305109,33,RJ,São João de Meriti,37.6,,,,,,,743,gold
2023,3515103,35,SP,Embu-Guaçu,57.31,,,,,,,743,gold
2023,3544103,35,SP,Rio Grande da Serra,45.84,,,,,,,743,gold
2023,4100806,41,PR,Alvorada do Sul,69.39,,,,,,,743,gold
2023,4110904,41,PR,Itaguajé,59.34,,,,,,,743,gold
2023,4113403,41,PR,Leópolis,91.11,,,,,,,743,gold
2023,4113809,41,PR,Lupionópolis,86.97,,,,,,,743,gold
2023,4119103,41,PR,Piên,85.9,,,,,,,743,gold
2023,4119657,41,PR,Pitangueiras,94.13,,,,,,,743,gold
2023,4124202,41,PR,Santo Antônio do Caiuá,82.83,,,,,,,743,gold
2023,4125555,41,PR,São Manoel do Paraná,95.44,,,,,,,743,gold
2023,4206702,42,SC,Herval d'Oeste,53.72,,,,,,,743,gold
2023,4211009,42,SC,Mondaí,68.17,,,,,,,743,gold
2023,4214201,42,SC,Quilombo,67.13,,,,,,,743,gold
2023,4302154,43,RS,Boa Vista das Missões,77.2,,,,,,,743,gold
2023,4302204,43,RS,Boa Vista do Buricá,83.45,,,,,,,743,gold
2023,4304713,43,RS,Caraá,90.82,,,,,,,743,gold
2023,4310801,43,RS,Ivoti,77.4,,,,,,,743,gold
2023,4312138,43,RS,Mato Castelhano,76.48,,,,,,,743,gold
2023,4312955,43,RS,Nova Boa Vista,100.0,,,,,,,743,gold
2023,4318309,43,RS,São Gabriel,62.74,,,,,,,743,gold
2023,4321469,43,RS,Tio Hugo,87.5,,,,,,,743,gold
2023,4322004,43,RS,Triunfo,67.64,,,,,,,743,gold
2023,5001102,50,MS,Aquidauana,70.0,,,,,,,743,gold
2023,5002308,50,MS,Brasilândia,51.72,,,,,,,743,gold
2023,5004601,50,MS,Itaquiraí,73.35,,,,,,,743,gold
2023,5006259,50,MS,Novo Horizonte do Sul,47.37,,,,,,,743,gold
2023,5006408,50,MS,Pedro Gomes,33.66,,,,,,,743,gold
2023,5006606,50,MS,Ponta Porã,55.04,,,,,,,743,gold
2023,5106240,51,MT,Nova Ubiratã,73.23,,,,,,,743,gold
2023,5106281,51,MT,Novo São Joaquim,61.2,,,,,,,743,gold
2023,5107198,51,MT,Ribeirãozinho,48.96,,,,,,,743,gold
2023,5200308,52,GO,Alexânia,76.28,,,,,,,743,gold
2023,5205497,52,GO,Cidade Ocidental,51.3,,,,,,,743,gold
2023,5207501,52,GO,Estrela do Norte,67.18,,,,,,,743,gold
2023,5216809,52,GO,Petrolina de Goiás,59.28,,,,,,,743,gold
2023,5219407,52,GO,Santa Rita do Araguaia,78.75,,,,,,,743,gold
2023,5221577,52,GO,Uirapuru,38.84,,,,,,,743,gold
2023,1100601,11,RO,Cacaulândia,54.63,,,,,,,743,gold
2023,1300300,13,AM,Autazes,47.04,,,,,,,743,gold
2023,1502400,15,PA,Castanhal,38.09,,,,,,,743,gold
2023,1600204,16,AP,Calçoene,35.34,,,,,,,743,gold
2023,1706001,17,TO,Couto Magalhães,48.18,,,,,,,743,gold
2023,1714302,17,TO,Nazaré,45.94,,,,,,,743,gold
2023,1717909,17,TO,Ponte Alta do Tocantins,47.6,,,,,,,743,gold
2023,2101350,21,MA,Bacurituba,88.89,,,,,,,743,gold
2023,2101608,21,MA,Barra do Corda,65.45,,,,,,,743,gold
2023,2104404,21,MA,Gonçalves Dias,45.23,,,,,,,743,gold
2023,2104602,21,MA,Governador Eugênio Barros,52.89,,,,,,,743,gold
2023,2105401,21,MA,Itapecuru Mirim,53.35,,,,,,,743,gold
2023,2111789,21,MA,Serrano do Maranhão,67.99,,,,,,,743,gold
2023,2200277,22,PI,Alegrete do Piauí,53.89,,,,,,,743,gold
2023,2201150,22,PI,Baixa Grande do Ribeiro,48.61,,,,,,,743,gold
2023,2205599,22,PI,Lagoa do Sítio,12.7,,,,,,,743,gold
2023,2205854,22,PI,Madeiro,62.05,,,,,,,743,gold
2023,2206753,22,PI,Nossa Senhora de Nazaré,21.74,,,,,,,743,gold
2023,2209302,22,PI,Santa Luz,100.0,,,,,,,743,gold
2023,2302909,23,CE,Capistrano,77.64,,,,,,,743,gold
2023,2303808,23,CE,Cedro,96.63,,,,,,,743,gold
2023,2310100,23,CE,Palmácia,98.68,,,,,,,743,gold
2023,2312007,23,CE,Santana do Acaraú,99.18,,,,,,,743,gold
2023,2312908,23,CE,Sobral,98.74,,,,,,,743,gold
2023,2400604,24,RN,Almino Afonso,25.56,,,,,,,743,gold
2023,2401206,24,RN,Arês,24.75,,,,,,,743,gold
2023,2401305,24,RN,Campo Grande,33.21,,,,,,,743,gold
2023,2401859,24,RN,Caiçara do Norte,31.2,,,,,,,743,gold
2023,2402105,24,RN,Campo Redondo,24.04,,,,,,,743,gold
2023,2501807,25,PB,Bayeux,35.43,,,,,,,743,gold
2023,2510600,25,PB,Ouro Velho,89.76,,,,,,,743,gold
2023,2511004,25,PB,Pedra Branca,95.61,,,,,,,743,gold
2023,2511806,25,PB,Pirpirituba,34.62,,,,,,,743,gold
2023,2512101,25,PB,Pombal,58.65,,,,,,,743,gold
2023,2512762,25,PB,Riachão do Poço,68.24,,,,,,,743,gold
2023,2600104,26,PE,Afogados da Ingazeira,66.59,,,,,,,743,gold
2023,2603207,26,PE,Caetés,45.78,,,,,,,743,gold
2023,2604601,26,PE,Condado,45.57,,,,,,,743,gold
2023,2604908,26,PE,Cumaru,76.43,,,,,,,743,gold
2023,2612802,26,PE,Santa Terezinha,68.31,,,,,,,743,gold
2023,2613800,26,PE,São Vicente Ferrer,48.62,,,,,,,743,gold
2023,2614204,26,PE,Sirinhaém,60.3,,,,,,,743,gold
2023,2616506,26,PE,Xexéu,62.65,,,,,,,743,gold
2023,2703106,27,AL,Igaci,29.74,,,,,,,743,gold
2023,2800100,28,SE,Amparo de São Francisco,41.18,,,,,,,743,gold
2023,2801603,28,SE,Cedro de São João,22.22,,,,,,,743,gold
2023,2802908,28,SE,Itabaiana,27.61,,,,,,,743,gold
2023,2804201,28,SE,Monte Alegre de Sergipe,29.63,,,,,,,743,gold
2023,2900801,29,BA,Alcobaça,45.33,,,,,,,743,gold
2023,2901304,29,BA,Andaraí,44.8,,,,,,,743,gold
2023,2903508,29,BA,Belo Campo,47.6,,,,,,,743,gold
2023,2908200,29,BA,Conceição da Feira,31.68,,,,,,,743,gold
2023,2911105,29,BA,Formosa do Rio Preto,19.66,,,,,,,743,gold
2023,2914901,29,BA,Itacaré,32.32,,,,,,,743,gold
2023,2916401,29,BA,Itapetinga,39.63,,,,,,,743,gold
2023,2917409,29,BA,Jacaraci,63.77,,,,,,,743,gold
2023,2919553,29,BA,Luís Eduardo Magalhães,29.41,,,,,,,743,gold
2023,2924405,29,BA,Pilão Arcado,23.9,,,,,,,743,gold
2023,3101003,31,MG,Águas Vermelhas,42.77,,,,,,,743,gold
2023,3102407,31,MG,Alvorada de Minas,29.0,,,,,,,743,gold
2023,3103801,31,MG,Arapuá,84.21,,,,,,,743,gold
2023,3107208,31,MG,Bocaina de Minas,50.0,,,,,,,743,gold
2023,3110509,31,MG,Camanducaia,54.64,,,,,,,743,gold
2023,3115300,31,MG,Cataguases,38.01,,,,,,,743,gold
2023,3135209,31,MG,Januária,41.15,,,,,,,743,gold
2023,3148103,31,MG,Patrocínio,61.41,,,,,,,743,gold
2023,3158953,31,MG,Santana do Paraíso,69.78,,,,,,,743,gold
2023,3159704,31,MG,Santa Rosa da Serra,72.97,,,,,,,743,gold
2023,3169703,31,MG,Turmalina,54.4,,,,,,,743,gold
2023,3204906,32,ES,São Mateus,68.39,,,,,,,743,gold
2023,3205036,32,ES,Vargem Alta,70.93,,,,,,,743,gold
2023,3205176,32,ES,Vila Valério,85.33,,,,,,,743,gold
2023,3301702,33,RJ,Duque de Caxias,47.15,,,,,,,743,gold
2023,3304508,33,RJ,Rio das Flores,59.69,,,,,,,743,gold
2023,3306008,33,RJ,Três Rios,53.49,,,,,,,743,gold
2023,4100103,41,PR,Abatiá,56.08,,,,,,,743,gold
2023,4102000,41,PR,Assis Chateaubriand,80.21,,,,,,,743,gold
2023,4107157,41,PR,Diamante D'Oeste,67.21,,,,,,,743,gold
2023,4111902,41,PR,Jaguapitã,76.25,,,,,,,743,gold
2023,4112306,41,PR,Japira,75.69,,,,,,,743,gold
2023,4115507,41,PR,Marumbi,57.66,,,,,,,743,gold
2023,4120903,41,PR,Quedas do Iguaçu,70.42,,,,,,,743,gold
2023,4121307,41,PR,Rancho Alegre,77.01,,,,,,,743,gold
2023,4122156,41,PR,Rio Bonito do Iguaçu,79.84,,,,,,,743,gold
2023,4122404,41,PR,Rolândia,73.4,,,,,,,743,gold
2023,4125100,41,PR,São João do Triunfo,78.58,,,,,,,743,gold
2023,4200903,42,SC,Angelina,75.77,,,,,,,743,gold
2023,4202107,42,SC,Barra Velha,48.2,,,,,,,743,gold
2023,4205308,42,SC,Faxinal dos Guedes,52.68,,,,,,,743,gold
2023,4212502,42,SC,Penha,65.2,,,,,,,743,gold
2023,4212601,42,SC,Peritiba,85.84,,,,,,,743,gold
2023,4215208,42,SC,Romelândia,52.07,,,,,,,743,gold
2023,4301651,43,RS,Barão,86.39,,,,,,,743,gold
2023,4302055,43,RS,Benjamin Constant do Sul,92.86,,,,,,,743,gold
2023,4303558,43,RS,Camargo,80.0,,,,,,,743,gold
2023,4304705,43,RS,Carazinho,69.3,,,,,,,743,gold
2023,4305975,43,RS,Coxilha,63.41,,,,,,,743,gold
2023,4308607,43,RS,Garibaldi,77.86,,,,,,,743,gold
2023,4308656,43,RS,Garruchos,54.93,,,,,,,743,gold
2023,4309506,43,RS,Guarani das Missões,74.21,,,,,,,743,gold
2023,4313011,43,RS,Nova Candelária,90.91,,,,,,,743,gold
2023,4313805,43,RS,Palmitinho,73.89,,,,,,,743,gold
2023,4315073,43,RS,Porto Vera Cruz,63.16,,,,,,,743,gold
2023,4315321,43,RS,Quevedos,80.0,,,,,,,743,gold
2023,4316428,43,RS,Sagrada Família,78.81,,,,,,,743,gold
2023,4317103,43,RS,Sant'Ana do Livramento,56.26,,,,,,,743,gold
2023,4323358,43,RS,Vila Lângaro,71.21,,,,,,,743,gold
2023,4323754,43,RS,Vitória das Missões,63.16,,,,,,,743,gold
2023,5100359,51,MT,Alto Boa Vista,93.68,,,,,,,743,gold
2023,5101803,51,MT,Barra do Garças,61.03,,,,,,,743,gold
2023,5106265,51,MT,Novo Mundo,53.62,,,,,,,743,gold
2023,5107578,51,MT,Rondolândia,52.41,,,,,,,743,gold
2023,5108857,51,MT,Nova Marilândia,44.14,,,,,,,743,gold
2023,5202502,52,GO,Aruanã,79.82,,,,,,,743,gold
2023,5205471,52,GO,Chapadão do Céu,80.04,,,,,,,743,gold
2023,5215306,52,GO,Orizona,86.48,,,,,,,743,gold
2023,5216452,52,GO,Perolândia,77.62,,,,,,,743,gold
2023,5221304,52,GO,Três Ranchos,79.46,,,,,,,743,gold
2023,5221502,52,GO,Turvânia,72.58,,,,,,,743,gold
2023,1100304,11,RO,Vilhena,65.62,,,,,,,743,gold
2023,1101005,11,RO,Governador Jorge Teixeira,65.11,,,,,,,743,gold
2023,1301506,13,AM,Envira,72.93,,,,,,,743,gold
2023,1302207,13,AM,Juruá,48.13,,,,,,,743,gold
2023,1500347,15,PA,Água Azul do Norte,27.76,,,,,,,743,gold
2023,1501402,15,PA,Belém,52.95,,,,,,,743,gold
2023,1507151,15,PA,São Domingos do Araguaia,46.05,,,,,,,743,gold
2023,1507755,15,PA,Sapucaia,79.88,,,,,,,743,gold
2023,1508100,15,PA,Tucuruí,37.28,,,,,,,743,gold
2023,1508126,15,PA,Ulianópolis,61.76,,,,,,,743,gold
2023,1600501,16,AP,Oiapoque,26.09,,,,,,,743,gold
2023,1703206,17,TO,Bernardo Sayão,52.8,,,,,,,743,gold
2023,1703701,17,TO,Brejinho de Nazaré,38.1,,,,,,,743,gold
2023,1715507,17,TO,Oliveira de Fátima,50.0,,,,,,,743,gold
2023,1717008,17,TO,Pindorama do Tocantins,47.41,,,,,,,743,gold
2023,1720002,17,TO,Santa Terezinha do Tocantins,56.06,,,,,,,743,gold
2023,1721307,17,TO,Tupiratins,25.0,,,,,,,743,gold
2023,2102077,21,MA,Bom Lugar,100.0,,,,,,,743,gold
2023,2207900,22,PI,Pedro II,25.09,,,,,,,743,gold
2023,2209351,22,PI,Santana do Piauí,33.11,,,,,,,743,gold
2023,2209401,22,PI,Santo Antônio de Lisboa,61.21,,,,,,,743,gold
2023,2303204,23,CE,Caririaçu,90.05,,,,,,,743,gold
2023,2305308,23,CE,Ibiapina,94.97,,,,,,,743,gold
2023,2309300,23,CE,Nova Russas,96.69,,,,,,,743,gold
2023,2408805,24,RN,Parazinho,47.0,,,,,,,743,gold
2023,2414001,24,RN,Tangará,42.7,,,,,,,743,gold
2023,2508703,25,PB,Mãe d'Água,70.0,,,,,,,743,gold
2023,2509370,25,PB,Mato Grosso,40.0,,,,,,,743,gold
2023,2514552,25,PB,São José de Princesa,82.35,,,,,,,743,gold
2023,2514602,25,PB,São José do Bonfim,11.97,,,,,,,743,gold
2023,2605459,26,PE,Fernando de Noronha,78.11,,,,,,,743,gold
2023,2612109,26,PE,Salgadinho,93.42,,,,,,,743,gold
2023,2612901,26,PE,São Benedito do Sul,34.56,,,,,,,743,gold
2023,2616001,26,PE,Venturosa,53.25,,,,,,,743,gold
2023,2703809,27,AL,Joaquim Gomes,30.41,,,,,,,743,gold
2023,2706448,27,AL,Paripueira,53.42,,,,,,,743,gold
2023,2900603,29,BA,Aiquara,29.26,,,,,,,743,gold
2023,2907103,29,BA,Carinhanha,28.55,,,,,,,743,gold
2023,2907509,29,BA,Catu,43.47,,,,,,,743,gold
2023,2912202,29,BA,Ibicoara,27.86,,,,,,,743,gold
2023,2912608,29,BA,Ibiquera,20.08,,,,,,,743,gold
2023,2913606,29,BA,Ilhéus,31.9,,,,,,,743,gold
2023,2915304,29,BA,Itagimirim,32.81,,,,,,,743,gold
2023,2919157,29,BA,Lapão,25.08,,,,,,,743,gold
2023,2919702,29,BA,Macarani,49.05,,,,,,,743,gold
2023,2921104,29,BA,Medeiros Neto,51.46,,,,,,,743,gold
2023,2926301,29,BA,Riachão do Jacuípe,38.41,,,,,,,743,gold
2023,2926608,29,BA,Ribeira do Pombal,34.39,,,,,,,743,gold
2023,2931202,29,BA,Taperoá,38.83,,,,,,,743,gold
2023,3105400,31,MG,Barão de Cocais,58.76,,,,,,,743,gold
2023,3108255,31,MG,Bonito de Minas,66.95,,,,,,,743,gold
2023,3109451,31,MG,Cabeceira Grande,40.49,,,,,,,743,gold
2023,3112059,31,MG,Cantagalo,60.18,,,,,,,743,gold
2023,3114204,31,MG,Carmo do Cajuru,67.21,,,,,,,743,gold
2023,3115201,31,MG,Conceição da Barra de Minas,68.75,,,,,,,743,gold
2023,3116902,31,MG,Comendador Gomes,35.71,,,,,,,743,gold
2023,3127305,31,MG,Galiléia,47.26,,,,,,,743,gold
2023,3129608,31,MG,Ibiaí,56.95,,,,,,,743,gold
2023,3136702,31,MG,Juiz de Fora,48.29,,,,,,,743,gold
2023,3140209,31,MG,Maripá de Minas,65.47,,,,,,,743,gold
2023,3143500,31,MG,Morada Nova de Minas,86.32,,,,,,,743,gold
2023,3161601,31,MG,São Geraldo da Piedade,69.23,,,,,,,743,gold
2023,3165701,31,MG,Senador Firmino,66.34,,,,,,,743,gold
2023,3167806,31,MG,Soledade de Minas,73.12,,,,,,,743,gold
2023,3170057,31,MG,Ubaporanga,59.53,,,,,,,743,gold
2023,3170305,31,MG,Umburatiba,63.7,,,,,,,743,gold
2023,3171030,31,MG,Verdelândia,33.8,,,,,,,743,gold
2023,3202256,32,ES,Governador Lindenberg,65.64,,,,,,,743,gold
2023,3205002,32,ES,Serra,60.42,,,,,,,743,gold
2023,3549706,35,SP,São José do Rio Pardo,55.33,,,,,,,743,gold
2023,4102901,41,PR,Bituruna,80.76,,,,,,,743,gold
2023,4108205,41,PR,Formosa do Oeste,88.15,,,,,,,743,gold
2023,4115903,41,PR,Mirador,70.36,,,,,,,743,gold
2023,4119004,41,PR,Pérola d'Oeste,88.85,,,,,,,743,gold
2023,4127965,41,PR,Turvo,82.63,,,,,,,743,gold
2023,4204152,42,SC,Celso Ramos,77.35,,,,,,,743,gold
2023,4206751,42,SC,Ibiam,65.6,,,,,,,743,gold
2023,4208302,42,SC,Itapema,66.9,,,,,,,743,gold
2023,4209607,42,SC,Lauro Muller,68.84,,,,,,,743,gold
2023,4209706,42,SC,Lebon Régis,42.9,,,,,,,743,gold
2023,4211876,42,SC,Paial,70.83,,,,,,,743,gold
2023,4213351,42,SC,Ponte Alta do Norte,64.09,,,,,,,743,gold
2023,4303707,43,RS,Campina das Missões,91.99,,,,,,,743,gold
2023,4306353,43,RS,Dezesseis de Novembro,58.33,,,,,,,743,gold
2023,4314308,43,RS,Pejuçara,74.31,,,,,,,743,gold
2023,4315305,43,RS,Quaraí,65.88,,,,,,,743,gold
2023,4317806,43,RS,Santo Augusto,74.4,,,,,,,743,gold
2023,4321501,43,RS,Torres,64.71,,,,,,,743,gold
2023,4321600,43,RS,Tramandaí,59.13,,,,,,,743,gold
2023,5000609,50,MS,Amambai,42.01,,,,,,,743,gold
2023,5003504,50,MS,Douradina,28.79,,,,,,,743,gold
2023,5006903,50,MS,Porto Murtinho,30.48,,,,,,,743,gold
2023,5101605,51,MT,Barão de Melgaço,67.78,,,,,,,743,gold
2023,5103403,51,MT,Cuiabá,54.25,,,,,,,743,gold
2023,5106190,51,MT,Nova Santa Helena,79.22,,,,,,,743,gold
2023,5205109,52,GO,Catalão,64.88,,,,,,,743,gold
2023,5221197,52,GO,Terezópolis de Goiás,57.84,,,,,,,743,gold
2023,1300086,13,AM,Anamã,43.99,,,,,,,743,gold
2023,1501576,15,PA,Bom Jesus do Tocantins,58.11,,,,,,,743,gold
2023,1502954,15,PA,Eldorado do Carajás,52.88,,,,,,,743,gold
2023,1505007,15,PA,Nova Timboteua,50.32,,,,,,,743,gold
2023,1506187,15,PA,Rondon do Pará,60.17,,,,,,,743,gold
2023,1508001,15,PA,Tomé-Açu,48.0,,,,,,,743,gold
2023,1703842,17,TO,Campos Lindos,16.16,,,,,,,743,gold
2023,1711100,17,TO,Itaporã do Tocantins,64.16,,,,,,,743,gold
2023,1721000,17,TO,Palmas,58.66,,,,,,,743,gold
2023,2109502,21,MA,Riachão,41.08,,,,,,,743,gold
2023,2110609,21,MA,São Bernardo,74.43,,,,,,,743,gold
2023,2112704,21,MA,Vargem Grande,98.85,,,,,,,743,gold
2023,2201945,22,PI,Boqueirão do Piauí,96.48,,,,,,,743,gold
2023,2209872,22,PI,São João da Fronteira,26.94,,,,,,,743,gold
2023,2301703,23,CE,Aurora,72.85,,,,,,,743,gold
2023,2305506,23,CE,Iguatu,56.55,,,,,,,743,gold
2023,2501203,25,PB,Areial,92.86,,,,,,,743,gold
2023,2501575,25,PB,Barra de Santana,28.04,,,,,,,743,gold
2023,2506608,25,PB,Ibiara,13.07,,,,,,,743,gold
2023,2600203,26,PE,Afrânio,54.58,,,,,,,743,gold
2023,2610905,26,PE,Pesqueira,59.65,,,,,,,743,gold
2023,2708709,27,AL,São Miguel dos Milagres,34.51,,,,,,,743,gold
2023,2805000,28,SE,Pedra Mole,47.62,,,,,,,743,gold
2023,2805208,28,SE,Pinhão,16.22,,,,,,,743,gold
2023,2805802,28,SE,Riachão do Dantas,39.26,,,,,,,743,gold
2023,2900355,29,BA,Adustina,44.68,,,,,,,743,gold
2023,2902906,29,BA,Barra do Choça,36.09,,,,,,,743,gold
2023,2903409,29,BA,Belmonte,35.8,,,,,,,743,gold
2023,2911501,29,BA,Gongogi,27.74,,,,,,,743,gold
2023,2912905,29,BA,Ibirataia,32.79,,,,,,,743,gold
2023,2913101,29,BA,Ibititá,26.1,,,,,,,743,gold
2023,2918506,29,BA,Jussara,23.19,,,,,,,743,gold
2023,2919108,29,BA,Lamarão,22.24,,,,,,,743,gold
2023,2924207,29,BA,Pedro Alexandre,29.14,,,,,,,743,gold
2023,2929206,29,BA,São Francisco do Conde,30.02,,,,,,,743,gold
2023,2930907,29,BA,Tabocas do Brejo Velho,35.84,,,,,,,743,gold
2023,3100203,31,MG,Abaeté,53.48,,,,,,,743,gold
2023,3112802,31,MG,Capitólio,79.21,,,,,,,743,gold
2023,3119955,31,MG,Córrego Fundo,69.55,,,,,,,743,gold
2023,3123106,31,MG,Dores de Guanhães,42.55,,,,,,,743,gold
2023,3128808,31,MG,Guidoval,61.83,,,,,,,743,gold
2023,3134509,31,MG,Itutinga,51.36,,,,,,,743,gold
2023,3136801,31,MG,Juramento,63.23,,,,,,,743,gold
2023,3137502,31,MG,Lagoa Formosa,60.53,,,,,,,743,gold
2023,3137601,31,MG,Lagoa Santa,62.69,,,,,,,743,gold
2023,3138625,31,MG,Limeira do Oeste,65.19,,,,,,,743,gold
2023,3140902,31,MG,Matipó,72.02,,,,,,,743,gold
2023,3148301,31,MG,Paula Cândido,58.26,,,,,,,743,gold
2023,3154903,31,MG,Rio Casca,59.63,,,,,,,743,gold
2023,3159803,31,MG,Santa Vitória,69.77,,,,,,,743,gold
2023,3164209,31,MG,São Romão,50.94,,,,,,,743,gold
2023,3165404,31,MG,Sapucaí-Mirim,52.93,,,,,,,743,gold
2023,3201001,32,ES,Boa Esperança,76.37,,,,,,,743,gold
2023,3203304,32,ES,Mantenópolis,91.73,,,,,,,743,gold
2023,3522703,35,SP,Itápolis,68.72,,,,,,,743,gold
2023,3530508,35,SP,Mococa,52.99,,,,,,,743,gold
2023,4100400,41,PR,Almirante Tamandaré,52.44,,,,,,,743,gold
2023,4101051,41,PR,Anahy,62.4,,,,,,,743,gold
2023,4103602,41,PR,Cambará,62.53,,,,,,,743,gold
2023,4104600,41,PR,Capitão Leônidas Marques,72.97,,,,,,,743,gold
2023,4111605,41,PR,Ivatuba,78.82,,,,,,,743,gold
2023,4115002,41,PR,Marilena,84.46,,,,,,,743,gold
2023,4115754,41,PR,Mauá da Serra,81.13,,,,,,,743,gold
2023,4119400,41,PR,Piraí do Sul,72.99,,,,,,,743,gold
2023,4121406,41,PR,Realeza,88.32,,,,,,,743,gold
2023,4121752,41,PR,Reserva do Iguaçu,77.91,,,,,,,743,gold
2023,4124301,41,PR,Santo Antônio do Paraíso,82.31,,,,,,,743,gold
2023,4125803,41,PR,São Pedro do Ivaí,83.61,,,,,,,743,gold
2023,4128633,41,PR,Doutor Ulysses,76.32,,,,,,,743,gold
2023,4205431,42,SC,Formosa do Sul,65.4,,,,,,,743,gold
2023,4217006,42,SC,São Ludgero,65.73,,,,,,,743,gold
2023,4218301,42,SC,Três Barras,51.14,,,,,,,743,gold
2023,4300455,43,RS,Alegria,100.0,,,,,,,743,gold
2023,4302659,43,RS,Brochier,61.74,,,,,,,743,gold
2023,4305447,43,RS,Chuvisca,75.9,,,,,,,743,gold
2023,4305871,43,RS,Coronel Barros,84.76,,,,,,,743,gold
2023,4307005,43,RS,Erechim,66.14,,,,,,,743,gold
2023,4308904,43,RS,Getúlio Vargas,80.09,,,,,,,743,gold
2023,4310207,43,RS,Ijuí,72.06,,,,,,,743,gold
2023,4311304,43,RS,Lagoa Vermelha,66.11,,,,,,,743,gold
2023,4313508,43,RS,Osório,63.66,,,,,,,743,gold
2023,4313607,43,RS,Paim Filho,78.96,,,,,,,743,gold
2023,4315552,43,RS,Rio dos Índios,88.89,,,,,,,743,gold
2023,4317251,43,RS,Santa Tereza,90.91,,,,,,,743,gold
2023,4319109,43,RS,São Martinho,83.57,,,,,,,743,gold
2023,4320321,43,RS,Senador Salgado Filho,83.97,,,,,,,743,gold
2023,5004106,50,MS,Guia Lopes da Laguna,46.91,,,,,,,743,gold
2023,5208103,52,GO,Formoso,70.81,,,,,,,743,gold
2023,5212055,52,GO,Jesúpolis,100.0,,,,,,,743,gold
2023,5212956,52,GO,Matrinchã,59.71,,,,,,,743,gold
2023,5219456,52,GO,Santa Rita do Novo Destino,87.69,,,,,,,743,gold
2023,5220157,52,GO,São Luíz do Norte,75.36,,,,,,,743,gold
2023,1100056,11,RO,Cerejeiras,58.53,,,,,,,743,gold
2023,1100114,11,RO,Jaru,62.75,,,,,,,743,gold
2023,1301902,13,AM,Itacoatiara,53.45,,,,,,,743,gold
2023,1303809,13,AM,São Gabriel da Cachoeira,46.7,,,,,,,743,gold
2023,1501204,15,PA,Baião,27.52,,,,,,,743,gold
2023,1504455,15,PA,Medicilândia,48.99,,,,,,,743,gold
2023,1507003,15,PA,Santo Antônio do Tauá,25.72,,,,,,,743,gold
2023,1600212,16,AP,Cutias,47.0,,,,,,,743,gold
2023,1703883,17,TO,Carmolândia,25.12,,,,,,,743,gold
2023,1709807,17,TO,Ipueiras,27.27,,,,,,,743,gold
2023,1713601,17,TO,Monte do Carmo,69.96,,,,,,,743,gold
2023,1718907,17,TO,Santa Rosa do Tocantins,20.86,,,,,,,743,gold
2023,1722081,17,TO,Wanderlândia,35.16,,,,,,,743,gold
2023,2100303,21,MA,Aldeias Altas,67.9,,,,,,,743,gold
2023,2106326,21,MA,Maracaçumé,57.95,,,,,,,743,gold
2023,2107605,21,MA,Palmeirândia,42.07,,,,,,,743,gold
2023,2109056,21,MA,Porto Rico do Maranhão,73.83,,,,,,,743,gold
2023,2200905,22,PI,Aroazes,57.69,,,,,,,743,gold
2023,2201408,22,PI,Barro Duro,38.31,,,,,,,743,gold
2023,2205516,22,PI,Juazeiro do Piauí,68.69,,,,,,,743,gold
2023,2207504,22,PI,Palmeirais,50.9,,,,,,,743,gold
2023,2208874,22,PI,Ribeira do Piauí,57.75,,,,,,,743,gold
2023,2210102,22,PI,São José do Peixe,76.0,,,,,,,743,gold
2023,2305407,23,CE,Icó,80.08,,,,,,,743,gold
2023,2307254,23,CE,Jijoca de Jericoacoara,99.76,,,,,,,743,gold
2023,2310506,23,CE,Pedra Branca,99.44,,,,,,,743,gold
2023,2404606,24,RN,Ielmo Marinho,43.61,,,,,,,743,gold
2023,2407906,24,RN,Monte das Gameleiras,33.36,,,,,,,743,gold
2023,2505279,25,PB,Curral de Cima,57.14,,,,,,,743,gold
2023,2506806,25,PB,Ingá,57.31,,,,,,,743,gold
2023,2517001,25,PB,Umbuzeiro,38.29,,,,,,,743,gold
2023,2605806,26,PE,Frei Miguelinho,68.03,,,,,,,743,gold
2023,2613701,26,PE,São Lourenço da Mata,44.07,,,,,,,743,gold
2023,2616183,26,PE,Vertente do Lério,83.71,,,,,,,743,gold
2023,2701001,27,AL,Boca da Mata,73.6,,,,,,,743,gold
2023,2802304,28,SE,Frei Paulo,25.6,,,,,,,743,gold
2023,2802700,28,SE,Ilha das Flores,27.78,,,,,,,743,gold
2023,2911709,29,BA,Guanambi,48.58,,,,,,,743,gold
2023,2912400,29,BA,Ibipeba,29.8,,,,,,,743,gold
2023,2915700,29,BA,Itamari,59.67,,,,,,,743,gold
2023,2918605,29,BA,Jussiape,32.1,,,,,,,743,gold
2023,2920908,29,BA,Mascote,22.32,,,,,,,743,gold
2023,2922250,29,BA,Muquém de São Francisco,30.98,,,,,,,743,gold
2023,2922607,29,BA,Nilo Peçanha,36.06,,,,,,,743,gold
2023,2930758,29,BA,Sítio do Mato,45.16,,,,,,,743,gold
2023,2933109,29,BA,Várzea do Poço,44.82,,,,,,,743,gold
2023,3102605,31,MG,Andradas,56.29,,,,,,,743,gold
2023,3106804,31,MG,Bias Fortes,68.75,,,,,,,743,gold
2023,3108552,31,MG,Brasilândia de Minas,76.74,,,,,,,743,gold
2023,3109204,31,MG,Buenópolis,82.01,,,,,,,743,gold
2023,3110301,31,MG,Caldas,51.38,,,,,,,743,gold
2023,3114303,31,MG,Carmo do Paranaíba,70.91,,,,,,,743,gold
2023,3121605,31,MG,Diamantina,59.25,,,,,,,743,gold
2023,3124104,31,MG,Esmeraldas,51.06,,,,,,,743,gold
2023,3132107,31,MG,Itacarambi,43.57,,,,,,,743,gold
2023,3132701,31,MG,Itambacuri,53.64,,,,,,,743,gold
2023,3134905,31,MG,Jacutinga,62.51,,,,,,,743,gold
2023,3136405,31,MG,Joaquim Felício,52.38,,,,,,,743,gold
2023,3139300,31,MG,Manga,37.08,,,,,,,743,gold
2023,3140159,31,MG,Mário Campos,70.35,,,,,,,743,gold
2023,3145604,31,MG,Oliveira,67.19,,,,,,,743,gold
2023,3146305,31,MG,Padre Paraíso,45.96,,,,,,,743,gold
2023,3146750,31,MG,Palmópolis,48.58,,,,,,,743,gold
2023,3157104,31,MG,Salto da Divisa,43.75,,,,,,,743,gold
2023,3159506,31,MG,Santa Rita do Itueto,83.38,,,,,,,743,gold
2023,3160959,31,MG,São Domingos das Dores,90.7,,,,,,,743,gold
2023,3515186,35,SP,Espírito Santo do Pinhal,63.86,,,,,,,743,gold
2023,3526209,35,SP,Juquitiba,69.27,,,,,,,743,gold
2023,4111555,41,PR,Ivaté,84.34,,,,,,,743,gold
2023,4115853,41,PR,Mercedes,91.25,,,,,,,743,gold
2023,4123204,41,PR,Santa Cecília do Pavão,87.42,,,,,,,743,gold
2023,4126306,41,PR,Sengés,80.66,,,,,,,743,gold
2023,4128708,41,PR,Vitorino,71.38,,,,,,,743,gold
2023,4205555,42,SC,Frei Rogério,65.71,,,,,,,743,gold
2023,4209904,42,SC,Lontras,58.64,,,,,,,743,gold
2023,4212239,42,SC,Paraíso,85.76,,,,,,,743,gold
2023,4219358,42,SC,Vitor Meireles,44.55,,,,,,,743,gold
2023,4304697,43,RS,Capitão,87.05,,,,,,,743,gold
2023,4305959,43,RS,Cotiporã,73.99,,,,,,,743,gold
2023,4311775,43,RS,Maquiné,45.71,,,,,,,743,gold
2023,4312054,43,RS,Marques de Souza,75.87,,,,,,,743,gold
2023,4312757,43,RS,Nova Alvorada,93.53,,,,,,,743,gold
2023,4313003,43,RS,Nova Bréscia,77.31,,,,,,,743,gold
2023,4314035,43,RS,Pareci Novo,73.01,,,,,,,743,gold
2023,4317954,43,RS,Santo Expedito do Sul,100.0,,,,,,,743,gold
2023,4318465,43,RS,São José do Herval,86.67,,,,,,,743,gold
2023,4319208,43,RS,São Nicolau,65.79,,,,,,,743,gold
2023,4319703,43,RS,São Valentim,91.76,,,,,,,743,gold
2023,5002605,50,MS,Camapuã,31.56,,,,,,,743,gold
2023,5003702,50,MS,Dourados,40.66,,,,,,,743,gold
2023,5100508,51,MT,Alto Paraguai,70.64,,,,,,,743,gold
2023,5101704,51,MT,Barra do Bugres,50.91,,,,,,,743,gold
2023,5103452,51,MT,Denise,64.87,,,,,,,743,gold
2023,5104609,51,MT,Itiquira,42.56,,,,,,,743,gold
2023,5106315,51,MT,Novo Santo Antônio,71.23,,,,,,,743,gold
2023,5204557,52,GO,Caldazinha,72.02,,,,,,,743,gold
2023,5208509,52,GO,Goiandira,44.66,,,,,,,743,gold
2023,5209804,52,GO,Hidrolina,68.26,,,,,,,743,gold
2023,5218003,52,GO,Porangatu,51.66,,,,,,,743,gold
2023,5219902,52,GO,São Francisco de Goiás,58.94,,,,,,,743,gold
2023,1300607,13,AM,Benjamin Constant,42.52,,,,,,,743,gold
2023,1301407,13,AM,Eirunepé,29.61,,,,,,,743,gold
2023,1501006,15,PA,Aveiro,57.23,,,,,,,743,gold
2023,1503804,15,PA,Jacundá,40.47,,,,,,,743,gold
2023,1506609,15,PA,Santa Maria do Pará,39.55,,,,,,,743,gold
2023,1600105,16,AP,Amapá,31.2,,,,,,,743,gold
2023,1600402,16,AP,Mazagão,29.38,,,,,,,743,gold
2023,1600550,16,AP,Pracuúba,36.41,,,,,,,743,gold
2023,1701002,17,TO,Ananás,39.94,,,,,,,743,gold
2023,1720903,17,TO,Taguatinga,38.31,,,,,,,743,gold
2023,2111631,21,MA,São Raimundo do Doca Bezerra,56.29,,,,,,,743,gold
2023,2201903,22,PI,Bom Jesus,99.08,,,,,,,743,gold
2023,2206902,22,PI,Novo Oriente do Piauí,69.0,,,,,,,743,gold
2023,2208809,22,PI,Regeneração,40.89,,,,,,,743,gold
2023,2210938,22,PI,Sussuapara,27.08,,,,,,,743,gold
2023,2304269,23,CE,Deputado Irapuan Pinheiro,98.65,,,,,,,743,gold
2023,2402808,24,RN,Coronel Ezequiel,40.66,,,,,,,743,gold
2023,2407807,24,RN,Monte Alegre,59.18,,,,,,,743,gold
2023,2412500,24,RN,São Miguel,39.84,,,,,,,743,gold
2023,2500403,25,PB,Alagoa Nova,38.94,,,,,,,743,gold
2023,2501534,25,PB,Baraúna,59.36,,,,,,,743,gold
2023,2503100,25,PB,Cabaceiras,60.85,,,,,,,743,gold
2023,2503605,25,PB,Caiçara,53.84,,,,,,,743,gold
2023,2514453,25,PB,São José dos Ramos,58.86,,,,,,,743,gold
2023,2517209,25,PB,Vieirópolis,28.19,,,,,,,743,gold
2023,2603108,26,PE,Cachoeirinha,56.69,,,,,,,743,gold
2023,2608107,26,PE,João Alfredo,56.99,,,,,,,743,gold
2023,2609709,26,PE,Orobó,61.24,,,,,,,743,gold
2023,2611606,26,PE,Recife,62.54,,,,,,,743,gold
2023,2612505,26,PE,Santa Cruz do Capibaribe,52.81,,,,,,,743,gold
2023,2700904,27,AL,Belo Monte,83.89,,,,,,,743,gold
2023,2702355,27,AL,Craíbas,45.7,,,,,,,743,gold
2023,2708204,27,AL,São Brás,67.19,,,,,,,743,gold
2023,2802809,28,SE,Indiaroba,38.33,,,,,,,743,gold
2023,2906501,29,BA,Candeias,32.66,,,,,,,743,gold
2023,2910503,29,BA,Entre Rios,19.58,,,,,,,743,gold
2023,2916609,29,BA,Itapitanga,31.02,,,,,,,743,gold
2023,2925402,29,BA,Potiraguá,27.88,,,,,,,743,gold
2023,3102803,31,MG,Andrelândia,63.11,,,,,,,743,gold
2023,3111705,31,MG,Canaã,57.75,,,,,,,743,gold
2023,3112406,31,MG,Capetinga,54.82,,,,,,,743,gold
2023,3114550,31,MG,Carneirinho,52.21,,,,,,,743,gold
2023,3116605,31,MG,Cláudio,61.05,,,,,,,743,gold
2023,3117108,31,MG,Conceição da Aparecida,70.87,,,,,,,743,gold
2023,3121209,31,MG,Delfinópolis,79.23,,,,,,,743,gold
2023,3124005,31,MG,Ervália,54.48,,,,,,,743,gold
2023,3126505,31,MG,Francisco Badaró,70.83,,,,,,,743,gold
2023,3128006,31,MG,Guanhães,58.73,,,,,,,743,gold
2023,3136900,31,MG,Juruaia,78.5,,,,,,,743,gold
2023,3138203,31,MG,Lavras,58.0,,,,,,,743,gold
2023,3150406,31,MG,Piedade dos Gerais,71.95,,,,,,,743,gold
2023,3162609,31,MG,São João do Oriente,83.42,,,,,,,743,gold
2023,3203700,32,ES,Muniz Freire,86.15,,,,,,,743,gold
2023,3304300,33,RJ,Rio Bonito,55.86,,,,,,,743,gold
2023,3506003,35,SP,Bauru,49.38,,,,,,,743,gold
2023,4103800,41,PR,Cambira,86.17,,,,,,,743,gold
2023,4104451,41,PR,Cantagalo,65.68,,,,,,,743,gold
2023,4104907,41,PR,Castro,74.26,,,,,,,743,gold
2023,4105201,41,PR,Cerro Azul,54.77,,,,,,,743,gold
2023,4106803,41,PR,Cruz Machado,80.66,,,,,,,743,gold
2023,4109401,41,PR,Guarapuava,74.41,,,,,,,743,gold
2023,4110052,41,PR,Iguatu,74.1,,,,,,,743,gold
2023,4111407,41,PR,Ivaí,84.6,,,,,,,743,gold
2023,4118501,41,PR,Pato Branco,78.22,,,,,,,743,gold
2023,4123105,41,PR,Santa Amélia,100.0,,,,,,,743,gold
2023,4125456,41,PR,São José das Palmeiras,83.2,,,,,,,743,gold
2023,4202305,42,SC,Biguaçu,46.72,,,,,,,743,gold
2023,4209003,42,SC,Joaçaba,61.3,,,,,,,743,gold
2023,4210555,42,SC,Marema,88.23,,,,,,,743,gold
2023,4212650,42,SC,Pescaria Brava,40.37,,,,,,,743,gold
2023,4219507,42,SC,Xanxerê,67.57,,,,,,,743,gold
2023,4301552,43,RS,Áurea,85.86,,,,,,,743,gold
2023,4303608,43,RS,Cambará do Sul,77.85,,,,,,,743,gold
2023,4303905,43,RS,Campo Bom,77.45,,,,,,,743,gold
2023,4307401,43,RS,Esmeralda,84.43,,,,,,,743,gold
2023,4307864,43,RS,Fagundes Varela,92.86,,,,,,,743,gold
2023,4309803,43,RS,Ibiaçá,76.09,,,,,,,743,gold
2023,4311643,43,RS,Linha Nova,100.0,,,,,,,743,gold
2023,4313201,43,RS,Nova Petrópolis,88.18,,,,,,,743,gold
2023,4313441,43,RS,Novo Tiradentes,80.82,,,,,,,743,gold
2023,4314159,43,RS,Paverama,69.48,,,,,,,743,gold
2023,4314779,43,RS,Pontão,77.53,,,,,,,743,gold
2023,4315701,43,RS,Rio Pardo,66.31,,,,,,,743,gold
2023,4322608,43,RS,Venâncio Aires,76.1,,,,,,,743,gold
2023,4323309,43,RS,Vila Flores,90.54,,,,,,,743,gold
2023,5007935,50,MS,Sonora,47.5,,,,,,,743,gold
2023,5103007,51,MT,Chapada dos Guimarães,47.7,,,,,,,743,gold
2023,5104906,51,MT,Jangada,59.21,,,,,,,743,gold
2023,5106505,51,MT,Poconé,33.97,,,,,,,743,gold
2023,5106802,51,MT,Porto dos Gaúchos,65.8,,,,,,,743,gold
2023,5106851,51,MT,Porto Estrela,89.12,,,,,,,743,gold
2023,5107925,51,MT,Sorriso,79.08,,,,,,,743,gold
2023,5205455,52,GO,Cezarina,41.26,,,,,,,743,gold
2023,5209457,52,GO,Guarinos,52.38,,,,,,,743,gold
2023,5216304,52,GO,Paranaiguara,85.71,,,,,,,743,gold
2023,5219605,52,GO,Santa Tereza de Goiás,96.21,,,,,,,743,gold
2023,5219712,52,GO,Santo Antônio da Barra,82.48,,,,,,,743,gold
2023,1100049,11,RO,Cacoal,63.37,,,,,,,743,gold
2023,1101757,11,RO,Vale do Anari,36.95,,,,,,,743,gold
2023,1301803,13,AM,Ipixuna,45.79,,,,,,,743,gold
2023,1501956,15,PA,Cachoeira do Piriá,47.73,,,,,,,743,gold
2023,1505486,15,PA,Pacajá,37.32,,,,,,,743,gold
2023,1700400,17,TO,Almas,15.92,,,,,,,743,gold
2023,1720309,17,TO,São Sebastião do Tocantins,26.56,,,,,,,743,gold
2023,1720937,17,TO,Taipas do Tocantins,55.85,,,,,,,743,gold
2023,2110708,21,MA,São Domingos do Maranhão,41.82,,,,,,,743,gold
2023,2200400,22,PI,Altos,61.91,,,,,,,743,gold
2023,2200954,22,PI,Aroeiras do Itaim,53.33,,,,,,,743,gold
2023,2201051,22,PI,Assunção do Piauí,84.48,,,,,,,743,gold
2023,2201507,22,PI,Batalha,43.66,,,,,,,743,gold
2023,2205565,22,PI,Lagoa do Barro do Piauí,55.67,,,,,,,743,gold
2023,2207355,22,PI,Pajeú do Piauí,66.01,,,,,,,743,gold
2023,2207603,22,PI,Parnaguá,67.67,,,,,,,743,gold
2023,2210979,22,PI,Tanque do Piauí,58.33,,,,,,,743,gold
2023,2307205,23,CE,Jati,74.37,,,,,,,743,gold
2023,2400901,24,RN,Antônio Martins,40.99,,,,,,,743,gold
2023,2403905,24,RN,Francisco Dantas,45.0,,,,,,,743,gold
2023,2410306,24,RN,Serra Caiada,29.52,,,,,,,743,gold
2023,2504900,25,PB,Cruz do Espírito Santo,54.48,,,,,,,743,gold
2023,2509404,25,PB,Mogeiro,73.21,,,,,,,743,gold
2023,2509503,25,PB,Montadas,65.88,,,,,,,743,gold
2023,2514701,25,PB,São José do Sabugi,51.51,,,,,,,743,gold
2023,2516508,25,PB,Taperoá,78.33,,,,,,,743,gold
2023,2604809,26,PE,Cortês,61.81,,,,,,,743,gold
2023,2607901,26,PE,Jaboatão dos Guararapes,57.25,,,,,,,743,gold
2023,2608453,26,PE,Lagoa do Carro,48.37,,,,,,,743,gold
2023,2701308,27,AL,Cajueiro,26.75,,,,,,,743,gold
2023,2703007,27,AL,Ibateguara,93.46,,,,,,,743,gold
2023,2705002,27,AL,Mata Grande,40.11,,,,,,,743,gold
2023,2707305,27,AL,Porto Calvo,36.55,,,,,,,743,gold
2023,2901809,29,BA,Antônio Gonçalves,32.58,,,,,,,743,gold
2023,2903706,29,BA,Boa Nova,44.22,,,,,,,743,gold
2023,2904704,29,BA,Buerarema,24.27,,,,,,,743,gold
2023,2905909,29,BA,Campo Alegre de Lourdes,36.68,,,,,,,743,gold
2023,2906899,29,BA,Caraíbas,46.59,,,,,,,743,gold
2023,2915205,29,BA,Itagibá,36.92,,,,,,,743,gold
2023,2915403,29,BA,Itaju do Colônia,20.17,,,,,,,743,gold
2023,2923506,29,BA,Palmeiras,43.73,,,,,,,743,gold
2023,2925105,29,BA,Poções,44.01,,,,,,,743,gold
2023,2926400,29,BA,Riacho de Santana,42.15,,,,,,,743,gold
2023,2932804,29,BA,Utinga,33.84,,,,,,,743,gold
2023,3100104,31,MG,Abadia dos Dourados,61.41,,,,,,,743,gold
2023,3104809,31,MG,Augusto de Lima,48.19,,,,,,,743,gold
2023,3120409,31,MG,Cristiano Otoni,72.12,,,,,,,743,gold
2023,3121407,31,MG,Desterro de Entre Rios,80.91,,,,,,,743,gold
2023,3124302,31,MG,Espinosa,77.62,,,,,,,743,gold
2023,3125408,31,MG,Felício dos Santos,82.12,,,,,,,743,gold
2023,3129905,31,MG,Ibitiúra de Minas,38.1,,,,,,,743,gold
2023,3130507,31,MG,Ilicínea,45.97,,,,,,,743,gold
2023,3131604,31,MG,Iraí de Minas,38.41,,,,,,,743,gold
2023,3134608,31,MG,Jaboticatubas,69.36,,,,,,,743,gold
2023,3136108,31,MG,Joanésia,95.06,,,,,,,743,gold
2023,3141405,31,MG,Medina,71.99,,,,,,,743,gold
2023,3145703,31,MG,Oliveira Fortes,71.43,,,,,,,743,gold
2023,3146404,31,MG,Paineiras,78.95,,,,,,,743,gold
2023,3153608,31,MG,Prudente de Morais,51.09,,,,,,,743,gold
2023,3154606,31,MG,Ribeirão das Neves,54.69,,,,,,,743,gold
2023,3164001,31,MG,São Pedro dos Ferros,81.45,,,,,,,743,gold
2023,3164506,31,MG,São Sebastião do Maranhão,66.24,,,,,,,743,gold
2023,3172004,31,MG,Visconde do Rio Branco,59.69,,,,,,,743,gold
2023,3200169,32,ES,Água Doce do Norte,77.35,,,,,,,743,gold
2023,3300704,33,RJ,Cabo Frio,54.58,,,,,,,743,gold
2023,3300951,33,RJ,Comendador Levy Gasparian,51.64,,,,,,,743,gold
2023,3302403,33,RJ,Macaé,59.86,,,,,,,743,gold
2023,3302452,33,RJ,Macuco,63.62,,,,,,,743,gold
2023,3304003,33,RJ,Piraí,58.8,,,,,,,743,gold
2023,3305133,33,RJ,São José de Ubá,75.12,,,,,,,743,gold
2023,3510005,35,SP,Cândido Mota,62.17,,,,,,,743,gold
2023,4103107,41,PR,Bocaiúva do Sul,49.13,,,,,,,743,gold
2023,4112751,41,PR,Jesuítas,85.83,,,,,,,743,gold
2023,4115705,41,PR,Matinhos,70.38,,,,,,,743,gold
2023,4122602,41,PR,Rondon,68.42,,,,,,,743,gold
2023,4122651,41,PR,Rosário do Ivaí,69.4,,,,,,,743,gold
2023,4123402,41,PR,Santa Fé,58.68,,,,,,,743,gold
2023,4125209,41,PR,São Jorge d'Oeste,88.28,,,,,,,743,gold
2023,4200101,42,SC,Abelardo Luz,62.66,,,,,,,743,gold
2023,4204103,42,SC,Caxambu do Sul,69.54,,,,,,,743,gold
2023,4305009,43,RS,Catuípe,81.74,,,,,,,743,gold
2023,4305355,43,RS,Charqueadas,64.97,,,,,,,743,gold
2023,4310363,43,RS,Imigrante,78.24,,,,,,,743,gold
2023,4313060,43,RS,Nova Hartz,73.14,,,,,,,743,gold
2023,4313425,43,RS,Novo Machado,81.82,,,,,,,743,gold
2023,4317202,43,RS,Santa Rosa,70.13,,,,,,,743,gold
2023,4320230,43,RS,Sede Nova,85.29,,,,,,,743,gold
2023,4321303,43,RS,Taquari,61.7,,,,,,,743,gold
2023,4322202,43,RS,Tupanciretã,68.26,,,,,,,743,gold
2023,5004502,50,MS,Itaporã,68.46,,,,,,,743,gold
2023,5103353,51,MT,Confresa,35.6,,,,,,,743,gold
2023,5104203,51,MT,Guiratinga,86.43,,,,,,,743,gold
2023,5205703,52,GO,Córrego do Ouro,77.4,,,,,,,743,gold
2023,5211800,52,GO,Jaraguá,82.9,,,,,,,743,gold
2023,5214051,52,GO,Mundo Novo,96.18,,,,,,,743,gold
2023,5215231,52,GO,Novo Gama,52.29,,,,,,,743,gold
2023,5218508,52,GO,Quirinópolis,66.97,,,,,,,743,gold
2023,1101492,11,RO,São Francisco do Guaporé,65.79,,,,,,,743,gold
2023,1300029,13,AM,Alvarães,46.27,,,,,,,743,gold
2023,1302009,13,AM,Itapiranga,33.25,,,,,,,743,gold
2023,1302900,13,AM,Maués,58.04,,,,,,,743,gold
2023,1303908,13,AM,São Paulo de Olivença,37.58,,,,,,,743,gold
2023,1503200,15,PA,Igarapé-Açu,37.45,,,,,,,743,gold
2023,1506112,15,PA,Quatipuru,48.89,,,,,,,743,gold
2023,1507805,15,PA,Senador José Porfírio,33.22,,,,,,,743,gold
2023,1703073,17,TO,Barra do Ouro,11.92,,,,,,,743,gold
2023,1707306,17,TO,Dueré,34.95,,,,,,,743,gold
2023,1711803,17,TO,Juarina,35.36,,,,,,,743,gold
2023,1714880,17,TO,Nova Olinda,25.45,,,,,,,743,gold
2023,1716307,17,TO,Pau D'Arco,6.51,,,,,,,743,gold
2023,1718709,17,TO,Rio dos Bois,17.52,,,,,,,743,gold
2023,2103802,21,MA,Dom Pedro,40.39,,,,,,,743,gold
2023,2104552,21,MA,Governador Edison Lobão,80.4,,,,,,,743,gold
2023,2105104,21,MA,Icatu,66.57,,,,,,,743,gold
2023,2108058,21,MA,Paulino Neves,64.86,,,,,,,743,gold
2023,2111201,21,MA,São José de Ribamar,62.27,,,,,,,743,gold
2023,2112902,21,MA,Vitória do Mearim,48.98,,,,,,,743,gold
2023,2203107,22,PI,Cristino Castro,50.63,,,,,,,743,gold
2023,2204501,22,PI,Guadalupe,48.9,,,,,,,743,gold
2023,2208551,22,PI,Porto Alegre do Piauí,73.86,,,,,,,743,gold
2023,2300705,23,CE,Alto Santo,99.61,,,,,,,743,gold
2023,2301257,23,CE,Ararendá,98.92,,,,,,,743,gold
2023,2303501,23,CE,Cascavel,87.56,,,,,,,743,gold
2023,2303907,23,CE,Chaval,75.3,,,,,,,743,gold
2023,2303956,23,CE,Chorozinho,98.33,,,,,,,743,gold
2023,2304350,23,CE,Forquilha,100.0,,,,,,,743,gold
2023,2310308,23,CE,Parambu,83.15,,,,,,,743,gold
2023,2311264,23,CE,Quiterianópolis,97.37,,,,,,,743,gold
2023,2409100,24,RN,Passa e Fica,19.72,,,,,,,743,gold
2023,2411908,24,RN,São Francisco do Oeste,56.85,,,,,,,743,gold
2023,2504801,25,PB,Coremas,67.07,,,,,,,743,gold
2023,2510709,25,PB,Passagem,79.52,,,,,,,743,gold
2023,2512747,25,PB,Riachão,52.41,,,,,,,743,gold
2023,2513968,25,PB,São Domingos,83.33,,,,,,,743,gold
2023,2516102,25,PB,Soledade,33.51,,,,,,,743,gold
2023,2603603,26,PE,Camutanga,56.1,,,,,,,743,gold
2023,2603702,26,PE,Canhotinho,48.26,,,,,,,743,gold
2023,2608206,26,PE,Joaquim Nabuco,49.58,,,,,,,743,gold
2023,2608255,26,PE,Jucati,44.05,,,,,,,743,gold
2023,2608305,26,PE,Jupi,60.68,,,,,,,743,gold
2023,2612703,26,PE,Santa Maria do Cambucá,83.17,,,,,,,743,gold
2023,2615102,26,PE,Terezinha,68.26,,,,,,,743,gold
2023,2701407,27,AL,Campo Alegre,65.49,,,,,,,743,gold
2023,2903276,29,BA,Barrocas,42.08,,,,,,,743,gold
2023,2906303,29,BA,Canavieiras,28.98,,,,,,,743,gold
2023,2911857,29,BA,Heliópolis,31.4,,,,,,,743,gold
2023,2913705,29,BA,Inhambupe,29.49,,,,,,,743,gold
2023,2920809,29,BA,Marcionílio Souza,21.15,,,,,,,743,gold
2023,2921906,29,BA,Mucugê,41.65,,,,,,,743,gold
2023,2922508,29,BA,Nazaré,25.98,,,,,,,743,gold
2023,2922706,29,BA,Nova Canaã,29.48,,,,,,,743,gold
2023,2930766,29,BA,Sítio do Quinto,44.05,,,,,,,743,gold
2023,3117009,31,MG,Comercinho,58.27,,,,,,,743,gold
2023,3119906,31,MG,Córrego do Bom Jesus,73.8,,,,,,,743,gold
2023,3130903,31,MG,Inhapim,68.56,,,,,,,743,gold
2023,3133907,31,MG,Itaverava,100.0,,,,,,,743,gold
2023,3139201,31,MG,Malacacheta,68.29,,,,,,,743,gold
2023,3144706,31,MG,Nova Era,60.32,,,,,,,743,gold
2023,3147105,31,MG,Pará de Minas,61.39,,,,,,,743,gold
2023,3151206,31,MG,Pirapora,51.29,,,,,,,743,gold
2023,3154804,31,MG,Rio Acima,40.74,,,,,,,743,gold
2023,3156403,31,MG,Romaria,57.73,,,,,,,743,gold
2023,3157658,31,MG,Santa Helena de Minas,72.53,,,,,,,743,gold
2023,3161007,31,MG,São Domingos do Prata,69.05,,,,,,,743,gold
2023,3161106,31,MG,São Francisco,45.74,,,,,,,743,gold
2023,3303401,33,RJ,Nova Friburgo,65.29,,,,,,,743,gold
2023,4103222,41,PR,Bom Sucesso do Sul,82.0,,,,,,,743,gold
2023,4110656,41,PR,Iracema do Oeste,92.86,,,,,,,743,gold
2023,4114302,41,PR,Mandirituba,79.38,,,,,,,743,gold
2023,4116505,41,PR,Nova Aliança do Ivaí,38.1,,,,,,,743,gold
2023,4116950,41,PR,Nova Esperança do Sudoeste,97.38,,,,,,,743,gold
2023,4118857,41,PR,Perobal,57.6,,,,,,,743,gold
2023,4119954,41,PR,Pontal do Paraná,71.19,,,,,,,743,gold
2023,4121505,41,PR,Rebouças,86.33,,,,,,,743,gold
2023,4123501,41,PR,Santa Helena,79.21,,,,,,,743,gold
2023,4200556,42,SC,Águas Frias,42.78,,,,,,,743,gold
2023,4201273,42,SC,Arabutã,79.39,,,,,,,743,gold
2023,4202602,42,SC,Bom Retiro,38.12,,,,,,,743,gold
2023,4203204,42,SC,Camboriú,50.54,,,,,,,743,gold
2023,4211256,42,SC,Morro Grande,62.17,,,,,,,743,gold
2023,4211850,42,SC,Ouro Verde,44.56,,,,,,,743,gold
2023,4219408,42,SC,Witmarsum,79.96,,,,,,,743,gold
2023,4300661,43,RS,André da Rocha,68.75,,,,,,,743,gold
2023,4305587,43,RS,Colinas,86.88,,,,,,,743,gold
2023,4308706,43,RS,Gaurama,78.81,,,,,,,743,gold
2023,4315131,43,RS,Pouso Novo,92.31,,,,,,,743,gold
2023,4315156,43,RS,Progresso,78.89,,,,,,,743,gold
2023,4317756,43,RS,Santo Antônio do Planalto,77.14,,,,,,,743,gold
2023,4320107,43,RS,Sarandi,72.22,,,,,,,743,gold
2023,4321329,43,RS,Taquaruçu do Sul,83.35,,,,,,,743,gold
2023,4323457,43,RS,Vila Nova do Sul,53.56,,,,,,,743,gold
2023,5104500,51,MT,Indiavaí,44.71,,,,,,,743,gold
2023,5105309,51,MT,Luciara,37.65,,,,,,,743,gold
2023,5106224,51,MT,Nova Mutum,64.2,,,,,,,743,gold
2023,5205059,52,GO,Castelândia,80.99,,,,,,,743,gold
2023,5208905,52,GO,Goiás,67.46,,,,,,,743,gold
2023,5209408,52,GO,Guarani de Goiás,32.11,,,,,,,743,gold
2023,5213509,52,GO,Monte Alegre de Goiás,75.44,,,,,,,743,gold
2023,1300706,13,AM,Boca do Acre,55.02,,,,,,,743,gold
2023,1503408,15,PA,Inhangapi,21.83,,,,,,,743,gold
2023,1504059,15,PA,Mãe do Rio,45.48,,,,,,,743,gold
2023,1600279,16,AP,Laranjal do Jari,39.29,,,,,,,743,gold
2023,1700707,17,TO,Alvorada,47.86,,,,,,,743,gold
2023,1702307,17,TO,Arapoema,37.31,,,,,,,743,gold
2023,1709500,17,TO,Gurupi,44.44,,,,,,,743,gold
2023,1720101,17,TO,São Bento do Tocantins,43.97,,,,,,,743,gold
2023,2100550,21,MA,Amapá do Maranhão,22.97,,,,,,,743,gold
2023,2101905,21,MA,Bequimão,33.01,,,,,,,743,gold
2023,2102903,21,MA,Carutapera,55.58,,,,,,,743,gold
2023,2104206,21,MA,Fortuna,40.4,,,,,,,743,gold
2023,2105450,21,MA,Jatobá,72.81,,,,,,,743,gold
2023,2200608,22,PI,Angical do Piauí,61.5,,,,,,,743,gold
2023,2201309,22,PI,Barreiras do Piauí,38.39,,,,,,,743,gold
2023,2208007,22,PI,Picos,52.95,,,,,,,743,gold
2023,2211407,22,PI,Várzea Grande,93.66,,,,,,,743,gold
2023,2301000,23,CE,Aquiraz,87.89,,,,,,,743,gold
2023,2310951,23,CE,Pires Ferreira,99.14,,,,,,,743,gold
2023,2311231,23,CE,Potiretama,100.0,,,,,,,743,gold
2023,2401503,24,RN,Barcelona,55.27,,,,,,,743,gold
2023,2402204,24,RN,Canguaretama,37.7,,,,,,,743,gold
2023,2405108,24,RN,Jandaíra,32.22,,,,,,,743,gold
2023,2406403,24,RN,Lagoa de Velhos,41.67,,,,,,,743,gold
2023,2406700,24,RN,Lajes,26.57,,,,,,,743,gold
2023,2412807,24,RN,São Rafael,19.8,,,,,,,743,gold
2023,2413409,24,RN,Serra Negra do Norte,25.83,,,,,,,743,gold
2023,2502052,25,PB,Bernardino Batista,61.38,,,,,,,743,gold
2023,2502151,25,PB,Boa Vista,68.57,,,,,,,743,gold
2023,2510907,25,PB,Paulista,61.87,,,,,,,743,gold
2023,2601706,26,PE,Belo Jardim,49.69,,,,,,,743,gold
2023,2603926,26,PE,Carnaubeira da Penha,84.31,,,,,,,743,gold
2023,2607703,26,PE,Itapetim,65.28,,,,,,,743,gold
2023,2702504,27,AL,Dois Riachos,46.47,,,,,,,743,gold
2023,2904753,29,BA,Buritirama,13.04,,,,,,,743,gold
2023,2905404,29,BA,Cairu,36.91,,,,,,,743,gold
2023,2905800,29,BA,Camamu,25.96,,,,,,,743,gold
2023,2911907,29,BA,Iaçu,22.93,,,,,,,743,gold
2023,2914653,29,BA,Itabela,31.1,,,,,,,743,gold
2023,2920205,29,BA,Malhada,25.23,,,,,,,743,gold
2023,2924306,29,BA,Piatã,42.2,,,,,,,743,gold
2023,2924652,29,BA,Pintadas,44.93,,,,,,,743,gold
2023,2927507,29,BA,Santa Bárbara,21.01,,,,,,,743,gold
2023,2929370,29,BA,São José do Jacuípe,23.18,,,,,,,743,gold
2023,3101201,31,MG,Aiuruoca,55.3,,,,,,,743,gold
2023,3104908,31,MG,Baependi,70.29,,,,,,,743,gold
2023,3108107,31,MG,Bonfim,69.27,,,,,,,743,gold
2023,3111200,31,MG,Campo Belo,69.49,,,,,,,743,gold
2023,3112000,31,MG,Candeias,88.88,,,,,,,743,gold
2023,3123700,31,MG,Engenheiro Caldas,58.22,,,,,,,743,gold
2023,3130556,31,MG,Imbé de Minas,65.59,,,,,,,743,gold
2023,3131802,31,MG,Itabirinha,68.23,,,,,,,743,gold
2023,3135001,31,MG,Jaguaraçu,62.35,,,,,,,743,gold
2023,3135902,31,MG,Jesuânia,62.05,,,,,,,743,gold
2023,3143203,31,MG,Monte Santo de Minas,42.15,,,,,,,743,gold
2023,3143401,31,MG,Monte Sião,53.93,,,,,,,743,gold
2023,3144805,31,MG,Nova Lima,56.76,,,,,,,743,gold
2023,3146503,31,MG,Pains,67.53,,,,,,,743,gold
2023,3149804,31,MG,Perdizes,67.9,,,,,,,743,gold
2023,3158102,31,MG,Santa Maria do Salto,57.42,,,,,,,743,gold
2023,3163805,31,MG,São Miguel do Anta,74.87,,,,,,,743,gold
2023,3163904,31,MG,São Pedro da União,76.97,,,,,,,743,gold
2023,3171907,31,MG,Virgolândia,87.28,,,,,,,743,gold
2023,3302908,33,RJ,Miguel Pereira,57.4,,,,,,,743,gold
2023,3306305,33,RJ,Volta Redonda,60.12,,,,,,,743,gold
2023,3522307,35,SP,Itapetininga,44.24,,,,,,,743,gold
2023,4100301,41,PR,Agudos do Sul,75.84,,,,,,,743,gold
2023,4101903,41,PR,Assaí,88.72,,,,,,,743,gold
2023,4104402,41,PR,Cândido de Abreu,83.34,,,,,,,743,gold
2023,4105904,41,PR,Colorado,84.01,,,,,,,743,gold
2023,4106001,41,PR,Congonhinhas,68.8,,,,,,,743,gold
2023,4108403,41,PR,Francisco Beltrão,79.67,,,,,,,743,gold
2023,4126108,41,PR,São Tomé,88.97,,,,,,,743,gold
2023,4128559,41,PR,Vera Cruz do Oeste,52.37,,,,,,,743,gold
2023,4204558,42,SC,Correia Pinto,60.3,,,,,,,743,gold
2023,4204707,42,SC,Cunha Porã,76.72,,,,,,,743,gold
2023,4205902,42,SC,Gaspar,64.47,,,,,,,743,gold
2023,4206306,42,SC,Guabiruba,70.17,,,,,,,743,gold
2023,4207106,42,SC,Ilhota,52.0,,,,,,,743,gold
2023,4207700,42,SC,Ipumirim,53.96,,,,,,,743,gold
2023,4207759,42,SC,Iraceminha,78.28,,,,,,,743,gold
2023,4208401,42,SC,Itapiranga,76.43,,,,,,,743,gold
2023,4210803,42,SC,Meleiro,54.81,,,,,,,743,gold
2023,4302402,43,RS,Bom Retiro do Sul,79.94,,,,,,,743,gold
2023,4304200,43,RS,Candelária,75.15,,,,,,,743,gold
2023,4306056,43,RS,Cristal,61.01,,,,,,,743,gold
2023,4306403,43,RS,Dois Irmãos,79.87,,,,,,,743,gold
2023,4306809,43,RS,Encantado,83.92,,,,,,,743,gold
2023,4310462,43,RS,Ipiranga do Sul,82.35,,,,,,,743,gold
2023,4314423,43,RS,Picada Café,85.93,,,,,,,743,gold
2023,4319000,43,RS,São Marcos,82.76,,,,,,,743,gold
2023,4320305,43,RS,Selbach,83.57,,,,,,,743,gold
2023,4321907,43,RS,Três Passos,82.1,,,,,,,743,gold
2023,5105234,51,MT,Lambari D'Oeste,41.08,,,,,,,743,gold
2023,5203609,52,GO,Brazabrantes,48.93,,,,,,,743,gold
2023,5211404,52,GO,Itauçu,96.95,,,,,,,743,gold
2023,5220686,52,GO,Simolândia,86.31,,,,,,,743,gold
2023,1100205,11,RO,Porto Velho,64.47,,,,,,,743,gold
2023,1301100,13,AM,Careiro,29.22,,,,,,,743,gold
2023,1500800,15,PA,Ananindeua,58.15,,,,,,,743,gold
2023,1501725,15,PA,Brasil Novo,73.21,,,,,,,743,gold
2023,1501758,15,PA,Brejo Grande do Araguaia,61.58,,,,,,,743,gold
2023,1503457,15,PA,Ipixuna do Pará,39.7,,,,,,,743,gold
2023,1506559,15,PA,Santa Luzia do Pará,56.45,,,,,,,743,gold
2023,2101301,21,MA,Bacuri,67.67,,,,,,,743,gold
2023,2102507,21,MA,Cajari,53.27,,,,,,,743,gold
2023,2104081,21,MA,Fernando Falcão,29.89,,,,,,,743,gold
2023,2104909,21,MA,Guimarães,89.07,,,,,,,743,gold
2023,2107456,21,MA,Olinda Nova do Maranhão,80.81,,,,,,,743,gold
2023,2108256,21,MA,Pedro do Rosário,65.82,,,,,,,743,gold
2023,2109452,21,MA,Raposa,68.06,,,,,,,743,gold
2023,2109700,21,MA,Sambaíba,85.92,,,,,,,743,gold
2023,2201606,22,PI,Beneditinos,77.58,,,,,,,743,gold
2023,2202000,22,PI,Buriti dos Lopes,41.5,,,,,,,743,gold
2023,2203453,22,PI,Dom Inocêncio,97.37,,,,,,,743,gold
2023,2203701,22,PI,Esperantina,56.99,,,,,,,743,gold
2023,2203750,22,PI,Fartura do Piauí,36.65,,,,,,,743,gold
2023,2204659,22,PI,Ilha Grande,39.89,,,,,,,743,gold
2023,2302107,23,CE,Baturité,77.86,,,,,,,743,gold
2023,2304251,23,CE,Cruz,99.53,,,,,,,743,gold
2023,2312106,23,CE,Santana do Cariri,89.48,,,,,,,743,gold
2023,2407708,24,RN,Montanhas,58.69,,,,,,,743,gold
2023,2410009,24,RN,Pilões,51.45,,,,,,,743,gold
2023,2413508,24,RN,Serrinha,56.19,,,,,,,743,gold
2023,2413904,24,RN,Taipu,35.92,,,,,,,743,gold
2023,2414407,24,RN,Touros,24.96,,,,,,,743,gold
2023,2505303,25,PB,Curral Velho,38.1,,,,,,,743,gold
2023,2506301,25,PB,Guarabira,36.12,,,,,,,743,gold
2023,2513158,25,PB,Santa Cecília,13.38,,,,,,,743,gold
2023,2515203,25,PB,São Sebastião do Umbuzeiro,94.99,,,,,,,743,gold
2023,2600054,26,PE,Abreu e Lima,47.44,,,,,,,743,gold
2023,2604700,26,PE,Correntes,51.81,,,,,,,743,gold
2023,2608008,26,PE,Jataúba,51.9,,,,,,,743,gold
2023,2612471,26,PE,Santa Cruz da Baixa Verde,75.38,,,,,,,743,gold
2023,2901700,29,BA,Antônio Cardoso,33.89,,,,,,,743,gold
2023,2904803,29,BA,Caatiba,48.46,,,,,,,743,gold
2023,2906873,29,BA,Capim Grosso,26.2,,,,,,,743,gold
2023,2907301,29,BA,Castro Alves,44.01,,,,,,,743,gold
2023,2909406,29,BA,Cotegipe,40.77,,,,,,,743,gold
2023,2915106,29,BA,Itagi,37.75,,,,,,,743,gold
2023,2917508,29,BA,Jacobina,30.73,,,,,,,743,gold
2023,2924702,29,BA,Piripá,64.26,,,,,,,743,gold
2023,2928059,29,BA,Santa Luzia,33.46,,,,,,,743,gold
2023,3102902,31,MG,Antônio Carlos,72.16,,,,,,,743,gold
2023,3106507,31,MG,Berilo,79.27,,,,,,,743,gold
2023,3110004,31,MG,Caeté,73.48,,,,,,,743,gold
2023,3111408,31,MG,Campo Florido,75.96,,,,,,,743,gold
2023,3117207,31,MG,Conceição das Pedras,57.92,,,,,,,743,gold
2023,3127206,31,MG,Funilândia,56.66,,,,,,,743,gold
2023,3130002,31,MG,Ibituruna,60.59,,,,,,,743,gold
2023,3135605,31,MG,Jequitaí,39.93,,,,,,,743,gold
2023,3138658,31,MG,Lontra,64.02,,,,,,,743,gold
2023,3145307,31,MG,Novo Cruzeiro,71.1,,,,,,,743,gold
2023,3147600,31,MG,Passa Quatro,85.98,,,,,,,743,gold
2023,3151701,31,MG,Poço Fundo,81.87,,,,,,,743,gold
2023,3152808,31,MG,Prata,55.38,,,,,,,743,gold
2023,3154507,31,MG,Riacho dos Machados,67.54,,,,,,,743,gold
2023,3156452,31,MG,Rosário da Limeira,55.93,,,,,,,743,gold
2023,3158409,31,MG,Santana de Cataguases,85.23,,,,,,,743,gold
2023,3161700,31,MG,São Gonçalo do Abaeté,89.0,,,,,,,743,gold
2023,3165008,31,MG,São Tiago,92.29,,,,,,,743,gold
2023,3166402,31,MG,Seritinga,64.0,,,,,,,743,gold
2023,3166907,31,MG,Serrania,63.81,,,,,,,743,gold
2023,3169109,31,MG,Toledo,63.11,,,,,,,743,gold
2023,3200607,32,ES,Aracruz,70.92,,,,,,,743,gold
2023,3201159,32,ES,Brejetuba,72.75,,,,,,,743,gold
2023,3203130,32,ES,João Neiva,71.84,,,,,,,743,gold
2023,3302858,33,RJ,Mesquita,37.82,,,,,,,743,gold
2023,3303906,33,RJ,Petrópolis,62.52,,,,,,,743,gold
2023,3305000,33,RJ,São João da Barra,52.12,,,,,,,743,gold
2023,3548906,35,SP,São Carlos,54.13,,,,,,,743,gold
2023,4108551,41,PR,Godoy Moreira,94.55,,,,,,,743,gold
2023,4109005,41,PR,Guapirama,87.9,,,,,,,743,gold
2023,4110102,41,PR,Imbituva,80.43,,,,,,,743,gold
2023,4117214,41,PR,Nova Santa Bárbara,84.94,,,,,,,743,gold
2023,4118600,41,PR,Paula Freitas,77.55,,,,,,,743,gold
2023,4122107,41,PR,Rio Bom,94.5,,,,,,,743,gold
2023,4124053,41,PR,Santa Terezinha de Itaipu,81.3,,,,,,,743,gold
2023,4127106,41,PR,Telêmaco Borba,63.2,,,,,,,743,gold
2023,4202073,42,SC,Balneário Gaivota,51.89,,,,,,,743,gold
2023,4202503,42,SC,Bom Jardim da Serra,35.91,,,,,,,743,gold
2023,4205001,42,SC,Dionísio Cerqueira,59.86,,,,,,,743,gold
2023,4300034,43,RS,Aceguá,69.95,,,,,,,743,gold
2023,4301602,43,RS,Bagé,59.6,,,,,,,743,gold
2023,4301859,43,RS,Barra do Guarita,59.41,,,,,,,743,gold
2023,4306320,43,RS,Derrubadas,49.71,,,,,,,743,gold
2023,4312674,43,RS,Nicolau Vergueiro,73.12,,,,,,,743,gold
2023,4322103,43,RS,Tucunduva,73.48,,,,,,,743,gold
2023,4322343,43,RS,Ubiretama,100.0,,,,,,,743,gold
2023,5000252,50,MS,Alcinópolis,76.7,,,,,,,743,gold
2023,5005707,50,MS,Naviraí,60.27,,,,,,,743,gold
2023,5101001,51,MT,Araguaiana,100.0,,,,,,,743,gold
2023,5103304,51,MT,Comodoro,57.77,,,,,,,743,gold
2023,5106752,51,MT,Pontes e Lacerda,65.94,,,,,,,743,gold
2023,5200100,52,GO,Abadiânia,78.96,,,,,,,743,gold
2023,5202353,52,GO,Arenópolis,91.53,,,,,,,743,gold
2023,5203575,52,GO,Bonópolis,48.9,,,,,,,743,gold
2023,5203939,52,GO,Buriti de Goiás,95.35,,,,,,,743,gold
2023,5205000,52,GO,Carmo do Rio Verde,78.85,,,,,,,743,gold
2023,5208400,52,GO,Goianápolis,74.4,,,,,,,743,gold
2023,5212600,52,GO,Mairipotaba,97.33,,,,,,,743,gold
2023,5212808,52,GO,Mara Rosa,69.6,,,,,,,743,gold
2023,5212907,52,GO,Marzagão,92.15,,,,,,,743,gold
2023,5213400,52,GO,Moiporá,68.61,,,,,,,743,gold
2023,5213707,52,GO,Montes Claros de Goiás,66.57,,,,,,,743,gold
2023,5214606,52,GO,Niquelândia,72.84,,,,,,,743,gold
2023,5215256,52,GO,Novo Planalto,84.74,,,,,,,743,gold
2023,5216007,52,GO,Panamá,75.33,,,,,,,743,gold
2023,5220264,52,GO,São Miguel do Passa Quatro,81.95,,,,,,,743,gold
2023,5220603,52,GO,Silvânia,86.01,,,,,,,743,gold
2023,1500404,15,PA,Alenquer,36.41,,,,,,,743,gold
2023,1500602,15,PA,Altamira,46.67,,,,,,,743,gold
2023,1501253,15,PA,Bannach,61.11,,,,,,,743,gold
2023,1508308,15,PA,Viseu,34.28,,,,,,,743,gold
2023,1600154,16,AP,Pedra Branca do Amapari,66.25,,,,,,,743,gold
2023,1704600,17,TO,Chapada de Areia,50.0,,,,,,,743,gold
2023,1716505,17,TO,Pedro Afonso,53.06,,,,,,,743,gold
2023,2100907,21,MA,Araioses,56.23,,,,,,,743,gold
2023,2108405,21,MA,Peri Mirim,35.34,,,,,,,743,gold
2023,2202083,22,PI,Cajueiro da Praia,47.44,,,,,,,743,gold
2023,2203354,22,PI,Dirceu Arcoverde,33.24,,,,,,,743,gold
2023,2203503,22,PI,Elesbão Veloso,50.09,,,,,,,743,gold
2023,2207553,22,PI,Paquetá,100.0,,,,,,,743,gold
2023,2207793,22,PI,Pau D'Arco do Piauí,100.0,,,,,,,743,gold
2023,2207959,22,PI,Nova Santa Rita,48.03,,,,,,,743,gold
2023,2210409,22,PI,São Miguel do Tapuio,29.86,,,,,,,743,gold
2023,2300754,23,CE,Amontada,83.0,,,,,,,743,gold
2023,2403756,24,RN,Fernando Pedroza,32.84,,,,,,,743,gold
2023,2405207,24,RN,Janduís,28.72,,,,,,,743,gold
2023,2411601,24,RN,São Bento do Norte,57.76,,,,,,,743,gold
2023,2411700,24,RN,São Bento do Trairí,33.35,,,,,,,743,gold
2023,2503803,25,PB,Caldas Brandão,54.92,,,,,,,743,gold
2023,2505006,25,PB,Cubati,71.83,,,,,,,743,gold
2023,2506202,25,PB,Frei Martinho,38.7,,,,,,,743,gold
2023,2509602,25,PB,Monte Horebe,84.33,,,,,,,743,gold
2023,2511301,25,PB,Piancó,48.84,,,,,,,743,gold
2023,2511400,25,PB,Picuí,52.51,,,,,,,743,gold
2023,2513851,25,PB,Santo André,45.13,,,,,,,743,gold
2023,2601904,26,PE,Bezerros,51.47,,,,,,,743,gold
2023,2602506,26,PE,Brejinho,71.45,,,,,,,743,gold
2023,2606200,26,PE,Goiana,53.14,,,,,,,743,gold
2023,2701357,27,AL,Campestre,41.23,,,,,,,743,gold
2023,2806800,28,SE,São Domingos,29.59,,,,,,,743,gold
2023,2902005,29,BA,Aracatu,41.95,,,,,,,743,gold
2023,2907905,29,BA,Cipó,27.9,,,,,,,743,gold
2023,2909307,29,BA,Correntina,36.71,,,,,,,743,gold
2023,2912707,29,BA,Ibirapitanga,31.23,,,,,,,743,gold
2023,2914109,29,BA,Ipupiara,66.75,,,,,,,743,gold
2023,2915809,29,BA,Itambé,22.21,,,,,,,743,gold
2023,2918001,29,BA,Jequié,37.87,,,,,,,743,gold
2023,2918100,29,BA,Jeremoabo,27.04,,,,,,,743,gold
2023,2922102,29,BA,Mundo Novo,26.61,,,,,,,743,gold
2023,2923605,29,BA,Paramirim,46.89,,,,,,,743,gold
2023,2926103,29,BA,Retirolândia,18.48,,,,,,,743,gold
2023,2929503,29,BA,São Sebastião do Passé,49.95,,,,,,,743,gold
2023,2932408,29,BA,Uibaí,33.09,,,,,,,743,gold
2023,3103108,31,MG,Antônio Prado de Minas,78.57,,,,,,,743,gold
2023,3104601,31,MG,Astolfo Dutra,74.88,,,,,,,743,gold
2023,3114402,31,MG,Carmo do Rio Claro,63.2,,,,,,,743,gold
2023,3114709,31,MG,Carvalhópolis,76.96,,,,,,,743,gold
2023,3114907,31,MG,Casa Grande,68.75,,,,,,,743,gold
2023,3117405,31,MG,Conceição de Ipanema,90.0,,,,,,,743,gold
2023,3126950,31,MG,Frei Lagonegro,56.25,,,,,,,743,gold
2023,3127388,31,MG,Goianá,75.0,,,,,,,743,gold
2023,3131000,31,MG,Inhaúma,46.98,,,,,,,743,gold
2023,3131505,31,MG,Ipuiúna,52.86,,,,,,,743,gold
2023,3152600,31,MG,Pouso Alto,78.44,,,,,,,743,gold
2023,3154150,31,MG,Reduto,39.44,,,,,,,743,gold
2023,3155504,31,MG,Rio Paranaíba,78.7,,,,,,,743,gold
2023,3155801,31,MG,Rio Pomba,65.31,,,,,,,743,gold
2023,3156205,31,MG,Rochedo de Minas,56.55,,,,,,,743,gold
2023,3304144,33,RJ,Queimados,38.08,,,,,,,743,gold
2023,3306156,33,RJ,Varre-Sai,92.37,,,,,,,743,gold
2023,4103057,41,PR,Boa Vista da Aparecida,72.39,,,,,,,743,gold
2023,4103206,41,PR,Bom Sucesso,53.53,,,,,,,743,gold
2023,4104659,41,PR,Carambeí,75.09,,,,,,,743,gold
2023,4107801,41,PR,Floraí,77.34,,,,,,,743,gold
2023,4108957,41,PR,Guamiranga,79.53,,,,,,,743,gold
2023,4111001,41,PR,Itambaracá,79.12,,,,,,,743,gold
2023,4122008,41,PR,Rio Azul,89.62,,,,,,,743,gold
2023,4127403,41,PR,Terra Roxa,68.55,,,,,,,743,gold
2023,4128401,41,PR,Uraí,76.55,,,,,,,743,gold
2023,4202875,42,SC,Brunópolis,43.27,,,,,,,743,gold
2023,4205407,42,SC,Florianópolis,49.27,,,,,,,743,gold
2023,4208906,42,SC,Jaraguá do Sul,72.77,,,,,,,743,gold
2023,4215109,42,SC,Rodeio,58.79,,,,,,,743,gold
2023,4215554,42,SC,Santa Helena,78.34,,,,,,,743,gold
2023,4217709,42,SC,Sombrio,65.75,,,,,,,743,gold
2023,4300505,43,RS,Alpestre,74.94,,,,,,,743,gold
2023,4301305,43,RS,Arroio Grande,54.13,,,,,,,743,gold
2023,4306130,43,RS,Cruzaltense,77.78,,,,,,,743,gold
2023,4310413,43,RS,Inhacorá,62.65,,,,,,,743,gold
2023,4311403,43,RS,Lajeado,72.19,,,,,,,743,gold
2023,4313904,43,RS,Panambi,77.7,,,,,,,743,gold
2023,4314068,43,RS,Passa Sete,85.26,,,,,,,743,gold
2023,4319752,43,RS,São Vendelino,94.12,,,,,,,743,gold
2023,4319901,43,RS,Sapiranga,69.82,,,,,,,743,gold
2023,4322541,43,RS,Vale Real,75.99,,,,,,,743,gold
2023,4323408,43,RS,Vila Maria,86.7,,,,,,,743,gold
2023,5003157,50,MS,Coronel Sapucaia,78.98,,,,,,,743,gold
2023,5004700,50,MS,Ivinhema,61.82,,,,,,,743,gold
2023,5106273,51,MT,Novo Horizonte do Norte,62.97,,,,,,,743,gold
2023,5107404,51,MT,São Pedro da Cipa,72.89,,,,,,,743,gold
2023,5213053,52,GO,Mimoso de Goiás,66.67,,,,,,,743,gold
2023,5218805,52,GO,Rio Verde,86.06,,,,,,,743,gold
2023,5222302,52,GO,Vila Propício,74.44,,,,,,,743,gold
2023,1502939,15,PA,Dom Eliseu,59.32,,,,,,,743,gold
2023,1504406,15,PA,Marapanim,28.74,,,,,,,743,gold
2023,1505106,15,PA,Óbidos,48.83,,,,,,,743,gold
2023,1506161,15,PA,Rio Maria,41.79,,,,,,,743,gold
2023,1507508,15,PA,São João do Araguaia,33.62,,,,,,,743,gold
2023,1507904,15,PA,Soure,62.77,,,,,,,743,gold
2023,1508084,15,PA,Tucumã,58.8,,,,,,,743,gold
2023,1705557,17,TO,Combinado,62.09,,,,,,,743,gold
2023,1714203,17,TO,Natividade,28.21,,,,,,,743,gold
2023,2101509,21,MA,Barão de Grajaú,41.6,,,,,,,743,gold
2023,2103125,21,MA,Central do Maranhão,100.0,,,,,,,743,gold
2023,2107001,21,MA,Montes Altos,71.31,,,,,,,743,gold
2023,2111805,21,MA,Sítio Novo,42.39,,,,,,,743,gold
2023,2112308,21,MA,Tuntum,38.93,,,,,,,743,gold
2023,2204303,22,PI,Fronteiras,98.26,,,,,,,743,gold
2023,2204550,22,PI,Guaribas,58.08,,,,,,,743,gold
2023,2206506,22,PI,Monsenhor Hipólito,100.0,,,,,,,743,gold
2023,2207801,22,PI,Paulistana,45.07,,,,,,,743,gold
2023,2211100,22,PI,União,26.82,,,,,,,743,gold
2023,2301406,23,CE,Aratuba,83.04,,,,,,,743,gold
2023,2401909,24,RN,Caiçara do Rio do Vento,59.21,,,,,,,743,gold
2023,2403509,24,RN,Espírito Santo,18.07,,,,,,,743,gold
2023,2412104,24,RN,São João do Sabugi,49.58,,,,,,,743,gold
2023,2506103,25,PB,Fagundes,60.71,,,,,,,743,gold
2023,2509107,25,PB,Mari,37.99,,,,,,,743,gold
2023,2510659,25,PB,Parari,63.64,,,,,,,743,gold
2023,2512002,25,PB,Pocinhos,42.15,,,,,,,743,gold
2023,2512200,25,PB,Prata,47.46,,,,,,,743,gold
2023,2516151,25,PB,Sossêgo,18.45,,,,,,,743,gold
2023,2603009,26,PE,Cabrobó,68.25,,,,,,,743,gold
2023,2606408,26,PE,Gravatá,42.26,,,,,,,743,gold
2023,2608909,26,PE,Limoeiro,72.23,,,,,,,743,gold
2023,2702009,27,AL,Coité do Nóia,74.97,,,,,,,743,gold
2023,2801702,28,SE,Cristinápolis,24.74,,,,,,,743,gold
2023,2802502,28,SE,General Maynard,20.0,,,,,,,743,gold
2023,2807600,28,SE,Umbaúba,25.4,,,,,,,743,gold
2023,2904506,29,BA,Brotas de Macaúbas,43.67,,,,,,,743,gold
2023,2909000,29,BA,Cordeiros,69.32,,,,,,,743,gold
2023,2913200,29,BA,Ibotirama,42.38,,,,,,,743,gold
2023,2917102,29,BA,Itororó,47.4,,,,,,,743,gold
2023,2917300,29,BA,Ituberá,44.09,,,,,,,743,gold
2023,2917904,29,BA,Jandaíra,50.51,,,,,,,743,gold
2023,2920007,29,BA,Maiquinique,29.83,,,,,,,743,gold
2023,2920502,29,BA,Maracás,52.47,,,,,,,743,gold
2023,2922755,29,BA,Nova Ibiá,50.34,,,,,,,743,gold
2023,2923100,29,BA,Olindina,34.5,,,,,,,743,gold
2023,2926806,29,BA,Rio do Antônio,62.54,,,,,,,743,gold
2023,3101607,31,MG,Alfenas,55.04,,,,,,,743,gold
2023,3106101,31,MG,Belmiro Braga,33.6,,,,,,,743,gold
2023,3108800,31,MG,Braúnas,72.23,,,,,,,743,gold
2023,3112901,31,MG,Caputira,59.39,,,,,,,743,gold
2023,3121258,31,MG,Delta,50.98,,,,,,,743,gold
2023,3125002,31,MG,Ewbank da Câmara,35.65,,,,,,,743,gold
2023,3126208,31,MG,Formoso,62.46,,,,,,,743,gold
2023,3139409,31,MG,Manhuaçu,57.2,,,,,,,743,gold
2023,3148806,31,MG,Pedra do Anta,85.38,,,,,,,743,gold
2023,3150570,31,MG,Pintópolis,46.0,,,,,,,743,gold
2023,3150703,31,MG,Pirajuba,63.4,,,,,,,743,gold
2023,3159357,31,MG,Santa Rita de Minas,61.31,,,,,,,743,gold
2023,3165602,31,MG,Senador Cortes,42.11,,,,,,,743,gold
2023,3165909,31,MG,Senador Modestino Gonçalves,75.41,,,,,,,743,gold
2023,3169802,31,MG,Turvolândia,61.67,,,,,,,743,gold
2023,3301801,33,RJ,Engenheiro Paulo de Frontin,63.0,,,,,,,743,gold
2023,3302205,33,RJ,Itaperuna,68.63,,,,,,,743,gold
2023,3305554,33,RJ,Seropédica,46.5,,,,,,,743,gold
2023,3508801,35,SP,Cafelândia,58.79,,,,,,,743,gold
2023,3532603,35,SP,Nhandeara,70.73,,,,,,,743,gold
2023,3545803,35,SP,Santa Bárbara d'Oeste,55.78,,,,,,,743,gold
2023,3546405,35,SP,Santa Cruz do Rio Pardo,52.96,,,,,,,743,gold
2023,4103453,41,PR,Cafelândia,87.02,,,,,,,743,gold
2023,4103701,41,PR,Cambé,79.11,,,,,,,743,gold
2023,4106456,41,PR,Coronel Domingos Soares,78.28,,,,,,,743,gold
2023,4107207,41,PR,Dois Vizinhos,83.75,,,,,,,743,gold
2023,4108650,41,PR,Goioxim,92.63,,,,,,,743,gold
2023,4111506,41,PR,Ivaiporã,66.58,,,,,,,743,gold
2023,4112900,41,PR,Jundiaí do Sul,56.84,,,,,,,743,gold
2023,4113502,41,PR,Loanda,72.42,,,,,,,743,gold
2023,4117909,41,PR,Palotina,69.03,,,,,,,743,gold
2023,4118451,41,PR,Pato Bragado,90.47,,,,,,,743,gold
2023,4118907,41,PR,Pérola,78.4,,,,,,,743,gold
2023,4125308,41,PR,São Jorge do Ivaí,82.98,,,,,,,743,gold
2023,4128658,41,PR,Virmond,78.69,,,,,,,743,gold
2023,4203808,42,SC,Canoinhas,75.63,,,,,,,743,gold
2023,4217956,42,SC,Tigrinhos,79.06,,,,,,,743,gold
2023,4218509,42,SC,Treze Tílias,74.33,,,,,,,743,gold
2023,4218707,42,SC,Tubarão,65.84,,,,,,,743,gold
2023,4300604,43,RS,Alvorada,47.65,,,,,,,743,gold
2023,4301404,43,RS,Arvorezinha,80.57,,,,,,,743,gold
2023,4301750,43,RS,Barão do Triunfo,88.23,,,,,,,743,gold
2023,4303806,43,RS,Campinas do Sul,90.14,,,,,,,743,gold
2023,4305405,43,RS,Chiapetta,83.37,,,,,,,743,gold
2023,4307831,43,RS,Eugênio de Castro,88.24,,,,,,,743,gold
2023,4309654,43,RS,Hulha Negra,72.82,,,,,,,743,gold
2023,4311601,43,RS,Liberato Salzano,82.63,,,,,,,743,gold
2023,4314100,43,RS,Passo Fundo,58.68,,,,,,,743,gold
2023,4316600,43,RS,Sananduva,74.0,,,,,,,743,gold
2023,4319158,43,RS,São Miguel das Missões,76.34,,,,,,,743,gold
2023,4321832,43,RS,Três Forquilhas,60.87,,,,,,,743,gold
2023,5003256,50,MS,Costa Rica,38.85,,,,,,,743,gold
2023,5003306,50,MS,Coxim,39.69,,,,,,,743,gold
2023,5008404,50,MS,Vicentina,63.33,,,,,,,743,gold
2023,5101902,51,MT,Brasnorte,51.92,,,,,,,743,gold
2023,5107800,51,MT,Santo Antônio do Leverger,42.54,,,,,,,743,gold
2023,5203104,52,GO,Baliza,64.29,,,,,,,743,gold
2023,5203401,52,GO,Bom Jardim de Goiás,79.14,,,,,,,743,gold
2023,5207402,52,GO,Edéia,82.36,,,,,,,743,gold
2023,5215405,52,GO,Ouro Verde de Goiás,95.87,,,,,,,743,gold
2023,1506906,15,PA,Santarém Novo,52.16,,,,,,,743,gold
2023,1508209,15,PA,Vigia,29.77,,,,,,,743,gold
2023,2102804,21,MA,Carolina,44.54,,,,,,,743,gold
2023,2103158,21,MA,Centro do Guilherme,92.92,,,,,,,743,gold
2023,2105005,21,MA,Humberto de Campos,61.59,,,,,,,743,gold
2023,2106755,21,MA,Miranda do Norte,55.15,,,,,,,743,gold
2023,2107506,21,MA,Paço do Lumiar,50.71,,,,,,,743,gold
2023,2110906,21,MA,São Francisco do Maranhão,51.3,,,,,,,743,gold
2023,2209500,22,PI,Santo Inácio do Piauí,73.42,,,,,,,743,gold
2023,2209609,22,PI,São Félix do Piauí,35.56,,,,,,,743,gold
2023,2303006,23,CE,Caridade,96.73,,,,,,,743,gold
2023,2308104,23,CE,Mauriti,84.73,,,,,,,743,gold
2023,2313104,23,CE,Tabuleiro do Norte,88.99,,,,,,,743,gold
2023,2410702,24,RN,Riacho da Cruz,20.95,,,,,,,743,gold
2023,2501302,25,PB,Aroeiras,67.95,,,,,,,743,gold
2023,2506509,25,PB,Gurjão,73.31,,,,,,,743,gold
2023,2509008,25,PB,Manaíra,70.52,,,,,,,743,gold
2023,2512309,25,PB,Princesa Isabel,96.69,,,,,,,743,gold
2023,2604403,26,PE,Chã de Alegria,62.99,,,,,,,743,gold
2023,2608750,26,PE,Lagoa Grande,54.74,,,,,,,743,gold
2023,2611002,26,PE,Petrolândia,51.87,,,,,,,743,gold
2023,2707909,27,AL,Santa Luzia do Norte,31.87,,,,,,,743,gold
2023,2900207,29,BA,Abaré,28.28,,,,,,,743,gold
2023,2900306,29,BA,Acajutiba,19.7,,,,,,,743,gold
2023,2904209,29,BA,Botuporã,62.08,,,,,,,743,gold
2023,2908101,29,BA,Cocos,48.62,,,,,,,743,gold
2023,2924900,29,BA,Planaltino,53.78,,,,,,,743,gold
2023,2926707,29,BA,Rio de Contas,50.44,,,,,,,743,gold
2023,2929800,29,BA,Saúde,15.02,,,,,,,743,gold
2023,3100609,31,MG,Água Boa,66.7,,,,,,,743,gold
2023,3103207,31,MG,Araçaí,84.62,,,,,,,743,gold
2023,3103405,31,MG,Araçuaí,61.31,,,,,,,743,gold
2023,3112604,31,MG,Capinópolis,51.19,,,,,,,743,gold
2023,3117801,31,MG,Conceição dos Ouros,61.94,,,,,,,743,gold
2023,3124203,31,MG,Espera Feliz,71.64,,,,,,,743,gold
2023,3135100,31,MG,Janaúba,52.76,,,,,,,743,gold
2023,3138005,31,MG,Laranjal,40.25,,,,,,,743,gold
2023,3143302,31,MG,Montes Claros,62.93,,,,,,,743,gold
2023,3151503,31,MG,Piumhi,57.27,,,,,,,743,gold
2023,3152170,31,MG,Ponto dos Volantes,72.63,,,,,,,743,gold
2023,3155900,31,MG,Rio Preto,71.16,,,,,,,743,gold
2023,3167103,31,MG,Serro,66.85,,,,,,,743,gold
2023,3169356,31,MG,Três Marias,70.3,,,,,,,743,gold
2023,3170404,31,MG,Unaí,55.92,,,,,,,743,gold
2023,3170651,31,MG,Vargem Grande do Rio Pardo,61.64,,,,,,,743,gold
2023,3200706,32,ES,Atilio Vivacqua,74.57,,,,,,,743,gold
2023,3205101,32,ES,Viana,70.14,,,,,,,743,gold
2023,3205200,32,ES,Vila Velha,68.08,,,,,,,743,gold
2023,3300456,33,RJ,Belford Roxo,34.73,,,,,,,743,gold
2023,3529302,35,SP,Matão,74.93,,,,,,,743,gold
2023,4103503,41,PR,Califórnia,81.85,,,,,,,743,gold
2023,4107553,41,PR,Farol,75.96,,,,,,,743,gold
2023,4114708,41,PR,Maria Helena,64.7,,,,,,,743,gold
2023,4116059,41,PR,Missal,88.67,,,,,,,743,gold
2023,4117503,41,PR,Paiçandu,68.48,,,,,,,743,gold
2023,4124103,41,PR,Santo Antônio da Platina,60.4,,,,,,,743,gold
2023,4201604,42,SC,Arroio Trinta,92.0,,,,,,,743,gold
2023,4204806,42,SC,Curitibanos,54.54,,,,,,,743,gold
2023,4212908,42,SC,Pinhalzinho,72.34,,,,,,,743,gold
2023,4213708,42,SC,Pouso Redondo,64.29,,,,,,,743,gold
2023,4214003,42,SC,Presidente Getúlio,59.54,,,,,,,743,gold
2023,4301909,43,RS,Barra do Ribeiro,67.68,,,,,,,743,gold
2023,4305207,43,RS,Cerro Largo,76.23,,,,,,,743,gold
2023,4305439,43,RS,Chuí,62.64,,,,,,,743,gold
2023,4305702,43,RS,Condor,83.87,,,,,,,743,gold
2023,4306452,43,RS,Dois Lajeados,91.2,,,,,,,743,gold
2023,4307302,43,RS,Erval Seco,67.41,,,,,,,743,gold
2023,4308250,43,RS,Floriano Peixoto,85.71,,,,,,,743,gold
2023,4309100,43,RS,Gramado,78.92,,,,,,,743,gold
2023,4310306,43,RS,Ilópolis,90.93,,,,,,,743,gold
2023,4316451,43,RS,Salto do Jacuí,83.79,,,,,,,743,gold
2023,4316709,43,RS,Santa Bárbara do Sul,68.2,,,,,,,743,gold
2023,4318481,43,RS,São José do Hortêncio,78.76,,,,,,,743,gold
2023,5005103,50,MS,Jateí,46.15,,,,,,,743,gold
2023,5007505,50,MS,Rochedo,38.71,,,,,,,743,gold
2023,5106455,51,MT,Planalto da Serra,58.62,,,,,,,743,gold
2023,5106703,51,MT,Ponte Branca,76.77,,,,,,,743,gold
2023,5202155,52,GO,Araguapaz,43.29,,,,,,,743,gold
2023,5208301,52,GO,Divinópolis de Goiás,79.91,,,,,,,743,gold
2023,5213855,52,GO,Morro Agudo de Goiás,100.0,,,,,,,743,gold
2023,5217104,52,GO,Piracanjuba,67.69,,,,,,,743,gold
2023,5220702,52,GO,Sítio d'Abadia,57.64,,,,,,,743,gold
2023,1100064,11,RO,Colorado do Oeste,62.85,,,,,,,743,gold
2023,1100320,11,RO,São Miguel do Guaporé,67.75,,,,,,,743,gold
2023,1100908,11,RO,Castanheiras,70.14,,,,,,,743,gold
2023,1300102,13,AM,Anori,74.08,,,,,,,743,gold
2023,1301605,13,AM,Fonte Boa,37.62,,,,,,,743,gold
2023,1502772,15,PA,Curionópolis,50.76,,,,,,,743,gold
2023,1505031,15,PA,Novo Progresso,61.43,,,,,,,743,gold
2023,1600238,16,AP,Ferreira Gomes,67.91,,,,,,,743,gold
2023,1712702,17,TO,Mateiros,27.59,,,,,,,743,gold
2023,1716604,17,TO,Peixe,46.47,,,,,,,743,gold
2023,1718501,17,TO,Recursolândia,4.56,,,,,,,743,gold
2023,2102101,21,MA,Brejo,50.31,,,,,,,743,gold
2023,2102200,21,MA,Buriti,44.96,,,,,,,743,gold
2023,2104008,21,MA,Esperantinópolis,59.36,,,,,,,743,gold
2023,2110005,21,MA,Santa Luzia,54.43,,,,,,,743,gold
2023,2111763,21,MA,Senador La Rocque,32.24,,,,,,,743,gold
2023,2111904,21,MA,Sucupira do Norte,49.97,,,,,,,743,gold
2023,2112233,21,MA,Trizidela do Vale,59.01,,,,,,,743,gold
2023,2114007,21,MA,Zé Doca,81.54,,,,,,,743,gold
2023,2202752,22,PI,Colônia do Gurguéia,54.43,,,,,,,743,gold
2023,2205953,22,PI,Marcolândia,98.87,,,,,,,743,gold
2023,2301307,23,CE,Araripe,75.5,,,,,,,743,gold
2023,2303709,23,CE,Caucaia,66.84,,,,,,,743,gold
2023,2304608,23,CE,General Sampaio,94.2,,,,,,,743,gold
2023,2306405,23,CE,Itapipoca,84.81,,,,,,,743,gold
2023,2312601,23,CE,São Luís do Curu,81.66,,,,,,,743,gold
2023,2401453,24,RN,Baraúna,32.01,,,,,,,743,gold
2023,2408953,24,RN,Rio do Fogo,14.85,,,,,,,743,gold
2023,2409506,24,RN,Pedra Grande,45.48,,,,,,,743,gold
2023,2410207,24,RN,Portalegre,49.43,,,,,,,743,gold
2023,2412005,24,RN,São Gonçalo do Amarante,51.1,,,,,,,743,gold
2023,2412906,24,RN,São Tomé,21.91,,,,,,,743,gold
2023,2413300,24,RN,Serra de São Bento,26.92,,,,,,,743,gold
2023,2414605,24,RN,Upanema,28.76,,,,,,,743,gold
2023,2602803,26,PE,Buíque,52.54,,,,,,,743,gold
2023,2606507,26,PE,Iati,66.34,,,,,,,743,gold
2023,2609501,26,PE,Nazaré da Mata,54.74,,,,,,,743,gold
2023,2615508,26,PE,Tracunhaém,59.32,,,,,,,743,gold
2023,2700508,27,AL,Barra de Santo Antônio,30.57,,,,,,,743,gold
2023,2705804,27,AL,Olho d'Água do Casado,34.23,,,,,,,743,gold
2023,2706901,27,AL,Pilar,37.59,,,,,,,743,gold
2023,2708907,27,AL,Satuba,42.93,,,,,,,743,gold
2023,2805307,28,SE,Pirambu,25.81,,,,,,,743,gold
2023,2902203,29,BA,Aramari,21.73,,,,,,,743,gold
2023,2907608,29,BA,Central,30.85,,,,,,,743,gold
2023,2912004,29,BA,Ibiassucê,65.01,,,,,,,743,gold
2023,2916203,29,BA,Itapé,30.59,,,,,,,743,gold
2023,2918407,29,BA,Juazeiro,31.18,,,,,,,743,gold
2023,2919959,29,BA,Maetinga,60.98,,,,,,,743,gold
2023,2920601,29,BA,Maragogipe,47.43,,,,,,,743,gold
2023,2923035,29,BA,Novo Horizonte,60.58,,,,,,,743,gold
2023,2928950,29,BA,São Domingos,25.27,,,,,,,743,gold
2023,2929008,29,BA,São Félix,32.07,,,,,,,743,gold
2023,2929701,29,BA,Sátiro Dias,15.36,,,,,,,743,gold
2023,2932309,29,BA,Ubatã,31.43,,,,,,,743,gold
2023,3101805,31,MG,Alpercata,46.13,,,,,,,743,gold
2023,3107406,31,MG,Bom Despacho,52.46,,,,,,,743,gold
2023,3113800,31,MG,Carmésia,29.75,,,,,,,743,gold
2023,3116704,31,MG,Coimbra,76.92,,,,,,,743,gold
2023,3118502,31,MG,Consolação,62.5,,,,,,,743,gold
2023,3126109,31,MG,Formiga,67.98,,,,,,,743,gold
2023,3126752,31,MG,Franciscópolis,88.58,,,,,,,743,gold
2023,3131703,31,MG,Itabira,57.13,,,,,,,743,gold
2023,3135506,31,MG,Jequeri,61.41,,,,,,,743,gold
2023,3138708,31,MG,Luminárias,67.26,,,,,,,743,gold
2023,3140100,31,MG,Marilac,63.09,,,,,,,743,gold
2023,3143906,31,MG,Muriaé,59.1,,,,,,,743,gold
2023,3144359,31,MG,Naque,79.54,,,,,,,743,gold
2023,3150802,31,MG,Piranga,60.1,,,,,,,743,gold
2023,3157807,31,MG,Santa Luzia,51.89,,,,,,,743,gold
2023,3167509,31,MG,Simão Pereira,8.82,,,,,,,743,gold
2023,3171600,31,MG,Virgem da Lapa,49.28,,,,,,,743,gold
2023,3200409,32,ES,Anchieta,81.82,,,,,,,743,gold
2023,3202504,32,ES,Ibiraçu,67.71,,,,,,,743,gold
2023,3204500,32,ES,Santa Leopoldina,83.8,,,,,,,743,gold
2023,3301504,33,RJ,Cordeiro,59.21,,,,,,,743,gold
2023,3303005,33,RJ,Miracema,67.56,,,,,,,743,gold
2023,3305307,33,RJ,São Sebastião do Alto,63.7,,,,,,,743,gold
2023,3552106,35,SP,Socorro,51.49,,,,,,,743,gold
2023,4100608,41,PR,Alto Paraná,65.0,,,,,,,743,gold
2023,4104055,41,PR,Campo Bonito,72.87,,,,,,,743,gold
2023,4105508,41,PR,Cianorte,79.56,,,,,,,743,gold
2023,4106308,41,PR,Corbélia,74.62,,,,,,,743,gold
2023,4122305,41,PR,Rio Negro,85.17,,,,,,,743,gold
2023,4125704,41,PR,São Miguel do Iguaçu,73.58,,,,,,,743,gold
2023,4201703,42,SC,Ascurra,67.38,,,,,,,743,gold
2023,4211652,42,SC,Novo Horizonte,91.6,,,,,,,743,gold
2023,4213500,42,SC,Porto Belo,56.5,,,,,,,743,gold
2023,4300901,43,RS,Aratiba,82.29,,,,,,,743,gold
2023,4301800,43,RS,Barracão,73.34,,,,,,,743,gold
2023,4303301,43,RS,Caibaté,89.44,,,,,,,743,gold
2023,4304804,43,RS,Carlos Barbosa,68.25,,,,,,,743,gold
2023,4305108,43,RS,Caxias do Sul,67.47,,,,,,,743,gold
2023,4306072,43,RS,Cristal do Sul,100.0,,,,,,,743,gold
2023,4311254,43,RS,Lagoão,70.11,,,,,,,743,gold
2023,4311627,43,RS,Lindolfo Collor,69.65,,,,,,,743,gold
2023,4316758,43,RS,Santa Clara do Sul,90.91,,,,,,,743,gold
2023,4318903,43,RS,São Luiz Gonzaga,79.22,,,,,,,743,gold
2023,4319505,43,RS,São Sebastião do Caí,70.71,,,,,,,743,gold
2023,4322327,43,RS,Turuçu,82.83,,,,,,,743,gold
2023,5003488,50,MS,Dois Irmãos do Buriti,38.16,,,,,,,743,gold
2023,5007703,50,MS,Sete Quedas,54.25,,,,,,,743,gold
2023,5008305,50,MS,Três Lagoas,69.75,,,,,,,743,gold
2023,5103361,51,MT,Conquista D'Oeste,40.85,,,,,,,743,gold
2023,5201801,52,GO,Aragoiânia,54.97,,,,,,,743,gold
2023,5206701,52,GO,Damianópolis,70.55,,,,,,,743,gold
2023,5209291,52,GO,Guaraíta,72.59,,,,,,,743,gold
2023,5219100,52,GO,Santa Bárbara de Goiás,78.28,,,,,,,743,gold
2023,5220108,52,GO,São Luís de Montes Belos,66.51,,,,,,,743,gold
2023,1500206,15,PA,Acará,39.02,,,,,,,743,gold
2023,1506708,15,PA,Santana do Araguaia,54.53,,,,,,,743,gold
2023,1703305,17,TO,Bom Jesus do Tocantins,26.13,,,,,,,743,gold
2023,1710706,17,TO,Itaguatins,32.53,,,,,,,743,gold
2023,1712454,17,TO,Luzinópolis,25.0,,,,,,,743,gold
2023,2102309,21,MA,Buriti Bravo,31.4,,,,,,,743,gold
2023,2107357,21,MA,Nova Olinda do Maranhão,57.16,,,,,,,743,gold
2023,2111029,21,MA,São João do Carú,65.17,,,,,,,743,gold
2023,2201200,22,PI,Barras,55.68,,,,,,,743,gold
2023,2201739,22,PI,Betânia do Piauí,42.53,,,,,,,743,gold
2023,2203008,22,PI,Cristalândia do Piauí,79.93,,,,,,,743,gold
2023,2205607,22,PI,Landri Sales,97.9,,,,,,,743,gold
2023,2207934,22,PI,Pedro Laurentino,37.77,,,,,,,743,gold
2023,2303931,23,CE,Choró,97.81,,,,,,,743,gold
2023,2310258,23,CE,Paraipaba,98.24,,,,,,,743,gold
2023,2311405,23,CE,Quixeramobim,98.53,,,,,,,743,gold
2023,2312304,23,CE,São Benedito,96.53,,,,,,,743,gold
2023,2402907,24,RN,Coronel João Pessoa,23.86,,,,,,,743,gold
2023,2403707,24,RN,Felipe Guerra,54.36,,,,,,,743,gold
2023,2406007,24,RN,José da Penha,28.68,,,,,,,743,gold
2023,2409332,24,RN,Santa Maria,47.93,,,,,,,743,gold
2023,2501401,25,PB,Baía da Traição,21.73,,,,,,,743,gold
2023,2516706,25,PB,Teixeira,72.85,,,,,,,743,gold
2023,2516755,25,PB,Tenório,62.16,,,,,,,743,gold
2023,2604007,26,PE,Carpina,65.28,,,,,,,743,gold
2023,2605103,26,PE,Custódia,82.05,,,,,,,743,gold
2023,2609600,26,PE,Olinda,59.57,,,,,,,743,gold
2023,2801504,28,SE,Carmópolis,24.85,,,,,,,743,gold
2023,2805505,28,SE,Poço Verde,32.89,,,,,,,743,gold
2023,2900702,29,BA,Alagoinhas,33.57,,,,,,,743,gold
2023,2915007,29,BA,Itaeté,41.31,,,,,,,743,gold
2023,2916500,29,BA,Itapicuru,28.08,,,,,,,743,gold
2023,2921005,29,BA,Mata de São João,54.01,,,,,,,743,gold
2023,2922300,29,BA,Muritiba,23.34,,,,,,,743,gold
2023,2922656,29,BA,Nordestina,31.25,,,,,,,743,gold
2023,2928000,29,BA,Santaluz,25.08,,,,,,,743,gold
2023,2930303,29,BA,Serra Dourada,28.99,,,,,,,743,gold
2023,2933257,29,BA,Vereda,67.84,,,,,,,743,gold
2023,3107505,31,MG,Bom Jardim de Minas,47.71,,,,,,,743,gold
2023,3108701,31,MG,Brás Pires,53.68,,,,,,,743,gold
2023,3110400,31,MG,Camacho,91.3,,,,,,,743,gold
2023,3110707,31,MG,Cambuquira,71.62,,,,,,,743,gold
2023,3115458,31,MG,Catuji,40.11,,,,,,,743,gold
2023,3138104,31,MG,Lassance,80.16,,,,,,,743,gold
2023,3141504,31,MG,Mendes Pimentel,79.65,,,,,,,743,gold
2023,3145372,31,MG,Novorizonte,68.05,,,,,,,743,gold
2023,3147808,31,MG,Passa-Vinte,61.11,,,,,,,743,gold
2023,3156106,31,MG,Ritápolis,64.3,,,,,,,743,gold
2023,3160207,31,MG,Santo Antônio do Itambé,46.96,,,,,,,743,gold
2023,3164407,31,MG,São Sebastião da Bela Vista,66.97,,,,,,,743,gold
2023,3164431,31,MG,São Sebastião da Vargem Alegre,53.38,,,,,,,743,gold
2023,3167301,31,MG,Silveirânia,91.67,,,,,,,743,gold
2023,3167400,31,MG,Silvianópolis,54.05,,,,,,,743,gold
2023,3170206,31,MG,Uberlândia,52.44,,,,,,,743,gold
2023,3171204,31,MG,Vespasiano,54.97,,,,,,,743,gold
2023,3301207,33,RJ,Carmo,43.6,,,,,,,743,gold
2023,3501608,35,SP,Americana,58.69,,,,,,,743,gold
2023,3543402,35,SP,Ribeirão Preto,44.99,,,,,,,743,gold
2023,4102307,41,PR,Balsa Nova,75.83,,,,,,,743,gold
2023,4104808,41,PR,Cascavel,80.11,,,,,,,743,gold
2023,4106555,41,PR,Corumbataí do Sul,87.28,,,,,,,743,gold
2023,4107124,41,PR,Diamante do Sul,69.4,,,,,,,743,gold
2023,4107850,41,PR,Flor da Serra do Sul,85.72,,,,,,,743,gold
2023,4113304,41,PR,Laranjeiras do Sul,72.14,,,,,,,743,gold
2023,4117008,41,PR,Nova Fátima,81.68,,,,,,,743,gold
2023,4118303,41,PR,Paranapoema,59.18,,,,,,,743,gold
2023,4126678,41,PR,Tamarana,73.85,,,,,,,743,gold
2023,4203105,42,SC,Caibi,76.68,,,,,,,743,gold
2023,4206801,42,SC,Ibicaré,75.69,,,,,,,743,gold
2023,4207007,42,SC,Içara,65.37,,,,,,,743,gold
2023,4207809,42,SC,Irani,72.03,,,,,,,743,gold
2023,4214151,42,SC,Princesa,89.34,,,,,,,743,gold
2023,4214706,42,SC,Rio dos Cedros,60.74,,,,,,,743,gold
2023,4217402,42,SC,Schroeder,60.56,,,,,,,743,gold
2023,4219150,42,SC,Vargem,88.99,,,,,,,743,gold
2023,4220000,42,SC,Balneário Rincão,52.64,,,,,,,743,gold
2023,4301875,43,RS,Barra do Quaraí,53.85,,,,,,,743,gold
2023,4302303,43,RS,Bom Jesus,75.27,,,,,,,743,gold
2023,4303004,43,RS,Cachoeira do Sul,59.11,,,,,,,743,gold
2023,4309753,43,RS,Ibarama,71.02,,,,,,,743,gold
2023,4317004,43,RS,Santana da Boa Vista,53.67,,,,,,,743,gold
2023,4317558,43,RS,Santo Antônio do Palma,72.22,,,,,,,743,gold
2023,4321477,43,RS,Tiradentes do Sul,90.1,,,,,,,743,gold
2023,4321709,43,RS,Três Coroas,55.48,,,,,,,743,gold
2023,4322806,43,RS,Veranópolis,77.14,,,,,,,743,gold
2023,5212105,52,GO,Joviânia,57.9,,,,,,,743,gold
2023,5215900,52,GO,Palminópolis,89.15,,,,,,,743,gold
2023,5221452,52,GO,Trombas,90.94,,,,,,,743,gold
2023,1100452,11,RO,Buritis,49.82,,,,,,,743,gold
2023,1101609,11,RO,Theobroma,50.7,,,,,,,743,gold
2023,1505502,15,PA,Paragominas,62.45,,,,,,,743,gold
2023,1715754,17,TO,Palmeirópolis,47.77,,,,,,,743,gold
2023,1718899,17,TO,Santa Rita do Tocantins,63.15,,,,,,,743,gold
2023,2100832,21,MA,Apicum-Açu,31.51,,,,,,,743,gold
2023,2101400,21,MA,Balsas,39.83,,,,,,,743,gold
2023,2104073,21,MA,Feira Nova do Maranhão,84.89,,,,,,,743,gold
2023,2105427,21,MA,Itinga do Maranhão,79.92,,,,,,,743,gold
2023,2108801,21,MA,Pirapemas,83.02,,,,,,,743,gold
2023,2201556,22,PI,Bela Vista do Piauí,61.05,,,,,,,743,gold
2023,2201919,22,PI,Bom Princípio do Piauí,87.91,,,,,,,743,gold
2023,2204907,22,PI,Isaías Coelho,27.85,,,,,,,743,gold
2023,2205102,22,PI,Itaueira,25.15,,,,,,,743,gold
2023,2206803,22,PI,Nossa Senhora dos Remédios,64.19,,,,,,,743,gold
2023,2207702,22,PI,Parnaíba,31.0,,,,,,,743,gold
2023,2209906,22,PI,São João da Serra,49.25,,,,,,,743,gold
2023,2302602,23,CE,Camocim,94.5,,,,,,,743,gold
2023,2313351,23,CE,Tejuçuoca,85.37,,,,,,,743,gold
2023,2408904,24,RN,Parelhas,57.67,,,,,,,743,gold
2023,2413201,24,RN,Senador Georgino Avelino,23.89,,,,,,,743,gold
2023,2509156,25,PB,Marizópolis,100.0,,,,,,,743,gold
2023,2510303,25,PB,Nova Palmeira,59.43,,,,,,,743,gold
2023,2606705,26,PE,Ibirajuba,39.34,,,,,,,743,gold
2023,2606804,26,PE,Igarassu,62.61,,,,,,,743,gold
2023,2613008,26,PE,São Bento do Una,55.89,,,,,,,743,gold
2023,2615201,26,PE,Terra Nova,62.03,,,,,,,743,gold
2023,2704104,27,AL,Lagoa da Canoa,45.57,,,,,,,743,gold
2023,2706208,27,AL,Palestina,33.73,,,,,,,743,gold
2023,2709152,27,AL,Teotônio Vilela,52.48,,,,,,,743,gold
2023,2900405,29,BA,Água Fria,21.0,,,,,,,743,gold
2023,2900504,29,BA,Érico Cardoso,68.05,,,,,,,743,gold
2023,2903607,29,BA,Biritinga,22.22,,,,,,,743,gold
2023,2905602,29,BA,Camacan,34.0,,,,,,,743,gold
2023,2906006,29,BA,Campo Formoso,36.78,,,,,,,743,gold
2023,2912301,29,BA,Ibicuí,58.94,,,,,,,743,gold
2023,2914406,29,BA,Iraquara,38.87,,,,,,,743,gold
2023,2915601,29,BA,Itamaraju,44.07,,,,,,,743,gold
2023,2919009,29,BA,Lajedinho,50.0,,,,,,,743,gold
2023,2920700,29,BA,Maraú,23.87,,,,,,,743,gold
2023,2925006,29,BA,Planalto,40.09,,,,,,,743,gold
2023,2927200,29,BA,Ruy Barbosa,38.25,,,,,,,743,gold
2023,2931301,29,BA,Tapiramutá,33.06,,,,,,,743,gold
2023,3106002,31,MG,Bela Vista de Minas,59.1,,,,,,,743,gold
2023,3114501,31,MG,Carmópolis de Minas,76.93,,,,,,,743,gold
2023,3119302,31,MG,Coromandel,63.08,,,,,,,743,gold
2023,3122801,31,MG,Dom Viçoso,94.28,,,,,,,743,gold
2023,3130101,31,MG,Igarapé,51.87,,,,,,,743,gold
2023,3130655,31,MG,Indaiabira,56.13,,,,,,,743,gold
2023,3134707,31,MG,Jacinto,45.37,,,,,,,743,gold
2023,3136959,31,MG,Juvenília,36.81,,,,,,,743,gold
2023,3139607,31,MG,Mantena,49.94,,,,,,,743,gold
2023,3141801,31,MG,Minas Novas,70.15,,,,,,,743,gold
2023,3142205,31,MG,Miraí,94.17,,,,,,,743,gold
2023,3144102,31,MG,Muzambinho,43.36,,,,,,,743,gold
2023,3145455,31,MG,Olhos-d'Água,68.23,,,,,,,743,gold
2023,3149150,31,MG,Pedras de Maria da Cruz,28.66,,,,,,,743,gold
2023,3152303,31,MG,Porto Firme,88.14,,,,,,,743,gold
2023,3152501,31,MG,Pouso Alegre,55.18,,,,,,,743,gold
2023,3156304,31,MG,Rodeiro,44.73,,,,,,,743,gold
2023,3159001,31,MG,Santana do Riacho,60.89,,,,,,,743,gold
2023,3159407,31,MG,Santa Rita de Ibitipoca,65.38,,,,,,,743,gold
2023,3170578,31,MG,Vargem Alegre,82.74,,,,,,,743,gold
2023,3200201,32,ES,Alegre,71.04,,,,,,,743,gold
2023,3204203,32,ES,Piúma,62.47,,,,,,,743,gold
2023,3301306,33,RJ,Casimiro de Abreu,54.93,,,,,,,743,gold
2023,3538709,35,SP,Piracicaba,57.25,,,,,,,743,gold
2023,3547809,35,SP,Santo André,54.02,,,,,,,743,gold
2023,3554300,35,SP,Teodoro Sampaio,70.86,,,,,,,743,gold
2023,4101804,41,PR,Araucária,69.52,,,,,,,743,gold
2023,4105102,41,PR,Centenário do Sul,54.26,,,,,,,743,gold
2023,4108304,41,PR,Foz do Iguaçu,73.01,,,,,,,743,gold
2023,4110201,41,PR,Inácio Martins,73.43,,,,,,,743,gold
2023,4114005,41,PR,Mamborê,93.95,,,,,,,743,gold
2023,4114401,41,PR,Mangueirinha,72.22,,,,,,,743,gold
2023,4116802,41,PR,Nova Cantu,79.5,,,,,,,743,gold
2023,4119608,41,PR,Pitanga,72.99,,,,,,,743,gold
2023,4121000,41,PR,Querência do Norte,45.28,,,,,,,743,gold
2023,4128500,41,PR,Wenceslau Braz,81.05,,,,,,,743,gold
2023,4202859,42,SC,Braço do Trombudo,62.17,,,,,,,743,gold
2023,4204251,42,SC,Cocal do Sul,63.58,,,,,,,743,gold
2023,4206009,42,SC,Governador Celso Ramos,55.24,,,,,,,743,gold
2023,4218251,42,SC,Timbó Grande,57.76,,,,,,,743,gold
2023,4219853,42,SC,Zortéa,65.06,,,,,,,743,gold
2023,4302584,43,RS,Bozano,100.0,,,,,,,743,gold
2023,4304663,43,RS,Capão do Leão,49.19,,,,,,,743,gold
2023,4304903,43,RS,Casca,81.43,,,,,,,743,gold
2023,4305306,43,RS,Chapada,75.31,,,,,,,743,gold
2023,4307559,43,RS,Estação,73.44,,,,,,,743,gold
2023,4310330,43,RS,Imbé,65.16,,,,,,,743,gold
2023,4315354,43,RS,Quinze de Novembro,74.37,,,,,,,743,gold
2023,4318002,43,RS,São Borja,63.44,,,,,,,743,gold
2023,4319711,43,RS,São Valentim do Sul,94.12,,,,,,,743,gold
2023,4320453,43,RS,Sério,85.41,,,,,,,743,gold
2023,4320503,43,RS,Sertão,70.1,,,,,,,743,gold
2023,4320909,43,RS,Tapejara,71.12,,,,,,,743,gold
2023,5002951,50,MS,Chapadão do Sul,43.31,,,,,,,743,gold
2023,5004007,50,MS,Glória de Dourados,75.56,,,,,,,743,gold
2023,5005400,50,MS,Maracaju,40.62,,,,,,,743,gold
2023,5105903,51,MT,Nobres,61.79,,,,,,,743,gold
2023,5107156,51,MT,Reserva do Cabaçal,76.26,,,,,,,743,gold
2023,5200902,52,GO,Amorinópolis,70.75,,,,,,,743,gold
2023,5204300,52,GO,Caçu,73.23,,,,,,,743,gold
2023,5207352,52,GO,Edealina,76.65,,,,,,,743,gold
2023,5207808,52,GO,Firminópolis,76.84,,,,,,,743,gold
2023,5210802,52,GO,Itajá,81.81,,,,,,,743,gold
2023,1303205,13,AM,Novo Airão,75.38,,,,,,,743,gold
2023,1501709,15,PA,Bragança,42.72,,,,,,,743,gold
2023,1505403,15,PA,Ourém,47.93,,,,,,,743,gold
2023,1715101,17,TO,Novo Acordo,39.24,,,,,,,743,gold
2023,2112274,21,MA,Tufilândia,34.79,,,,,,,743,gold
2023,2200707,22,PI,Anísio de Abreu,46.55,,,,,,,743,gold
2023,2203230,22,PI,Currais,93.16,,,,,,,743,gold
2023,2205706,22,PI,Luís Correia,62.07,,,,,,,743,gold
2023,2206670,22,PI,Morro do Chapéu do Piauí,28.84,,,,,,,743,gold
2023,2210359,22,PI,São Lourenço do Piauí,100.0,,,,,,,743,gold
2023,2210656,22,PI,Sigefredo Pacheco,45.16,,,,,,,743,gold
2023,2303105,23,CE,Cariré,99.57,,,,,,,743,gold
2023,2306306,23,CE,Itapagé,90.68,,,,,,,743,gold
2023,2307007,23,CE,Jaguaruana,84.18,,,,,,,743,gold
2023,2310407,23,CE,Paramoti,98.85,,,,,,,743,gold
2023,2312502,23,CE,São João do Jaguaribe,79.82,,,,,,,743,gold
2023,2404853,24,RN,Itajá,56.95,,,,,,,743,gold
2023,2412609,24,RN,São Paulo do Potengi,54.24,,,,,,,743,gold
2023,2412708,24,RN,São Pedro,34.45,,,,,,,743,gold
2023,2414159,24,RN,Tenente Laurentino Cruz,44.64,,,,,,,743,gold
2023,2502409,25,PB,Bonito de Santa Fé,40.87,,,,,,,743,gold
2023,2507002,25,PB,Itaporanga,17.96,,,,,,,743,gold
2023,2508505,25,PB,Livramento,43.81,,,,,,,743,gold
2023,2511608,25,PB,Pilões,41.76,,,,,,,743,gold
2023,2513703,25,PB,Santa Rita,41.57,,,,,,,743,gold
2023,2607752,26,PE,Itapissuma,77.69,,,,,,,743,gold
2023,2608404,26,PE,Jurema,53.46,,,,,,,743,gold
2023,2611903,26,PE,Rio Formoso,93.31,,,,,,,743,gold
2023,2612208,26,PE,Salgueiro,75.94,,,,,,,743,gold
2023,2613602,26,PE,São José do Egito,67.52,,,,,,,743,gold
2023,2614006,26,PE,Serrita,53.72,,,,,,,743,gold
2023,2614600,26,PE,Tabira,72.93,,,,,,,743,gold
2023,2704005,27,AL,Junqueiro,53.3,,,,,,,743,gold
2023,2802205,28,SE,Feira Nova,29.58,,,,,,,743,gold
2023,2802601,28,SE,Gracho Cardoso,20.0,,,,,,,743,gold
2023,2803807,28,SE,Malhada dos Bois,40.0,,,,,,,743,gold
2023,2804003,28,SE,Maruim,21.39,,,,,,,743,gold
2023,2901007,29,BA,Amargosa,51.07,,,,,,,743,gold
2023,2903102,29,BA,Barra do Rocha,38.14,,,,,,,743,gold
2023,2905305,29,BA,Cafarnaum,21.63,,,,,,,743,gold
2023,2913408,29,BA,Igaporã,57.17,,,,,,,743,gold
2023,2913507,29,BA,Iguaí,49.55,,,,,,,743,gold
2023,2925907,29,BA,Quijingue,38.46,,,,,,,743,gold
2023,2927804,29,BA,Santa Cruz da Vitória,45.13,,,,,,,743,gold
2023,2931400,29,BA,Teodoro Sampaio,41.03,,,,,,,743,gold
2023,3104403,31,MG,Argirita,55.13,,,,,,,743,gold
2023,3105004,31,MG,Baldim,74.25,,,,,,,743,gold
2023,3105905,31,MG,Barroso,73.7,,,,,,,743,gold
2023,3108206,31,MG,Bonfinópolis de Minas,74.47,,,,,,,743,gold
2023,3112109,31,MG,Caparaó,60.15,,,,,,,743,gold
2023,3129400,31,MG,Ibertioga,89.43,,,,,,,743,gold
2023,3129707,31,MG,Ibiraci,45.5,,,,,,,743,gold
2023,3148905,31,MG,Pedra do Indaiá,81.43,,,,,,,743,gold
2023,3150539,31,MG,Pingo-d'Água,34.7,,,,,,,743,gold
2023,3154705,31,MG,Ribeirão Vermelho,42.82,,,,,,,743,gold
2023,3155009,31,MG,Rio Doce,87.87,,,,,,,743,gold
2023,3160900,31,MG,São Brás do Suaçuí,68.37,,,,,,,743,gold
2023,3162948,31,MG,São José da Barra,85.61,,,,,,,743,gold
2023,3163201,31,MG,São José do Alegre,77.36,,,,,,,743,gold
2023,3164605,31,MG,São Sebastião do Oeste,71.5,,,,,,,743,gold
2023,3202702,32,ES,Itaguaçu,74.64,,,,,,,743,gold
2023,3204559,32,ES,Santa Maria de Jetibá,85.64,,,,,,,743,gold
2023,3205010,32,ES,Sooretama,67.21,,,,,,,743,gold
2023,3303203,33,RJ,Nilópolis,44.36,,,,,,,743,gold
2023,3304805,33,RJ,São Fidélis,39.79,,,,,,,743,gold
2023,3516408,35,SP,Franco da Rocha,50.47,,,,,,,743,gold
2023,4102604,41,PR,Barracão,72.57,,,,,,,743,gold
2023,4107702,41,PR,Fênix,65.16,,,,,,,743,gold
2023,4113205,41,PR,Lapa,81.08,,,,,,,743,gold
2023,4117107,41,PR,Nova Londrina,77.67,,,,,,,743,gold
2023,4117255,41,PR,Nova Prata do Iguaçu,80.81,,,,,,,743,gold
2023,4120606,41,PR,Prudentópolis,82.7,,,,,,,743,gold
2023,4122800,41,PR,Salgado Filho,89.42,,,,,,,743,gold
2023,4126009,41,PR,São Sebastião da Amoreira,82.79,,,,,,,743,gold
2023,4128609,41,PR,Verê,81.02,,,,,,,743,gold
2023,4202008,42,SC,Balneário Camboriú,60.75,,,,,,,743,gold
2023,4203501,42,SC,Campo Erê,60.89,,,,,,,743,gold
2023,4206603,42,SC,Guarujá do Sul,88.63,,,,,,,743,gold
2023,4215604,42,SC,Santa Rosa de Lima,92.81,,,,,,,743,gold
2023,4216107,42,SC,São Domingos,71.49,,,,,,,743,gold
2023,4301057,43,RS,Arroio do Sal,67.46,,,,,,,743,gold
2023,4305371,43,RS,Charrua,56.67,,,,,,,743,gold
2023,4308052,43,RS,Faxinalzinho,78.18,,,,,,,743,gold
2023,4309407,43,RS,Guaporé,79.76,,,,,,,743,gold
2023,4312252,43,RS,Minas do Leão,65.86,,,,,,,743,gold
2023,4312807,43,RS,Nova Araçá,82.28,,,,,,,743,gold
2023,4312906,43,RS,Nova Bassano,80.71,,,,,,,743,gold
2023,4318424,43,RS,São João da Urtiga,80.59,,,,,,,743,gold
2023,4319802,43,RS,São Vicente do Sul,73.71,,,,,,,743,gold
2023,5003207,50,MS,Corumbá,41.52,,,,,,,743,gold
2023,5102678,51,MT,Campo Verde,55.19,,,,,,,743,gold
2023,5106158,51,MT,Nova Bandeirantes,73.3,,,,,,,743,gold
2023,5209606,52,GO,Heitoraí,53.58,,,,,,,743,gold
2023,5215702,52,GO,Palmeiras de Goiás,67.97,,,,,,,743,gold
2023,5219704,52,GO,Santa Terezinha de Goiás,84.75,,,,,,,743,gold
2023,1100379,11,RO,Alto Alegre dos Parecis,69.52,,,,,,,743,gold
2023,1101302,11,RO,Mirante da Serra,59.21,,,,,,,743,gold
2023,1101500,11,RO,Seringueiras,63.02,,,,,,,743,gold
2023,1300409,13,AM,Barcelos,54.48,,,,,,,743,gold
2023,1304260,13,AM,Uarini,23.33,,,,,,,743,gold
2023,1503077,15,PA,Garrafão do Norte,37.96,,,,,,,743,gold
2023,1709302,17,TO,Guaraí,36.07,,,,,,,743,gold
2023,1720978,17,TO,Talismã,43.88,,,,,,,743,gold
2023,2105302,21,MA,Imperatriz,45.19,,,,,,,743,gold
2023,2105922,21,MA,Lagoa do Mato,85.96,,,,,,,743,gold
2023,2109205,21,MA,Presidente Juscelino,36.89,,,,,,,743,gold
2023,2109809,21,MA,Santa Helena,57.13,,,,,,,743,gold
2023,2202117,22,PI,Campo Alegre do Fidalgo,38.53,,,,,,,743,gold
2023,2202455,22,PI,Capitão Gervásio Oliveira,65.3,,,,,,,743,gold
2023,2202604,22,PI,Castelo do Piauí,75.09,,,,,,,743,gold
2023,2204154,22,PI,Francisco Macedo,59.38,,,,,,,743,gold
2023,2205532,22,PI,Jurema,96.41,,,,,,,743,gold
2023,2208601,22,PI,Prata do Piauí,14.28,,,,,,,743,gold
2023,2209005,22,PI,Rio Grande do Piauí,48.59,,,,,,,743,gold
2023,2210300,22,PI,São Julião,94.83,,,,,,,743,gold
2023,2301109,23,CE,Aracati,89.12,,,,,,,743,gold
2023,2304301,23,CE,Farias Brito,98.01,,,,,,,743,gold
2023,2306009,23,CE,Iracema,98.61,,,,,,,743,gold
2023,2309003,23,CE,Mucambo,97.92,,,,,,,743,gold
2023,2309607,23,CE,Pacajus,85.7,,,,,,,743,gold
2023,2310001,23,CE,Palhano,70.54,,,,,,,743,gold
2023,2310605,23,CE,Penaforte,77.7,,,,,,,743,gold
2023,2403004,24,RN,Cruzeta,65.12,,,,,,,743,gold
2023,2404200,24,RN,Goianinha,22.54,,,,,,,743,gold
2023,2408607,24,RN,Paraná,48.35,,,,,,,743,gold
2023,2408706,24,RN,Paraú,13.33,,,,,,,743,gold
2023,2414209,24,RN,Tibau do Sul,17.6,,,,,,,743,gold
2023,2414308,24,RN,Timbaúba dos Batistas,20.83,,,,,,,743,gold
2023,2414506,24,RN,Umarizal,33.05,,,,,,,743,gold
2023,2503506,25,PB,Cacimba de Dentro,79.49,,,,,,,743,gold
2023,2504157,25,PB,Casserengue,47.97,,,,,,,743,gold
2023,2506400,25,PB,Gurinhém,35.1,,,,,,,743,gold
2023,2507705,25,PB,Juazeirinho,50.95,,,,,,,743,gold
2023,2508109,25,PB,Lagoa,25.0,,,,,,,743,gold
2023,2509701,25,PB,Monteiro,55.03,,,,,,,743,gold
2023,2513307,25,PB,Santa Helena,52.83,,,,,,,743,gold
2023,2514404,25,PB,São José de Espinharas,56.3,,,,,,,743,gold
2023,2608503,26,PE,Lagoa de Itaenga,70.34,,,,,,,743,gold
2023,2702801,27,AL,Flexeiras,34.71,,,,,,,743,gold
2023,2703700,27,AL,Jaramataia,36.05,,,,,,,743,gold
2023,2807501,28,SE,Tomar do Geru,42.86,,,,,,,743,gold
2023,2921450,29,BA,Mirante,52.17,,,,,,,743,gold
2023,2923704,29,BA,Paratinga,21.13,,,,,,,743,gold
2023,2930600,29,BA,Serrolândia,32.84,,,,,,,743,gold
2023,2930774,29,BA,Sobradinho,26.44,,,,,,,743,gold
2023,2931608,29,BA,Teolândia,47.32,,,,,,,743,gold
2023,3101631,31,MG,Alfredo Vasconcelos,72.01,,,,,,,743,gold
2023,3107901,31,MG,Bom Repouso,56.55,,,,,,,743,gold
2023,3110806,31,MG,Campanário,61.46,,,,,,,743,gold
2023,3114808,31,MG,Carvalhos,80.29,,,,,,,743,gold
2023,3120102,31,MG,Couto de Magalhães de Minas,48.47,,,,,,,743,gold
2023,3121001,31,MG,Datas,80.04,,,,,,,743,gold
2023,3123601,31,MG,Elói Mendes,57.91,,,,,,,743,gold
2023,3129509,31,MG,Ibiá,52.52,,,,,,,743,gold
2023,3133402,31,MG,Itapagipe,63.86,,,,,,,743,gold
2023,3144003,31,MG,Mutum,73.21,,,,,,,743,gold
2023,3150604,31,MG,Piracema,66.97,,,,,,,743,gold
2023,3154457,31,MG,Riachinho,69.58,,,,,,,743,gold
2023,3156809,31,MG,Sabinópolis,51.31,,,,,,,743,gold
2023,3158805,31,MG,Santana do Jacaré,76.26,,,,,,,743,gold
2023,3162575,31,MG,São João do Manteninha,79.89,,,,,,,743,gold
2023,3166006,31,MG,Senhora de Oliveira,79.29,,,,,,,743,gold
2023,3167905,31,MG,Tabuleiro,80.53,,,,,,,743,gold
2023,3168507,31,MG,Teixeiras,64.73,,,,,,,743,gold
2023,3300100,33,RJ,Angra dos Reis,57.0,,,,,,,743,gold
2023,3302056,33,RJ,Italva,54.49,,,,,,,743,gold
2023,3304201,33,RJ,Resende,68.62,,,,,,,743,gold
2023,3304755,33,RJ,São Francisco de Itabapoana,43.51,,,,,,,743,gold
2023,3545308,35,SP,Salto de Pirapora,44.71,,,,,,,743,gold
2023,4106902,41,PR,Curitiba,70.41,,,,,,,743,gold
2023,4108502,41,PR,General Carneiro,79.05,,,,,,,743,gold
2023,4109807,41,PR,Ibiporã,73.36,,,,,,,743,gold
2023,4111209,41,PR,Itapejara d'Oeste,75.48,,,,,,,743,gold
2023,4114104,41,PR,Mandaguaçu,60.15,,,,,,,743,gold
2023,4115408,41,PR,Marmeleiro,78.32,,,,,,,743,gold
2023,4115606,41,PR,Matelândia,73.52,,,,,,,743,gold
2023,4117297,41,PR,Novo Itacolomi,87.42,,,,,,,743,gold
2023,4119806,41,PR,Planalto,87.64,,,,,,,743,gold
2023,4123600,41,PR,Santa Inês,96.75,,,,,,,743,gold
2023,4126272,41,PR,Saudade do Iguaçu,92.53,,,,,,,743,gold
2023,4127858,41,PR,Três Barras do Paraná,79.37,,,,,,,743,gold
2023,4200754,42,SC,Alto Bela Vista,87.39,,,,,,,743,gold
2023,4201208,42,SC,Antônio Carlos,72.85,,,,,,,743,gold
2023,4201802,42,SC,Atalanta,71.12,,,,,,,743,gold
2023,4202453,42,SC,Bombinhas,60.82,,,,,,,743,gold
2023,4204178,42,SC,Cerro Negro,28.93,,,,,,,743,gold
2023,4205803,42,SC,Garuva,54.71,,,,,,,743,gold
2023,4213203,42,SC,Pomerode,63.17,,,,,,,743,gold
2023,4218905,42,SC,Urubici,60.18,,,,,,,743,gold
2023,4219705,42,SC,Xaxim,66.84,,,,,,,743,gold
2023,4300638,43,RS,Amaral Ferrador,64.44,,,,,,,743,gold
2023,4300703,43,RS,Anta Gorda,89.06,,,,,,,743,gold
2023,4301958,43,RS,Barra Funda,82.95,,,,,,,743,gold
2023,4305603,43,RS,Colorado,75.0,,,,,,,743,gold
2023,4305900,43,RS,Coronel Bicaco,90.51,,,,,,,743,gold
2023,4307054,43,RS,Ernestina,61.92,,,,,,,743,gold
2023,4308805,43,RS,General Câmara,77.96,,,,,,,743,gold
2023,4311700,43,RS,Machadinho,71.97,,,,,,,743,gold
2023,4311908,43,RS,Marcelino Ramos,73.23,,,,,,,743,gold
2023,4312625,43,RS,Muliterno,80.0,,,,,,,743,gold
2023,4314050,43,RS,Parobé,58.28,,,,,,,743,gold
2023,4314506,43,RS,Pinheiro Machado,66.15,,,,,,,743,gold
2023,4314605,43,RS,Piratini,72.38,,,,,,,743,gold
2023,4315057,43,RS,Porto Mauá,41.07,,,,,,,743,gold
2023,4320602,43,RS,Severiano de Almeida,69.52,,,,,,,743,gold
2023,4321204,43,RS,Taquara,61.27,,,,,,,743,gold
2023,4321493,43,RS,Toropi,100.0,,,,,,,743,gold
2023,4321626,43,RS,Travesseiro,87.67,,,,,,,743,gold
2023,4321956,43,RS,Trindade do Sul,83.21,,,,,,,743,gold
2023,5106307,51,MT,Paranatinga,44.67,,,,,,,743,gold
2023,5107792,51,MT,Santo Antônio do Leste,65.25,,,,,,,743,gold
2023,5108352,51,MT,Vale de São Domingos,48.81,,,,,,,743,gold
2023,5200852,52,GO,Americano do Brasil,74.3,,,,,,,743,gold
2023,5203962,52,GO,Buritinópolis,49.29,,,,,,,743,gold
2023,1500958,15,PA,Aurora do Pará,33.96,,,,,,,743,gold
2023,1502764,15,PA,Cumaru do Norte,50.13,,,,,,,743,gold
2023,1505908,15,PA,Porto de Moz,72.52,,,,,,,743,gold
2023,1506203,15,PA,Salinópolis,43.26,,,,,,,743,gold
2023,1507466,15,PA,São João da Ponta,36.81,,,,,,,743,gold
2023,1600535,16,AP,Porto Grande,64.87,,,,,,,743,gold
2023,2100600,21,MA,Amarante do Maranhão,45.63,,,,,,,743,gold
2023,2101251,21,MA,Bacabeira,51.49,,,,,,,743,gold
2023,2105658,21,MA,Junco do Maranhão,94.78,,,,,,,743,gold
2023,2105708,21,MA,Lago da Pedra,92.18,,,,,,,743,gold
2023,2110237,21,MA,Santana do Maranhão,85.85,,,,,,,743,gold
2023,2111607,21,MA,São Raimundo das Mangabeiras,71.02,,,,,,,743,gold
2023,2111706,21,MA,São Vicente Ferrer,61.03,,,,,,,743,gold
2023,2202251,22,PI,Canavieira,50.7,,,,,,,743,gold
2023,2205540,22,PI,Lagoinha do Piauí,81.92,,,,,,,743,gold
2023,2206696,22,PI,Murici dos Portelas,66.93,,,,,,,743,gold
2023,2208403,22,PI,Piripiri,33.16,,,,,,,743,gold
2023,2208502,22,PI,Porto,40.12,,,,,,,743,gold
2023,2300804,23,CE,Antonina do Norte,97.31,,,,,,,743,gold
2023,2313252,23,CE,Tarrafas,95.11,,,,,,,743,gold
2023,2313708,23,CE,Umari,87.59,,,,,,,743,gold
2023,2400703,24,RN,Alto do Rodrigues,48.41,,,,,,,743,gold
2023,2410801,24,RN,Riacho de Santana,47.5,,,,,,,743,gold
2023,2414100,24,RN,Tenente Ananias,37.76,,,,,,,743,gold
2023,2502706,25,PB,Borborema,82.74,,,,,,,743,gold
2023,2507903,25,PB,Juripiranga,46.31,,,,,,,743,gold
2023,2509206,25,PB,Massaranduba,44.27,,,,,,,743,gold
2023,2514800,25,PB,São José dos Cordeiros,80.25,,,,,,,743,gold
2023,2515930,25,PB,Sertãozinho,52.0,,,,,,,743,gold
2023,2605004,26,PE,Cupira,77.97,,,,,,,743,gold
2023,2606309,26,PE,Granito,52.49,,,,,,,743,gold
2023,2703908,27,AL,Jundiá,34.6,,,,,,,743,gold
2023,2708006,27,AL,Santana do Ipanema,34.54,,,,,,,743,gold
2023,2902252,29,BA,Arataca,16.86,,,,,,,743,gold
2023,2913309,29,BA,Ichu,28.43,,,,,,,743,gold
2023,2913804,29,BA,Ipecaetá,34.83,,,,,,,743,gold
2023,2916856,29,BA,Itatim,51.6,,,,,,,743,gold
2023,2918456,29,BA,Jucuruçu,57.25,,,,,,,743,gold
2023,2923902,29,BA,Pau Brasil,37.53,,,,,,,743,gold
2023,2924603,29,BA,Pindobaçu,34.17,,,,,,,743,gold
2023,2925303,29,BA,Porto Seguro,46.72,,,,,,,743,gold
2023,3101706,31,MG,Almenara,39.24,,,,,,,743,gold
2023,3102852,31,MG,Angelândia,59.72,,,,,,,743,gold
2023,3109402,31,MG,Buritizeiro,37.7,,,,,,,743,gold
2023,3111309,31,MG,Campo do Meio,67.54,,,,,,,743,gold
2023,3114600,31,MG,Carrancas,70.36,,,,,,,743,gold
2023,3115607,31,MG,Cedro do Abaeté,76.47,,,,,,,743,gold
2023,3116100,31,MG,Chapada do Norte,41.12,,,,,,,743,gold
2023,3123858,31,MG,Entre Folhas,78.64,,,,,,,743,gold
2023,3124807,31,MG,Estrela do Sul,55.81,,,,,,,743,gold
2023,3127057,31,MG,Fronteira dos Vales,34.8,,,,,,,743,gold
2023,3132404,31,MG,Itajubá,59.76,,,,,,,743,gold
2023,3138302,31,MG,Leandro Ferreira,85.73,,,,,,,743,gold
2023,3143807,31,MG,Munhoz,77.93,,,,,,,743,gold
2023,3147204,31,MG,Paraguaçu,62.45,,,,,,,743,gold
2023,3155207,31,MG,Rio Espera,82.0,,,,,,,743,gold
2023,3157252,31,MG,Santa Bárbara do Leste,61.75,,,,,,,743,gold
2023,3165107,31,MG,São Tomás de Aquino,68.13,,,,,,,743,gold
2023,4103479,41,PR,Cafezal do Sul,55.7,,,,,,,743,gold
2023,4104105,41,PR,Campo do Tenente,80.36,,,,,,,743,gold
2023,4110409,41,PR,Indianópolis,80.01,,,,,,,743,gold
2023,4111258,41,PR,Itaperuçu,56.44,,,,,,,743,gold
2023,4115739,41,PR,Mato Rico,70.01,,,,,,,743,gold
2023,4117271,41,PR,Nova Tebas,89.19,,,,,,,743,gold
2023,4117404,41,PR,Ourizona,88.82,,,,,,,743,gold
2023,4118402,41,PR,Paranavaí,80.45,,,,,,,743,gold
2023,4203956,42,SC,Capivari de Baixo,56.15,,,,,,,743,gold
2023,4211892,42,SC,Painel,63.96,,,,,,,743,gold
2023,4216255,42,SC,São João do Oeste,96.02,,,,,,,743,gold
2023,4300802,43,RS,Antônio Prado,70.93,,,,,,,743,gold
2023,4302352,43,RS,Bom Princípio,74.32,,,,,,,743,gold
2023,4305934,43,RS,Coronel Pilar,100.0,,,,,,,743,gold
2023,4308508,43,RS,Frederico Westphalen,76.95,,,,,,,743,gold
2023,4320578,43,RS,Sete de Setembro,78.57,,,,,,,743,gold
2023,5006309,50,MS,Paranaíba,30.65,,,,,,,743,gold
2023,5106422,51,MT,Peixoto de Azevedo,36.06,,,,,,,743,gold
2023,5215652,52,GO,Palestina de Goiás,79.55,,,,,,,743,gold
2023,5218300,52,GO,Posse,76.16,,,,,,,743,gold
2023,5218391,52,GO,Professor Jamil,81.62,,,,,,,743,gold
2023,5218904,52,GO,Rubiataba,77.53,,,,,,,743,gold
2023,5219209,52,GO,Santa Cruz de Goiás,72.59,,,,,,,743,gold
2023,5219753,52,GO,Santo Antônio do Descoberto,42.71,,,,,,,743,gold
2023,5222054,52,GO,Vicentinópolis,78.24,,,,,,,743,gold
2023,1100296,11,RO,Santa Luzia D'Oeste,76.11,,,,,,,743,gold
2023,1301654,13,AM,Guajará,61.86,,,,,,,743,gold
2023,1301704,13,AM,Humaitá,51.51,,,,,,,743,gold
2023,1500305,15,PA,Afuá,30.81,,,,,,,743,gold
2023,1503093,15,PA,Goianésia do Pará,46.05,,,,,,,743,gold
2023,1504703,15,PA,Moju,32.11,,,,,,,743,gold
2023,1507300,15,PA,São Félix do Xingu,39.67,,,,,,,743,gold
2023,1600253,16,AP,Itaubal,55.75,,,,,,,743,gold
2023,1710508,17,TO,Itacajá,60.46,,,,,,,743,gold
2023,1718402,17,TO,Presidente Kennedy,69.46,,,,,,,743,gold
2023,2101202,21,MA,Bacabal,45.66,,,,,,,743,gold
2023,2104503,21,MA,Governador Archer,88.98,,,,,,,743,gold
2023,2105351,21,MA,Itaipava do Grajaú,86.12,,,,,,,743,gold
2023,2107902,21,MA,Passagem Franca,76.76,,,,,,,743,gold
2023,2202208,22,PI,Campo Maior,52.24,,,,,,,743,gold
2023,2205151,22,PI,Jacobina do Piauí,88.51,,,,,,,743,gold
2023,2207108,22,PI,Olho D'Água do Piauí,62.5,,,,,,,743,gold
2023,2305266,23,CE,Ibaretama,70.3,,,,,,,743,gold
2023,2306702,23,CE,Jaguaretama,94.68,,,,,,,743,gold
2023,2407252,24,RN,Major Sales,31.42,,,,,,,743,gold
2023,2409902,24,RN,Pendências,40.87,,,,,,,743,gold
2023,2414902,24,RN,Viçosa,58.93,,,,,,,743,gold
2023,2512754,25,PB,Riachão do Bacamarte,44.56,,,,,,,743,gold
2023,2516904,25,PB,Uiraúna,93.18,,,,,,,743,gold
2023,2600906,26,PE,Amaraji,68.74,,,,,,,743,gold
2023,2609154,26,PE,Manari,56.89,,,,,,,743,gold
2023,2613305,26,PE,São Joaquim do Monte,68.5,,,,,,,743,gold
2023,2803401,28,SE,Japoatã,26.06,,,,,,,743,gold
2023,2806206,28,SE,Salgado,33.77,,,,,,,743,gold
2023,2901502,29,BA,Anguera,38.74,,,,,,,743,gold
2023,2901601,29,BA,Antas,44.12,,,,,,,743,gold
2023,2903300,29,BA,Barro Preto,39.29,,,,,,,743,gold
2023,2908804,29,BA,Contendas do Sincorá,24.0,,,,,,,743,gold
2023,2909802,29,BA,Cruz das Almas,34.64,,,,,,,743,gold
2023,2911204,29,BA,Gandu,33.26,,,,,,,743,gold
2023,2913457,29,BA,Igrapiúna,30.3,,,,,,,743,gold
2023,2916104,29,BA,Itaparica,38.25,,,,,,,743,gold
2023,2918555,29,BA,Jussari,35.85,,,,,,,743,gold
2023,2925709,29,BA,Presidente Jânio Quadros,30.41,,,,,,,743,gold
2023,2929057,29,BA,São Félix do Coribe,54.89,,,,,,,743,gold
2023,2930154,29,BA,Serra do Ramalho,36.17,,,,,,,743,gold
2023,2931004,29,BA,Tanhaçu,58.73,,,,,,,743,gold
2023,3102001,31,MG,Alterosa,61.55,,,,,,,743,gold
2023,3104007,31,MG,Araxá,68.79,,,,,,,743,gold
2023,3123304,31,MG,Dores do Turvo,76.7,,,,,,,743,gold
2023,3133303,31,MG,Itaobim,52.5,,,,,,,743,gold
2023,3141108,31,MG,Matozinhos,47.4,,,,,,,743,gold
2023,3154101,31,MG,Recreio,68.72,,,,,,,743,gold
2023,3164902,31,MG,São Sebastião do Rio Verde,68.42,,,,,,,743,gold
2023,3166105,31,MG,Senhora do Porto,46.56,,,,,,,743,gold
2023,3201209,32,ES,Cachoeiro de Itapemirim,64.75,,,,,,,743,gold
2023,3301108,33,RJ,Cantagalo,55.75,,,,,,,743,gold
2023,3547650,35,SP,Santa Salete,93.19,,,,,,,743,gold
2023,4103156,41,PR,Bom Jesus do Sul,87.35,,,,,,,743,gold
2023,4104204,41,PR,Campo Largo,73.34,,,,,,,743,gold
2023,4104428,41,PR,Candói,73.37,,,,,,,743,gold
2023,4105003,41,PR,Catanduvas,66.05,,,,,,,743,gold
2023,4105409,41,PR,Chopinzinho,80.73,,,,,,,743,gold
2023,4106571,41,PR,Cruzeiro do Iguaçu,81.66,,,,,,,743,gold
2023,4107405,41,PR,Enéas Marques,83.61,,,,,,,743,gold
2023,4107538,41,PR,Entre Rios do Oeste,88.83,,,,,,,743,gold
2023,4107546,41,PR,Espigão Alto do Iguaçu,71.95,,,,,,,743,gold
2023,4108700,41,PR,Grandes Rios,65.01,,,,,,,743,gold
2023,4114500,41,PR,Manoel Ribas,67.7,,,,,,,743,gold
2023,4126603,41,PR,Siqueira Campos,85.7,,,,,,,743,gold
2023,4128807,41,PR,Xambrê,73.84,,,,,,,743,gold
2023,4208203,42,SC,Itajaí,56.31,,,,,,,743,gold
2023,4212106,42,SC,Palmitos,60.16,,,,,,,743,gold
2023,4301206,43,RS,Arroio do Tigre,81.59,,,,,,,743,gold
2023,4302253,43,RS,Boa Vista do Sul,73.33,,,,,,,743,gold
2023,4304622,43,RS,Capão Bonito do Sul,53.85,,,,,,,743,gold
2023,4305124,43,RS,Cerrito,75.07,,,,,,,743,gold
2023,4312377,43,RS,Monte Alegre dos Campos,63.26,,,,,,,743,gold
2023,4312427,43,RS,Mormaço,78.82,,,,,,,743,gold
2023,4313037,43,RS,Nova Esperança do Sul,87.27,,,,,,,743,gold
2023,4314001,43,RS,Paraí,93.68,,,,,,,743,gold
2023,4314076,43,RS,Passo do Sobrado,88.92,,,,,,,743,gold
2023,4314498,43,RS,Pinheirinho do Vale,66.19,,,,,,,743,gold
2023,4315107,43,RS,Porto Xavier,75.21,,,,,,,743,gold
2023,5000708,50,MS,Anastácio,31.44,,,,,,,743,gold
2023,5002902,50,MS,Cassilândia,37.72,,,,,,,743,gold
2023,5007802,50,MS,Selvíria,26.67,,,,,,,743,gold
2023,5100607,51,MT,Alto Taquari,72.32,,,,,,,743,gold
2023,5102850,51,MT,Castanheira,63.1,,,,,,,743,gold
2023,5106174,51,MT,Nova Nazaré,45.8,,,,,,,743,gold
2023,5107065,51,MT,Querência,57.84,,,,,,,743,gold
2023,5107107,51,MT,São José dos Quatro Marcos,90.1,,,,,,,743,gold
2023,5204508,52,GO,Caldas Novas,58.83,,,,,,,743,gold
2023,5204656,52,GO,Campinaçu,70.45,,,,,,,743,gold
2023,5204706,52,GO,Campinorte,73.78,,,,,,,743,gold
2023,5208152,52,GO,Gameleira de Goiás,98.15,,,,,,,743,gold
2023,5208707,52,GO,Goiânia,66.56,,,,,,,743,gold
2023,5209903,52,GO,Iaciara,64.01,,,,,,,743,gold
2023,5210406,52,GO,Itaberaí,78.96,,,,,,,743,gold
2023,5216403,52,GO,Paraúna,61.83,,,,,,,743,gold
2024,2902252,29,BA,Arataca,13.11,23.69,municipio,Base dos Dados / CNCA,-10.580000000000002,False,,743,gold
2024,4321634,43,RS,Três Arroios,40.0,80.0,municipio,Base dos Dados / CNCA,-40.0,False,,743,gold
2024,2408706,24,RN,Paraú,14.29,43.8,uf_fallback,Base dos Dados / CNCA,-29.509999999999998,False,,743,gold
2024,1707702,17,TO,Filadélfia,12.63,18.04,municipio,Base dos Dados / CNCA,-5.409999999999998,False,,743,gold
2024,2919900,29,BA,Macururé,12.5,8.39,municipio,Base dos Dados / CNCA,4.109999999999999,True,,743,gold
2024,2801504,28,SE,Carmópolis,16.16,32.07,municipio,Base dos Dados / CNCA,-15.91,False,,743,gold
2024,2802007,28,SE,Divina Pastora,19.53,45.68,municipio,Base dos Dados / CNCA,-26.15,False,,743,gold
2024,2413201,24,RN,Senador Georgino Avelino,27.46,31.11,municipio,Base dos Dados / CNCA,-3.6499999999999986,False,,743,gold
2024,2900207,29,BA,Abaré,18.24,35.44,municipio,Base dos Dados / CNCA,-17.2,False,,743,gold
2024,2412708,24,RN,São Pedro,25.0,43.8,uf_fallback,Base dos Dados / CNCA,-18.799999999999997,False,,743,gold
2024,2802601,28,SE,Gracho Cardoso,16.67,27.09,municipio,Base dos Dados / CNCA,-10.419999999999998,False,,743,gold
2024,4312005,43,RS,Mariano Moro,58.3,80.0,municipio,Base dos Dados / CNCA,-21.700000000000003,False,,743,gold
2024,4310363,43,RS,Imigrante,50.0,78.5,municipio,Base dos Dados / CNCA,-28.5,False,,743,gold
2024,2915403,29,BA,Itaju do Colônia,15.25,27.27,municipio,Base dos Dados / CNCA,-12.02,False,,743,gold
2024,1718659,17,TO,Rio da Conceição,19.61,24.46,municipio,Base dos Dados / CNCA,-4.850000000000001,False,,743,gold
2024,1200435,12,AC,Santa Rosa do Purus,15.62,59.9,uf_fallback,Base dos Dados / CNCA,-44.28,False,,743,gold
2024,2509370,25,PB,Mato Grosso,18.18,46.27,municipio,Base dos Dados / CNCA,-28.090000000000003,False,,743,gold
2024,1703008,17,TO,Babaçulândia,19.17,27.6,municipio,Base dos Dados / CNCA,-8.43,False,,743,gold
2024,2911402,29,BA,Glória,23.53,42.59,municipio,Base dos Dados / CNCA,-19.060000000000002,False,,743,gold
2024,2203255,22,PI,Curralinhos,27.56,39.57,municipio,Base dos Dados / CNCA,-12.010000000000002,False,,743,gold
2024,2206654,22,PI,Morro Cabeça no Tempo,19.39,30.91,municipio,Base dos Dados / CNCA,-11.52,False,,743,gold
2024,4320354,43,RS,Sentinela do Sul,23.5,74.77,municipio,Base dos Dados / CNCA,-51.269999999999996,False,,743,gold
2024,2102507,21,MA,Cajari,34.1,57.7,municipio,Base dos Dados / CNCA,-23.6,False,,743,gold
2024,2802700,28,SE,Ilha das Flores,16.26,34.17,municipio,Base dos Dados / CNCA,-17.91,False,,743,gold
2024,2933158,29,BA,Várzea Nova,17.95,39.73,municipio,Base dos Dados / CNCA,-21.779999999999998,False,,743,gold
2024,2502201,25,PB,Bom Jesus,68.42,32.78,municipio,Base dos Dados / CNCA,35.64,True,,743,gold
2024,2924207,29,BA,Pedro Alexandre,20.45,36.27,municipio,Base dos Dados / CNCA,-15.820000000000004,False,,743,gold
2024,2512721,25,PB,Pedro Régis,23.99,52.73,municipio,Base dos Dados / CNCA,-28.74,False,,743,gold
2024,2507408,25,PB,Jericó,23.83,57.85,municipio,Base dos Dados / CNCA,-34.02,False,,743,gold
2024,2932457,29,BA,Umburanas,22.95,28.46,municipio,Base dos Dados / CNCA,-5.510000000000002,False,,743,gold
2024,2900900,29,BA,Almadina,23.91,38.22,municipio,Base dos Dados / CNCA,-14.309999999999999,False,,743,gold
2024,4318465,43,RS,São José do Herval,33.3,66.2,uf_fallback,Base dos Dados / CNCA,-32.900000000000006,False,,743,gold
2024,4320453,43,RS,Sério,11.1,80.0,municipio,Base dos Dados / CNCA,-68.9,False,,743,gold
2024,1711951,17,TO,Lagoa do Tocantins,15.09,27.88,municipio,Base dos Dados / CNCA,-12.79,False,,743,gold
2024,2929370,29,BA,São José do Jacuípe,28.41,30.39,municipio,Base dos Dados / CNCA,-1.9800000000000004,False,,743,gold
2024,2405306,24,RN,Boa Saúde,20.55,43.8,uf_fallback,Base dos Dados / CNCA,-23.249999999999996,False,,743,gold
2024,1302553,13,AM,Manaquiri,20.56,52.37,municipio,Base dos Dados / CNCA,-31.81,False,,743,gold
2024,4308805,43,RS,General Câmara,22.1,66.2,uf_fallback,Base dos Dados / CNCA,-44.1,False,,743,gold
2024,2203354,22,PI,Dirceu Arcoverde,11.96,40.14,municipio,Base dos Dados / CNCA,-28.18,False,,743,gold
2024,2925600,29,BA,Presidente Dutra,20.0,28.43,municipio,Base dos Dados / CNCA,-8.43,False,,743,gold
2024,1711100,17,TO,Itaporã do Tocantins,24.0,66.76,municipio,Base dos Dados / CNCA,-42.760000000000005,False,,743,gold
2024,2919926,29,BA,Madre de Deus,25.81,46.9,municipio,Base dos Dados / CNCA,-21.09,False,,743,gold
2024,2410702,24,RN,Riacho da Cruz,37.5,32.22,municipio,Base dos Dados / CNCA,5.280000000000001,True,,743,gold
2024,4318614,43,RS,São José do Sul,37.5,80.0,municipio,Base dos Dados / CNCA,-42.5,False,,743,gold
2024,2916302,29,BA,Itapebi,23.44,21.57,municipio,Base dos Dados / CNCA,1.870000000000001,True,,743,gold
2024,2802502,28,SE,General Maynard,21.91,27.09,municipio,Base dos Dados / CNCA,-5.18,False,,743,gold
2024,2928059,29,BA,Santa Luzia,28.42,40.34,municipio,Base dos Dados / CNCA,-11.920000000000002,False,,743,gold
2024,4319125,43,RS,São Martinho da Serra,35.7,77.0,municipio,Base dos Dados / CNCA,-41.3,False,,743,gold
2024,2401859,24,RN,Caiçara do Norte,26.47,38.23,municipio,Base dos Dados / CNCA,-11.759999999999998,False,,743,gold
2024,4300661,43,RS,André da Rocha,33.3,70.55,municipio,Base dos Dados / CNCA,-37.25,False,,743,gold
2024,3103108,31,MG,Antônio Prado de Minas,86.67,78.78,municipio,Base dos Dados / CNCA,7.890000000000001,True,,743,gold
2024,2922250,29,BA,Muquém de São Francisco,22.03,38.02,municipio,Base dos Dados / CNCA,-15.990000000000002,False,,743,gold
2024,4312138,43,RS,Mato Castelhano,38.7,77.01,municipio,Base dos Dados / CNCA,-38.31,False,,743,gold
2024,4301073,43,RS,Arroio do Padre,18.2,80.0,municipio,Base dos Dados / CNCA,-61.8,False,,743,gold
2024,2908606,29,BA,Conde,28.14,46.79,municipio,Base dos Dados / CNCA,-18.65,False,,743,gold
2024,3522653,35,SP,Itapirapuã Paulista,29.85,51.28,municipio,Base dos Dados / CNCA,-21.43,False,,743,gold
2024,2505204,25,PB,Cuitegi,24.78,36.38,municipio,Base dos Dados / CNCA,-11.600000000000001,False,,743,gold
2024,2411700,24,RN,São Bento do Trairí,33.62,40.24,municipio,Base dos Dados / CNCA,-6.6200000000000045,False,,743,gold
2024,1714302,17,TO,Nazaré,34.23,51.46,municipio,Base dos Dados / CNCA,-17.230000000000004,False,,743,gold
2024,2211357,22,PI,Várzea Branca,31.25,33.18,municipio,Base dos Dados / CNCA,-1.9299999999999997,False,,743,gold
2024,3162450,31,MG,São João das Missões,33.42,47.08,municipio,Base dos Dados / CNCA,-13.659999999999997,False,,743,gold
2024,2928307,29,BA,Santanópolis,22.95,43.4,uf_fallback,Base dos Dados / CNCA,-20.45,False,,743,gold
2024,1703891,17,TO,Carrasco Bonito,23.86,40.93,municipio,Base dos Dados / CNCA,-17.07,False,,743,gold
2024,2201804,22,PI,Bocaina,55.0,80.0,municipio,Base dos Dados / CNCA,-25.0,False,,743,gold
2024,4318051,43,RS,São Domingos do Sul,40.0,66.2,uf_fallback,Base dos Dados / CNCA,-26.200000000000003,False,,743,gold
2024,2915908,29,BA,Itanagra,24.53,43.4,uf_fallback,Base dos Dados / CNCA,-18.869999999999997,False,,743,gold
2024,1303601,13,AM,Santa Isabel do Rio Negro,36.99,33.91,municipio,Base dos Dados / CNCA,3.0800000000000054,True,,743,gold
2024,4204178,42,SC,Cerro Negro,49.84,36.07,municipio,Base dos Dados / CNCA,13.770000000000003,True,,743,gold
2024,2918605,29,BA,Jussiape,33.33,39.08,municipio,Base dos Dados / CNCA,-5.75,False,,743,gold
2024,2907608,29,BA,Central,25.64,37.9,municipio,Base dos Dados / CNCA,-12.259999999999998,False,,743,gold
2024,2929354,29,BA,São José da Vitória,27.27,38.32,municipio,Base dos Dados / CNCA,-11.05,False,,743,gold
2024,2912608,29,BA,Ibiquera,15.62,27.17,municipio,Base dos Dados / CNCA,-11.550000000000002,False,,743,gold
2024,2924058,29,BA,Pé de Serra,39.22,43.4,uf_fallback,Base dos Dados / CNCA,-4.18,False,,743,gold
2024,2920908,29,BA,Mascote,26.73,29.51,municipio,Base dos Dados / CNCA,-2.780000000000001,False,,743,gold
2024,2903508,29,BA,Belo Campo,33.06,52.89,municipio,Base dos Dados / CNCA,-19.83,False,,743,gold
2024,2803807,28,SE,Malhada dos Bois,37.63,46.27,municipio,Base dos Dados / CNCA,-8.64,False,,743,gold
2024,5108352,51,MT,Vale de São Domingos,23.86,53.92,municipio,Base dos Dados / CNCA,-30.060000000000002,False,,743,gold
2024,2902401,29,BA,Aurelino Leal,33.61,48.61,municipio,Base dos Dados / CNCA,-15.0,False,,743,gold
2024,4311981,43,RS,Mariana Pimentel,21.9,66.2,uf_fallback,Base dos Dados / CNCA,-44.300000000000004,False,,743,gold
2024,2901809,29,BA,Antônio Gonçalves,25.32,39.52,municipio,Base dos Dados / CNCA,-14.200000000000003,False,,743,gold
2024,2514453,25,PB,São José dos Ramos,27.36,62.36,municipio,Base dos Dados / CNCA,-35.0,False,,743,gold
2024,2514602,25,PB,São José do Bonfim,29.62,18.06,municipio,Base dos Dados / CNCA,11.560000000000002,True,,743,gold
2024,3118502,31,MG,Consolação,38.89,65.38,municipio,Base dos Dados / CNCA,-26.489999999999995,False,,743,gold
2024,3113107,31,MG,Caranaíba,83.33,71.59,municipio,Base dos Dados / CNCA,11.739999999999995,True,,743,gold
2024,2916906,29,BA,Itiruçu,30.0,39.79,municipio,Base dos Dados / CNCA,-9.79,False,,743,gold
2024,2206357,22,PI,Milton Brandão,33.33,44.03,municipio,Base dos Dados / CNCA,-10.700000000000003,False,,743,gold
2024,3505401,35,SP,Barra do Turvo,34.89,80.0,municipio,Base dos Dados / CNCA,-45.11,False,,743,gold
2024,4306973,43,RS,Erebango,45.2,74.36,municipio,Base dos Dados / CNCA,-29.159999999999997,False,,743,gold
2024,2806800,28,SE,São Domingos,29.79,36.7,municipio,Base dos Dados / CNCA,-6.910000000000004,False,,743,gold
2024,2907400,29,BA,Catolândia,25.71,16.24,municipio,Base dos Dados / CNCA,9.470000000000002,True,,743,gold
2024,3126950,31,MG,Frei Lagonegro,86.96,63.2,uf_fallback,Base dos Dados / CNCA,23.75999999999999,True,,743,gold
2024,4302238,43,RS,Boa Vista do Incra,26.6,72.67,municipio,Base dos Dados / CNCA,-46.07,False,,743,gold
2024,4311502,43,RS,Lavras do Sul,45.7,61.56,municipio,Base dos Dados / CNCA,-15.86,False,,743,gold
2024,4310413,43,RS,Inhacorá,35.3,65.51,municipio,Base dos Dados / CNCA,-30.210000000000008,False,,743,gold
2024,1200328,12,AC,Jordão,32.04,59.9,uf_fallback,Base dos Dados / CNCA,-27.86,False,,743,gold
2024,2705804,27,AL,Olho d'Água do Casado,36.22,41.05,municipio,Base dos Dados / CNCA,-4.829999999999998,False,,743,gold
2024,2411429,24,RN,Santana do Seridó,40.91,56.91,municipio,Base dos Dados / CNCA,-16.0,False,,743,gold
2024,2501153,25,PB,Areia de Baraúnas,36.36,32.22,municipio,Base dos Dados / CNCA,4.140000000000001,True,,743,gold
2024,3553658,35,SP,Taquaral,27.27,75.76,municipio,Base dos Dados / CNCA,-48.49000000000001,False,,743,gold
2024,2704906,27,AL,Mar Vermelho,57.65,62.46,municipio,Base dos Dados / CNCA,-4.810000000000002,False,,743,gold
2024,2910909,29,BA,Firmino Alves,23.26,43.4,uf_fallback,Base dos Dados / CNCA,-20.139999999999997,False,,743,gold
2024,2925402,29,BA,Potiraguá,27.54,35.06,municipio,Base dos Dados / CNCA,-7.520000000000003,False,,743,gold
2024,2801603,28,SE,Cedro de São João,45.3,29.4,municipio,Base dos Dados / CNCA,15.899999999999999,True,,743,gold
2024,2922052,29,BA,Mulungu do Morro,28.83,29.66,municipio,Base dos Dados / CNCA,-0.8300000000000018,False,,743,gold
2024,2210904,22,PI,Socorro do Piauí,30.86,70.3,municipio,Base dos Dados / CNCA,-39.44,False,,743,gold
2024,1701101,17,TO,Aparecida do Rio Negro,35.78,37.16,municipio,Base dos Dados / CNCA,-1.3799999999999955,False,,743,gold
2024,2804003,28,SE,Maruim,31.19,28.54,municipio,Base dos Dados / CNCA,2.650000000000002,True,,743,gold
2024,3142254,31,MG,Miravânia,38.92,46.9,municipio,Base dos Dados / CNCA,-7.979999999999997,False,,743,gold
2024,1507003,15,PA,Santo Antônio do Tauá,31.66,32.94,municipio,Base dos Dados / CNCA,-1.2799999999999976,False,,743,gold
2024,4202438,42,SC,Bocaina do Sul,28.06,45.49,municipio,Base dos Dados / CNCA,-17.430000000000003,False,,743,gold
2024,4304358,43,RS,Candiota,37.8,66.2,uf_fallback,Base dos Dados / CNCA,-28.400000000000006,False,,743,gold
2024,3140852,31,MG,Matias Cardoso,31.08,44.2,municipio,Base dos Dados / CNCA,-13.120000000000005,False,,743,gold
2024,5004809,50,MS,Japorã,44.21,18.91,municipio,Base dos Dados / CNCA,25.3,True,,743,gold
2024,2923357,29,BA,Ourolândia,34.04,29.85,municipio,Base dos Dados / CNCA,4.189999999999998,True,,743,gold
2024,2920403,29,BA,Manoel Vitorino,41.67,45.86,municipio,Base dos Dados / CNCA,-4.189999999999998,False,,743,gold
2024,2401651,24,RN,Bodó,60.0,67.45,municipio,Base dos Dados / CNCA,-7.450000000000003,False,,743,gold
2024,2800100,28,SE,Amparo de São Francisco,50.0,47.31,municipio,Base dos Dados / CNCA,2.6899999999999977,True,,743,gold
2024,4313425,43,RS,Novo Machado,60.0,66.2,uf_fallback,Base dos Dados / CNCA,-6.200000000000003,False,,743,gold
2024,2607406,26,PE,Itacuruba,48.57,67.28,municipio,Base dos Dados / CNCA,-18.71,False,,743,gold
2024,3144672,31,MG,Nova Belém,48.0,54.93,municipio,Base dos Dados / CNCA,-6.93,False,,743,gold
2024,2805208,28,SE,Pinhão,40.26,22.98,municipio,Base dos Dados / CNCA,17.279999999999998,True,,743,gold
2024,1711506,17,TO,Jaú do Tocantins,62.32,64.21,municipio,Base dos Dados / CNCA,-1.8899999999999935,False,,743,gold
2024,2505501,25,PB,Vista Serrana,58.31,49.87,municipio,Base dos Dados / CNCA,8.440000000000005,True,,743,gold
2024,2405207,24,RN,Janduís,37.23,30.69,municipio,Base dos Dados / CNCA,6.539999999999996,True,,743,gold
2024,1507201,15,PA,São Domingos do Capim,32.97,37.87,municipio,Base dos Dados / CNCA,-4.899999999999999,False,,743,gold
2024,2504504,25,PB,Condado,46.13,60.18,municipio,Base dos Dados / CNCA,-14.049999999999997,False,,743,gold
2024,4312609,43,RS,Muçum,47.3,55.68,municipio,Base dos Dados / CNCA,-8.380000000000003,False,,743,gold
2024,1200336,12,AC,Mâncio Lima,38.07,59.9,uf_fallback,Base dos Dados / CNCA,-21.83,False,,743,gold
2024,1715002,17,TO,Nova Rosalândia,55.38,39.14,municipio,Base dos Dados / CNCA,16.240000000000002,True,,743,gold
2024,4322376,43,RS,Unistalda,55.6,62.33,municipio,Base dos Dados / CNCA,-6.729999999999997,False,,743,gold
2024,4218954,42,SC,Urupema,33.19,80.0,municipio,Base dos Dados / CNCA,-46.81,False,,743,gold
2024,4320651,43,RS,Silveira Martins,35.7,68.83,municipio,Base dos Dados / CNCA,-33.129999999999995,False,,743,gold
2024,2801108,28,SE,Canhoba,64.29,51.04,municipio,Base dos Dados / CNCA,13.250000000000007,True,,743,gold
2024,1709807,17,TO,Ipueiras,21.43,34.46,municipio,Base dos Dados / CNCA,-13.030000000000001,False,,743,gold
2024,2111672,21,MA,São Roberto,35.69,53.44,municipio,Base dos Dados / CNCA,-17.75,False,,743,gold
2024,2409332,24,RN,Santa Maria,43.4,43.8,uf_fallback,Base dos Dados / CNCA,-0.3999999999999986,False,,743,gold
2024,2805000,28,SE,Pedra Mole,47.76,52.91,municipio,Base dos Dados / CNCA,-5.149999999999999,False,,743,gold
2024,2806503,28,SE,Santa Rosa de Lima,26.74,32.22,municipio,Base dos Dados / CNCA,-5.48,False,,743,gold
2024,2800670,28,SE,Boquim,34.91,29.96,municipio,Base dos Dados / CNCA,4.949999999999996,True,,743,gold
2024,4305124,43,RS,Cerrito,39.8,75.82,municipio,Base dos Dados / CNCA,-36.019999999999996,False,,743,gold
2024,4320602,43,RS,Severiano de Almeida,35.5,66.2,uf_fallback,Base dos Dados / CNCA,-30.700000000000003,False,,743,gold
2024,1507805,15,PA,Senador José Porfírio,35.9,40.12,municipio,Base dos Dados / CNCA,-4.219999999999999,False,,743,gold
2024,4111308,41,PR,Itaúna do Sul,40.32,77.77,municipio,Base dos Dados / CNCA,-37.449999999999996,False,,743,gold
2024,4316733,43,RS,Santa Cecília do Sul,40.9,75.76,municipio,Base dos Dados / CNCA,-34.86000000000001,False,,743,gold
2024,4308458,43,RS,Fortaleza dos Valos,68.2,80.0,municipio,Base dos Dados / CNCA,-11.799999999999997,False,,743,gold
2024,2109759,21,MA,Santa Filomena do Maranhão,40.91,43.08,municipio,Base dos Dados / CNCA,-2.1700000000000017,False,,743,gold
2024,5003488,50,MS,Dois Irmãos do Buriti,39.87,44.63,municipio,Base dos Dados / CNCA,-4.760000000000005,False,,743,gold
2024,4211892,42,SC,Painel,46.38,64.5,uf_fallback,Base dos Dados / CNCA,-18.119999999999997,False,,743,gold
2024,4310850,43,RS,Jaboticaba,40.0,80.0,municipio,Base dos Dados / CNCA,-40.0,False,,743,gold
2024,4317558,43,RS,Santo Antônio do Palma,34.6,73.44,municipio,Base dos Dados / CNCA,-38.839999999999996,False,,743,gold
2024,4320552,43,RS,Sertão Santana,46.2,75.57,municipio,Base dos Dados / CNCA,-29.36999999999999,False,,743,gold
2024,1304401,13,AM,Urucurituba,43.46,56.8,uf_fallback,Base dos Dados / CNCA,-13.339999999999996,False,,743,gold
2024,2933109,29,BA,Várzea do Poço,43.64,50.5,municipio,Base dos Dados / CNCA,-6.859999999999999,False,,743,gold
2024,4115903,41,PR,Mirador,56.0,71.89,municipio,Base dos Dados / CNCA,-15.89,False,,743,gold
2024,2701506,27,AL,Campo Grande,37.4,56.21,municipio,Base dos Dados / CNCA,-18.810000000000002,False,,743,gold
2024,4210704,42,SC,Matos Costa,37.3,64.5,uf_fallback,Base dos Dados / CNCA,-27.200000000000003,False,,743,gold
2024,4218350,42,SC,Treviso,56.3,70.42,municipio,Base dos Dados / CNCA,-14.120000000000005,False,,743,gold
2024,2926806,29,BA,Rio do Antônio,43.82,65.42,municipio,Base dos Dados / CNCA,-21.6,False,,743,gold
2024,4301503,43,RS,Augusto Pestana,46.0,80.0,municipio,Base dos Dados / CNCA,-34.0,False,,743,gold
2024,3103603,31,MG,Arantina,57.09,75.76,municipio,Base dos Dados / CNCA,-18.67,False,,743,gold
2024,4309159,43,RS,Gramado Xavier,37.5,66.2,uf_fallback,Base dos Dados / CNCA,-28.700000000000003,False,,743,gold
2024,4204756,42,SC,Cunhataí,100.0,64.5,uf_fallback,Base dos Dados / CNCA,35.5,True,,743,gold
2024,4301859,43,RS,Barra do Guarita,58.3,66.2,uf_fallback,Base dos Dados / CNCA,-7.900000000000006,False,,743,gold
2024,4305850,43,RS,Coqueiros do Sul,41.7,80.0,municipio,Base dos Dados / CNCA,-38.3,False,,743,gold
2024,4321477,43,RS,Tiradentes do Sul,66.7,66.2,uf_fallback,Base dos Dados / CNCA,0.5,True,,743,gold
2024,3108255,31,MG,Bonito de Minas,44.78,66.87,municipio,Base dos Dados / CNCA,-22.090000000000003,False,,743,gold
2024,4320230,43,RS,Sede Nova,36.1,80.0,municipio,Base dos Dados / CNCA,-43.9,False,,743,gold
2024,4321832,43,RS,Três Forquilhas,55.3,66.2,uf_fallback,Base dos Dados / CNCA,-10.900000000000006,False,,743,gold
2024,4114708,41,PR,Maria Helena,49.96,67.2,municipio,Base dos Dados / CNCA,-17.240000000000002,False,,743,gold
2024,4126702,41,PR,Tamboara,46.83,52.89,municipio,Base dos Dados / CNCA,-6.060000000000002,False,,743,gold
2024,4110052,41,PR,Iguatu,43.48,74.2,uf_fallback,Base dos Dados / CNCA,-30.720000000000006,False,,743,gold
2024,1506112,15,PA,Quatipuru,47.3,53.99,municipio,Base dos Dados / CNCA,-6.690000000000005,False,,743,gold
2024,4211454,42,SC,Nova Itaberaba,71.17,69.44,municipio,Base dos Dados / CNCA,1.730000000000004,True,,743,gold
2024,4310751,43,RS,Ivorá,60.0,66.2,uf_fallback,Base dos Dados / CNCA,-6.200000000000003,False,,743,gold
2024,4116000,41,PR,Miraselva,51.38,77.49,municipio,Base dos Dados / CNCA,-26.109999999999992,False,,743,gold
2024,4312617,43,RS,Muitos Capões,54.8,70.55,municipio,Base dos Dados / CNCA,-15.75,False,,743,gold
2024,3167509,31,MG,Simão Pereira,48.25,14.14,municipio,Base dos Dados / CNCA,34.11,True,,743,gold
2024,3135076,31,MG,Jampruca,43.59,63.2,uf_fallback,Base dos Dados / CNCA,-19.61,False,,743,gold
2024,4301651,43,RS,Barão,53.5,80.0,municipio,Base dos Dados / CNCA,-26.5,False,,743,gold
2024,4113254,41,PR,Laranjal,46.64,74.2,uf_fallback,Base dos Dados / CNCA,-27.560000000000002,False,,743,gold
2024,1507466,15,PA,São João da Ponta,43.23,53.6,uf_fallback,Base dos Dados / CNCA,-10.370000000000005,False,,743,gold
2024,4305306,43,RS,Chapada,47.5,76.02,municipio,Base dos Dados / CNCA,-28.519999999999996,False,,743,gold
2024,2207793,22,PI,Pau D'Arco do Piauí,51.85,80.0,municipio,Base dos Dados / CNCA,-28.15,False,,743,gold
2024,4313607,43,RS,Paim Filho,53.1,79.11,municipio,Base dos Dados / CNCA,-26.009999999999998,False,,743,gold
2024,4302451,43,RS,Boqueirão do Leão,70.0,66.2,uf_fallback,Base dos Dados / CNCA,3.799999999999997,True,,743,gold
2024,4304952,43,RS,Caseiros,40.0,80.0,municipio,Base dos Dados / CNCA,-40.0,False,,743,gold
2024,1701051,17,TO,Angico,59.12,46.41,municipio,Base dos Dados / CNCA,12.71,True,,743,gold
2024,2100550,21,MA,Amapá do Maranhão,43.0,30.17,municipio,Base dos Dados / CNCA,12.829999999999998,True,,743,gold
2024,1505494,15,PA,Palestina do Pará,44.75,40.66,municipio,Base dos Dados / CNCA,4.090000000000003,True,,743,gold
2024,3116902,31,MG,Comendador Gomes,74.3,42.41,municipio,Base dos Dados / CNCA,31.89,True,,743,gold
2024,4305157,43,RS,Cerro Grande,79.4,66.2,uf_fallback,Base dos Dados / CNCA,13.200000000000003,True,,743,gold
2024,4319737,43,RS,São Valério do Sul,46.2,72.78,municipio,Base dos Dados / CNCA,-26.58,False,,743,gold
2024,4301958,43,RS,Barra Funda,52.2,70.55,municipio,Base dos Dados / CNCA,-18.349999999999994,False,,743,gold
2024,2807006,28,SE,São Miguel do Aleixo,46.34,45.06,municipio,Base dos Dados / CNCA,1.2800000000000011,True,,743,gold
2024,4116505,41,PR,Nova Aliança do Ivaí,43.75,44.57,municipio,Base dos Dados / CNCA,-0.8200000000000003,False,,743,gold
2024,4316428,43,RS,Sagrada Família,43.8,78.98,municipio,Base dos Dados / CNCA,-35.18000000000001,False,,743,gold
2024,2110807,21,MA,São Félix de Balsas,44.69,49.59,municipio,Base dos Dados / CNCA,-4.900000000000006,False,,743,gold
2024,1505551,15,PA,Pau D'Arco,48.91,55.49,municipio,Base dos Dados / CNCA,-6.580000000000005,False,,743,gold
2024,4313441,43,RS,Novo Tiradentes,47.4,72.78,municipio,Base dos Dados / CNCA,-25.380000000000003,False,,743,gold
2024,1717206,17,TO,Piraquê,54.55,33.29,municipio,Base dos Dados / CNCA,21.259999999999998,True,,743,gold
2024,2922607,29,BA,Nilo Peçanha,50.52,42.73,municipio,Base dos Dados / CNCA,7.790000000000006,True,,743,gold
2024,1703826,17,TO,Cachoeirinha,64.0,34.72,municipio,Base dos Dados / CNCA,29.28,True,,743,gold
2024,4312054,43,RS,Marques de Souza,47.8,76.49,municipio,Base dos Dados / CNCA,-28.689999999999998,False,,743,gold
2024,4215075,42,SC,Riqueza,72.07,80.0,municipio,Base dos Dados / CNCA,-7.930000000000007,False,,743,gold
2024,4303608,43,RS,Cambará do Sul,54.2,63.31,municipio,Base dos Dados / CNCA,-9.11,False,,743,gold
2024,1507961,15,PA,Terra Alta,49.88,48.0,municipio,Base dos Dados / CNCA,1.8800000000000026,True,,743,gold
2024,5221577,52,GO,Uirapuru,66.67,45.24,municipio,Base dos Dados / CNCA,21.43,True,,743,gold
2024,4304853,43,RS,Carlos Gomes,50.0,58.77,municipio,Base dos Dados / CNCA,-8.770000000000003,False,,743,gold
2024,4109104,41,PR,Guaporema,66.67,80.0,municipio,Base dos Dados / CNCA,-13.329999999999998,False,,743,gold
2024,2801900,28,SE,Cumbe,54.53,49.89,municipio,Base dos Dados / CNCA,4.640000000000001,True,,743,gold
2024,3120839,31,MG,Cuparaque,69.0,80.0,municipio,Base dos Dados / CNCA,-11.0,False,,743,gold
2024,3150208,31,MG,Piedade de Ponte Nova,80.01,41.95,municipio,Base dos Dados / CNCA,38.06,True,,743,gold
2024,4212056,42,SC,Palmeira,57.22,69.23,municipio,Base dos Dados / CNCA,-12.010000000000005,False,,743,gold
2024,1101468,11,RO,Pimenteiras do Oeste,57.63,58.95,municipio,Base dos Dados / CNCA,-1.3200000000000003,False,,743,gold
2024,4300471,43,RS,Almirante Tamandaré do Sul,36.4,66.2,uf_fallback,Base dos Dados / CNCA,-29.800000000000004,False,,743,gold
2024,4113106,41,PR,Kaloré,77.98,80.0,municipio,Base dos Dados / CNCA,-2.019999999999996,False,,743,gold
2024,3153707,31,MG,Quartel Geral,63.55,48.47,municipio,Base dos Dados / CNCA,15.079999999999998,True,,743,gold
2024,3158102,31,MG,Santa Maria do Salto,52.89,52.64,municipio,Base dos Dados / CNCA,0.25,True,,743,gold
2024,1100908,11,RO,Castanheiras,65.42,71.71,municipio,Base dos Dados / CNCA,-6.289999999999992,False,,743,gold
2024,4312443,43,RS,Morrinhos do Sul,64.4,80.0,municipio,Base dos Dados / CNCA,-15.599999999999994,False,,743,gold
2024,5204557,52,GO,Caldazinha,60.87,73.27,municipio,Base dos Dados / CNCA,-12.399999999999999,False,,743,gold
2024,4323200,43,RS,Victor Graeff,56.3,80.0,municipio,Base dos Dados / CNCA,-23.700000000000003,False,,743,gold
2024,3159357,31,MG,Santa Rita de Minas,58.94,64.4,municipio,Base dos Dados / CNCA,-5.460000000000008,False,,743,gold
2024,4318457,43,RS,São José das Missões,60.4,78.67,municipio,Base dos Dados / CNCA,-18.270000000000003,False,,743,gold
2024,4202099,42,SC,Barra Bonita,66.67,54.93,municipio,Base dos Dados / CNCA,11.740000000000002,True,,743,gold
2024,3166105,31,MG,Senhora do Porto,56.52,52.0,municipio,Base dos Dados / CNCA,4.520000000000003,True,,743,gold
2024,4322855,43,RS,Vespasiano Correa,46.7,80.0,municipio,Base dos Dados / CNCA,-33.3,False,,743,gold
2024,3162302,31,MG,São João da Mata,72.0,78.4,municipio,Base dos Dados / CNCA,-6.400000000000006,False,,743,gold
2024,3114808,31,MG,Carvalhos,72.5,80.0,municipio,Base dos Dados / CNCA,-7.5,False,,743,gold
2024,3136405,31,MG,Joaquim Felício,71.38,56.95,municipio,Base dos Dados / CNCA,14.429999999999993,True,,743,gold
2024,3542800,35,SP,Ribeira,53.85,65.71,municipio,Base dos Dados / CNCA,-11.859999999999992,False,,743,gold
2024,3145802,31,MG,Onça de Pitangui,83.33,63.2,uf_fallback,Base dos Dados / CNCA,20.129999999999995,True,,743,gold
2024,3130002,31,MG,Ibituruna,83.33,63.8,municipio,Base dos Dados / CNCA,19.53,True,,743,gold
2024,4121356,41,PR,Rancho Alegre D'Oeste,56.92,78.33,municipio,Base dos Dados / CNCA,-21.409999999999997,False,,743,gold
2024,3125309,31,MG,Faria Lemos,69.23,21.31,municipio,Base dos Dados / CNCA,47.92,True,,743,gold
2024,5213400,52,GO,Moiporá,84.62,68.9,uf_fallback,Base dos Dados / CNCA,15.719999999999999,True,,743,gold
2024,4103222,41,PR,Bom Sucesso do Sul,71.33,80.0,municipio,Base dos Dados / CNCA,-8.670000000000002,False,,743,gold
2024,5006259,50,MS,Novo Horizonte do Sul,78.44,52.69,municipio,Base dos Dados / CNCA,25.75,True,,743,gold
2024,2515807,25,PB,Serra Redonda,85.71,21.09,municipio,Base dos Dados / CNCA,64.61999999999999,True,,743,gold
2024,4308854,43,RS,Gentil,85.7,80.0,municipio,Base dos Dados / CNCA,5.700000000000003,True,,743,gold
2024,4101853,41,PR,Ariranha do Ivaí,69.82,76.27,municipio,Base dos Dados / CNCA,-6.450000000000003,False,,743,gold
2024,4302378,43,RS,Bom Progresso,71.4,60.19,municipio,Base dos Dados / CNCA,11.210000000000008,True,,743,gold
2024,4125902,41,PR,São Pedro do Paraná,75.0,73.2,municipio,Base dos Dados / CNCA,1.7999999999999972,True,,743,gold
2024,4113403,41,PR,Leópolis,89.7,80.0,municipio,Base dos Dados / CNCA,9.700000000000003,True,,743,gold
2024,3146701,31,MG,Palma,75.61,34.19,municipio,Base dos Dados / CNCA,41.42,True,,743,gold
2024,4305603,43,RS,Colorado,85.2,66.33,municipio,Base dos Dados / CNCA,18.870000000000005,True,,743,gold
2024,3103306,31,MG,Aracitaba,86.96,80.0,municipio,Base dos Dados / CNCA,6.959999999999994,True,,743,gold
2024,4322343,43,RS,Ubiretama,55.6,80.0,municipio,Base dos Dados / CNCA,-24.4,False,,743,gold
2024,3145505,31,MG,Olímpio Noronha,94.29,65.19,municipio,Base dos Dados / CNCA,29.10000000000001,True,,743,gold
2024,5210307,52,GO,Israelândia,92.59,80.0,municipio,Base dos Dados / CNCA,12.590000000000003,True,,743,gold
2024,4123204,41,PR,Santa Cecília do Pavão,80.09,80.0,municipio,Base dos Dados / CNCA,0.09000000000000341,True,,743,gold
2024,3142502,31,MG,Monjolos,93.33,63.2,uf_fallback,Base dos Dados / CNCA,30.129999999999995,True,,743,gold
2024,3143153,31,MG,Monte Formoso,82.61,54.82,municipio,Base dos Dados / CNCA,27.79,True,,743,gold
2024,2100402,21,MA,Altamira do Maranhão,73.02,80.0,municipio,Base dos Dados / CNCA,-6.980000000000004,False,,743,gold
2024,1301100,13,AM,Careiro,24.88,56.8,uf_fallback,Base dos Dados / CNCA,-31.919999999999998,False,,743,gold
2024,2805406,28,SE,Poço Redondo,26.61,23.75,municipio,Base dos Dados / CNCA,2.8599999999999994,True,,743,gold
2024,2707107,27,AL,Piranhas,25.08,31.96,municipio,Base dos Dados / CNCA,-6.880000000000003,False,,743,gold
2024,2909901,29,BA,Curaçá,22.94,36.77,municipio,Base dos Dados / CNCA,-13.830000000000002,False,,743,gold
2024,1503077,15,PA,Garrafão do Norte,32.89,44.45,municipio,Base dos Dados / CNCA,-11.560000000000002,False,,743,gold
2024,2604205,26,PE,Catende,21.83,50.3,municipio,Base dos Dados / CNCA,-28.47,False,,743,gold
2024,1500909,15,PA,Augusto Corrêa,43.99,44.99,municipio,Base dos Dados / CNCA,-1.0,False,,743,gold
2024,1506351,15,PA,Santa Bárbara do Pará,46.35,44.15,municipio,Base dos Dados / CNCA,2.200000000000003,True,,743,gold
2024,2917003,29,BA,Itiúba,21.05,34.97,municipio,Base dos Dados / CNCA,-13.919999999999998,False,,743,gold
2024,2915809,29,BA,Itambé,26.98,29.39,municipio,Base dos Dados / CNCA,-2.41,False,,743,gold
2024,2928109,29,BA,Santa Maria da Vitória,26.29,39.29,municipio,Base dos Dados / CNCA,-13.0,False,,743,gold
2024,2902708,29,BA,Barra,28.48,34.04,municipio,Base dos Dados / CNCA,-5.559999999999999,False,,743,gold
2024,1507474,15,PA,São João de Pirabas,40.76,36.94,municipio,Base dos Dados / CNCA,3.8200000000000003,True,,743,gold
2024,1100106,11,RO,Guajará-Mirim,45.65,47.82,municipio,Base dos Dados / CNCA,-2.1700000000000017,False,,743,gold
2024,2110401,21,MA,São Benedito do Rio Preto,38.29,52.21,municipio,Base dos Dados / CNCA,-13.920000000000002,False,,743,gold
2024,1502004,15,PA,Cachoeira do Arari,35.33,56.72,municipio,Base dos Dados / CNCA,-21.39,False,,743,gold
2024,1304260,13,AM,Uarini,18.08,19.75,municipio,Base dos Dados / CNCA,-1.6700000000000017,False,,743,gold
2024,1506583,15,PA,Santa Maria das Barreiras,42.45,58.01,municipio,Base dos Dados / CNCA,-15.559999999999995,False,,743,gold
2024,4105201,41,PR,Cerro Azul,49.89,58.95,municipio,Base dos Dados / CNCA,-9.060000000000002,False,,743,gold
2024,3301157,33,RJ,Cardoso Moreira,34.97,38.93,municipio,Base dos Dados / CNCA,-3.960000000000001,False,,743,gold
2024,2925808,29,BA,Queimadas,30.32,34.54,municipio,Base dos Dados / CNCA,-4.219999999999999,False,,743,gold
2024,2931509,29,BA,Teofilândia,29.57,35.23,municipio,Base dos Dados / CNCA,-5.659999999999997,False,,743,gold
2024,1503002,15,PA,Faro,51.79,55.82,municipio,Base dos Dados / CNCA,-4.030000000000001,False,,743,gold
2024,1508308,15,PA,Viseu,38.21,41.1,municipio,Base dos Dados / CNCA,-2.8900000000000006,False,,743,gold
2024,1302207,13,AM,Juruá,47.46,46.8,municipio,Base dos Dados / CNCA,0.6600000000000037,True,,743,gold
2024,1504307,15,PA,Maracanã,47.51,69.99,municipio,Base dos Dados / CNCA,-22.479999999999997,False,,743,gold
2024,2910602,29,BA,Esplanada,23.96,26.95,municipio,Base dos Dados / CNCA,-2.9899999999999984,False,,743,gold
2024,2929206,29,BA,São Francisco do Conde,25.66,37.11,municipio,Base dos Dados / CNCA,-11.45,False,,743,gold
2024,2608255,26,PE,Jucati,68.81,49.83,municipio,Base dos Dados / CNCA,18.980000000000004,True,,743,gold
2024,2927101,29,BA,Rodelas,28.4,30.48,municipio,Base dos Dados / CNCA,-2.080000000000002,False,,743,gold
2024,2926509,29,BA,Ribeira do Amparo,33.95,35.87,municipio,Base dos Dados / CNCA,-1.9199999999999946,False,,743,gold
2024,3302270,33,RJ,Japeri,36.88,45.46,municipio,Base dos Dados / CNCA,-8.579999999999998,False,,743,gold
2024,3302601,33,RJ,Mangaratiba,40.95,52.84,municipio,Base dos Dados / CNCA,-11.89,False,,743,gold
2024,1505403,15,PA,Ourém,53.67,53.68,municipio,Base dos Dados / CNCA,-0.00999999999999801,False,,743,gold
2024,1504703,15,PA,Moju,34.29,39.09,municipio,Base dos Dados / CNCA,-4.800000000000004,False,,743,gold
2024,2914653,29,BA,Itabela,24.92,38.14,municipio,Base dos Dados / CNCA,-13.219999999999999,False,,743,gold
2024,1503804,15,PA,Jacundá,37.87,46.69,municipio,Base dos Dados / CNCA,-8.82,False,,743,gold
2024,2106805,21,MA,Mirinzal,69.37,80.0,municipio,Base dos Dados / CNCA,-10.629999999999995,False,,743,gold
2024,2932200,29,BA,Ubaitaba,31.13,36.89,municipio,Base dos Dados / CNCA,-5.760000000000002,False,,743,gold
2024,1200179,12,AC,Capixaba,34.97,59.9,uf_fallback,Base dos Dados / CNCA,-24.93,False,,743,gold
2024,2905503,29,BA,Caldeirão Grande,28.19,28.45,municipio,Base dos Dados / CNCA,-0.259999999999998,False,,743,gold
2024,1507300,15,PA,São Félix do Xingu,30.95,53.6,uf_fallback,Base dos Dados / CNCA,-22.650000000000002,False,,743,gold
2024,1301407,13,AM,Eirunepé,41.03,56.8,uf_fallback,Base dos Dados / CNCA,-15.769999999999996,False,,743,gold
2024,2106326,21,MA,Maracaçumé,41.67,61.61,municipio,Base dos Dados / CNCA,-19.939999999999998,False,,743,gold
2024,1506104,15,PA,Primavera,49.94,54.05,municipio,Base dos Dados / CNCA,-4.109999999999999,False,,743,gold
2024,2908200,29,BA,Conceição da Feira,27.46,38.68,municipio,Base dos Dados / CNCA,-11.219999999999999,False,,743,gold
2024,2930204,29,BA,Sento Sé,24.24,33.62,municipio,Base dos Dados / CNCA,-9.379999999999999,False,,743,gold
2024,2800704,28,SE,Brejo Grande,34.6,34.46,municipio,Base dos Dados / CNCA,0.14000000000000057,True,,743,gold
2024,3302858,33,RJ,Mesquita,35.09,44.32,municipio,Base dos Dados / CNCA,-9.229999999999997,False,,743,gold
2024,2110278,21,MA,Santo Amaro do Maranhão,39.84,40.2,municipio,Base dos Dados / CNCA,-0.35999999999999943,False,,743,gold
2024,2904704,29,BA,Buerarema,28.57,31.49,municipio,Base dos Dados / CNCA,-2.919999999999998,False,,743,gold
2024,2705606,27,AL,Novo Lino,39.85,34.56,municipio,Base dos Dados / CNCA,5.289999999999999,True,,743,gold
2024,4102802,41,PR,Bela Vista do Paraíso,54.88,64.18,municipio,Base dos Dados / CNCA,-9.300000000000004,False,,743,gold
2024,1500404,15,PA,Alenquer,35.0,43.05,municipio,Base dos Dados / CNCA,-8.049999999999997,False,,743,gold
2024,1303809,13,AM,São Gabriel da Cachoeira,41.25,43.12,municipio,Base dos Dados / CNCA,-1.8699999999999974,False,,743,gold
2024,2613800,26,PE,São Vicente Ferrer,42.6,53.76,municipio,Base dos Dados / CNCA,-11.159999999999997,False,,743,gold
2024,2927507,29,BA,Santa Bárbara,31.58,28.15,municipio,Base dos Dados / CNCA,3.4299999999999997,True,,743,gold
2024,4117800,41,PR,Palmital,69.5,75.15,municipio,Base dos Dados / CNCA,-5.650000000000006,False,,743,gold
2024,2911907,29,BA,Iaçu,28.52,30.13,municipio,Base dos Dados / CNCA,-1.6099999999999994,False,,743,gold
2024,2930808,29,BA,Souto Soares,31.82,32.71,municipio,Base dos Dados / CNCA,-0.8900000000000006,False,,743,gold
2024,2924405,29,BA,Pilão Arcado,22.51,31.12,municipio,Base dos Dados / CNCA,-8.61,False,,743,gold
2024,1502806,15,PA,Curralinho,24.03,32.28,municipio,Base dos Dados / CNCA,-8.25,False,,743,gold
2024,2910503,29,BA,Entre Rios,32.55,43.4,uf_fallback,Base dos Dados / CNCA,-10.850000000000001,False,,743,gold
2024,2801009,28,SE,Campo do Brito,34.96,45.54,municipio,Base dos Dados / CNCA,-10.579999999999998,False,,743,gold
2024,1600105,16,AP,Amapá,19.3,38.23,municipio,Base dos Dados / CNCA,-18.929999999999996,False,,743,gold
2024,3305109,33,RJ,São João de Meriti,35.97,44.12,municipio,Base dos Dados / CNCA,-8.149999999999999,False,,743,gold
2024,2918506,29,BA,Jussara,43.44,30.4,municipio,Base dos Dados / CNCA,13.04,True,,743,gold
2024,2806305,28,SE,Santa Luzia do Itanhy,22.15,33.12,municipio,Base dos Dados / CNCA,-10.969999999999999,False,,743,gold
2024,2903235,29,BA,Barro Alto,29.75,31.51,municipio,Base dos Dados / CNCA,-1.7600000000000016,False,,743,gold
2024,1303957,13,AM,São Sebastião do Uatumã,44.12,56.43,municipio,Base dos Dados / CNCA,-12.310000000000002,False,,743,gold
2024,3111408,31,MG,Campo Florido,52.14,76.57,municipio,Base dos Dados / CNCA,-24.429999999999993,False,,743,gold
2024,2805604,28,SE,Porto da Folha,16.85,30.74,municipio,Base dos Dados / CNCA,-13.889999999999997,False,,743,gold
2024,2804904,28,SE,Pacatuba,28.56,23.74,municipio,Base dos Dados / CNCA,4.82,True,,743,gold
2024,2911105,29,BA,Formosa do Rio Preto,28.21,26.73,municipio,Base dos Dados / CNCA,1.4800000000000004,True,,743,gold
2024,2707404,27,AL,Porto de Pedras,27.47,37.21,municipio,Base dos Dados / CNCA,-9.740000000000002,False,,743,gold
2024,2910750,29,BA,Fátima,49.57,48.48,municipio,Base dos Dados / CNCA,1.0900000000000034,True,,743,gold
2024,2901908,29,BA,Aporá,16.52,24.7,municipio,Base dos Dados / CNCA,-8.18,False,,743,gold
2024,2932804,29,BA,Utinga,33.04,40.69,municipio,Base dos Dados / CNCA,-7.649999999999999,False,,743,gold
2024,4108007,41,PR,Florestópolis,63.48,66.94,municipio,Base dos Dados / CNCA,-3.460000000000001,False,,743,gold
2024,2800407,28,SE,Arauá,28.6,38.07,municipio,Base dos Dados / CNCA,-9.469999999999999,False,,743,gold
2024,2916807,29,BA,Itarantim,41.07,44.64,municipio,Base dos Dados / CNCA,-3.5700000000000003,False,,743,gold
2024,2920106,29,BA,Mairi,23.42,46.99,municipio,Base dos Dados / CNCA,-23.57,False,,743,gold
2024,2606408,26,PE,Gravatá,43.1,48.26,municipio,Base dos Dados / CNCA,-5.159999999999997,False,,743,gold
2024,1508001,15,PA,Tomé-Açu,49.49,53.23,municipio,Base dos Dados / CNCA,-3.739999999999995,False,,743,gold
2024,4105003,41,PR,Catanduvas,56.16,68.32,municipio,Base dos Dados / CNCA,-12.159999999999997,False,,743,gold
2024,2901353,29,BA,Andorinha,28.44,39.88,municipio,Base dos Dados / CNCA,-11.440000000000001,False,,743,gold
2024,2806008,28,SE,Ribeirópolis,42.2,40.54,municipio,Base dos Dados / CNCA,1.6600000000000037,True,,743,gold
2024,3303500,33,RJ,Nova Iguaçu,33.42,40.13,municipio,Base dos Dados / CNCA,-6.710000000000001,False,,743,gold
2024,2706802,27,AL,Piaçabuçu,42.39,38.74,municipio,Base dos Dados / CNCA,3.6499999999999986,True,,743,gold
2024,2803609,28,SE,Laranjeiras,27.35,23.05,municipio,Base dos Dados / CNCA,4.300000000000001,True,,743,gold
2024,2916104,29,BA,Itaparica,28.57,44.71,municipio,Base dos Dados / CNCA,-16.14,False,,743,gold
2024,2907707,29,BA,Chorrochó,36.19,41.36,municipio,Base dos Dados / CNCA,-5.170000000000002,False,,743,gold
2024,2909406,29,BA,Cotegipe,41.9,46.95,municipio,Base dos Dados / CNCA,-5.050000000000004,False,,743,gold
2024,2917102,29,BA,Itororó,28.85,52.72,municipio,Base dos Dados / CNCA,-23.869999999999997,False,,743,gold
2024,1507508,15,PA,São João do Araguaia,35.42,40.49,municipio,Base dos Dados / CNCA,-5.07,False,,743,gold
2024,2604601,26,PE,Condado,43.24,51.14,municipio,Base dos Dados / CNCA,-7.899999999999999,False,,743,gold
2024,1502707,15,PA,Conceição do Araguaia,50.76,45.08,municipio,Base dos Dados / CNCA,5.68,True,,743,gold
2024,2912707,29,BA,Ibirapitanga,22.06,38.26,municipio,Base dos Dados / CNCA,-16.2,False,,743,gold
2024,1501709,15,PA,Bragança,37.0,48.67,municipio,Base dos Dados / CNCA,-11.670000000000002,False,,743,gold
2024,2913101,29,BA,Ibititá,28.0,33.31,municipio,Base dos Dados / CNCA,-5.310000000000002,False,,743,gold
2024,2904100,29,BA,Boquira,32.0,45.8,municipio,Base dos Dados / CNCA,-13.799999999999997,False,,743,gold
2024,1100338,11,RO,Nova Mamoré,45.3,65.81,municipio,Base dos Dados / CNCA,-20.510000000000005,False,,743,gold
2024,2602001,26,PE,Bodocó,47.32,50.85,municipio,Base dos Dados / CNCA,-3.530000000000001,False,,743,gold
2024,1303700,13,AM,Santo Antônio do Içá,40.84,63.05,municipio,Base dos Dados / CNCA,-22.209999999999994,False,,743,gold
2024,1304237,13,AM,Tonantins,30.02,51.45,municipio,Base dos Dados / CNCA,-21.430000000000003,False,,743,gold
2024,3302007,33,RJ,Itaguaí,41.61,48.08,municipio,Base dos Dados / CNCA,-6.469999999999999,False,,743,gold
2024,2918100,29,BA,Jeremoabo,29.53,34.24,municipio,Base dos Dados / CNCA,-4.710000000000001,False,,743,gold
2024,1508209,15,PA,Vigia,37.71,36.87,municipio,Base dos Dados / CNCA,0.8400000000000034,True,,743,gold
2024,2112605,21,MA,Urbano Santos,38.63,77.24,municipio,Base dos Dados / CNCA,-38.60999999999999,False,,743,gold
2024,1500305,15,PA,Afuá,38.18,37.86,municipio,Base dos Dados / CNCA,0.3200000000000003,True,,743,gold
2024,2108801,21,MA,Pirapemas,42.38,80.0,municipio,Base dos Dados / CNCA,-37.62,False,,743,gold
2024,1503200,15,PA,Igarapé-Açu,45.59,39.7,municipio,Base dos Dados / CNCA,5.890000000000001,True,,743,gold
2024,3171030,31,MG,Verdelândia,45.28,63.2,uf_fallback,Base dos Dados / CNCA,-17.92,False,,743,gold
2024,2915205,29,BA,Itagibá,44.21,43.51,municipio,Base dos Dados / CNCA,0.7000000000000028,True,,743,gold
2024,1303106,13,AM,Nova Olinda do Norte,37.34,56.11,municipio,Base dos Dados / CNCA,-18.769999999999996,False,,743,gold
2024,1302801,13,AM,Maraã,52.0,28.09,municipio,Base dos Dados / CNCA,23.91,True,,743,gold
2024,1302306,13,AM,Jutaí,36.92,43.26,municipio,Base dos Dados / CNCA,-6.339999999999996,False,,743,gold
2024,1300607,13,AM,Benjamin Constant,38.24,56.8,uf_fallback,Base dos Dados / CNCA,-18.559999999999995,False,,743,gold
2024,2410900,24,RN,Riachuelo,25.65,47.19,municipio,Base dos Dados / CNCA,-21.54,False,,743,gold
2024,2702405,27,AL,Delmiro Gouveia,28.13,38.15,municipio,Base dos Dados / CNCA,-10.02,False,,743,gold
2024,1502400,15,PA,Castanhal,32.97,53.6,uf_fallback,Base dos Dados / CNCA,-20.630000000000003,False,,743,gold
2024,5200803,52,GO,Alvorada do Norte,64.99,67.1,municipio,Base dos Dados / CNCA,-2.1099999999999994,False,,743,gold
2024,2100832,21,MA,Apicum-Açu,39.08,38.52,municipio,Base dos Dados / CNCA,0.5599999999999952,True,,743,gold
2024,2921203,29,BA,Miguel Calmon,36.96,53.06,municipio,Base dos Dados / CNCA,-16.1,False,,743,gold
2024,4103057,41,PR,Boa Vista da Aparecida,53.35,73.58,municipio,Base dos Dados / CNCA,-20.229999999999997,False,,743,gold
2024,4118857,41,PR,Perobal,70.19,61.32,municipio,Base dos Dados / CNCA,8.869999999999997,True,,743,gold
2024,2906303,29,BA,Canavieiras,28.68,36.12,municipio,Base dos Dados / CNCA,-7.439999999999998,False,,743,gold
2024,1502608,15,PA,Colares,37.22,58.64,municipio,Base dos Dados / CNCA,-21.42,False,,743,gold
2024,2800209,28,SE,Aquidabã,20.53,28.59,municipio,Base dos Dados / CNCA,-8.059999999999999,False,,743,gold
2024,2921609,29,BA,Morpará,28.89,38.78,municipio,Base dos Dados / CNCA,-9.89,False,,743,gold
2024,2906899,29,BA,Caraíbas,35.56,52.02,municipio,Base dos Dados / CNCA,-16.46,False,,743,gold
2024,1300060,13,AM,Amaturá,64.58,65.52,municipio,Base dos Dados / CNCA,-0.9399999999999977,False,,743,gold
2024,2201929,22,PI,Bonfim do Piauí,35.96,55.47,municipio,Base dos Dados / CNCA,-19.509999999999998,False,,743,gold
2024,2903300,29,BA,Barro Preto,24.72,45.64,municipio,Base dos Dados / CNCA,-20.92,False,,743,gold
2024,2927002,29,BA,Rio Real,33.21,47.13,municipio,Base dos Dados / CNCA,-13.920000000000002,False,,743,gold
2024,2801702,28,SE,Cristinápolis,34.73,31.96,municipio,Base dos Dados / CNCA,2.769999999999996,True,,743,gold
2024,2103174,21,MA,Centro Novo do Maranhão,36.86,46.3,municipio,Base dos Dados / CNCA,-9.439999999999998,False,,743,gold
2024,3300456,33,RJ,Belford Roxo,38.9,41.51,municipio,Base dos Dados / CNCA,-2.6099999999999994,False,,743,gold
2024,4122602,41,PR,Rondon,41.63,70.28,municipio,Base dos Dados / CNCA,-28.65,False,,743,gold
2024,1503309,15,PA,Igarapé-Miri,41.34,43.33,municipio,Base dos Dados / CNCA,-1.9899999999999949,False,,743,gold
2024,5007901,50,MS,Sidrolândia,39.84,42.85,municipio,Base dos Dados / CNCA,-3.009999999999998,False,,743,gold
2024,1301654,13,AM,Guajará,54.66,64.85,municipio,Base dos Dados / CNCA,-10.189999999999998,False,,743,gold
2024,1200427,12,AC,Rodrigues Alves,38.92,59.9,uf_fallback,Base dos Dados / CNCA,-20.979999999999997,False,,743,gold
2024,2902609,29,BA,Baixa Grande,36.78,42.94,municipio,Base dos Dados / CNCA,-6.159999999999997,False,,743,gold
2024,1501204,15,PA,Baião,38.16,34.71,municipio,Base dos Dados / CNCA,3.4499999999999957,True,,743,gold
2024,2804102,28,SE,Moita Bonita,58.01,49.05,municipio,Base dos Dados / CNCA,8.96,True,,743,gold
2024,2920007,29,BA,Maiquinique,32.56,36.93,municipio,Base dos Dados / CNCA,-4.369999999999997,False,,743,gold
2024,1303304,13,AM,Novo Aripuanã,53.12,80.0,municipio,Base dos Dados / CNCA,-26.880000000000003,False,,743,gold
2024,3301405,33,RJ,Conceição de Macabu,56.17,54.71,municipio,Base dos Dados / CNCA,1.4600000000000009,True,,743,gold
2024,2806404,28,SE,Santana do São Francisco,22.21,36.03,municipio,Base dos Dados / CNCA,-13.82,False,,743,gold
2024,4314506,43,RS,Pinheiro Machado,45.7,69.19,municipio,Base dos Dados / CNCA,-23.489999999999995,False,,743,gold
2024,2906204,29,BA,Canarana,33.73,36.34,municipio,Base dos Dados / CNCA,-2.6100000000000065,False,,743,gold
2024,2802304,28,SE,Frei Paulo,37.21,26.27,municipio,Base dos Dados / CNCA,10.940000000000001,True,,743,gold
2024,2803203,28,SE,Itaporanga d'Ajuda,39.49,31.53,municipio,Base dos Dados / CNCA,7.960000000000001,True,,743,gold
2024,1504505,15,PA,Melgaço,28.64,44.48,municipio,Base dos Dados / CNCA,-15.839999999999996,False,,743,gold
2024,2912301,29,BA,Ibicuí,50.0,62.43,municipio,Base dos Dados / CNCA,-12.43,False,,743,gold
2024,2932408,29,BA,Uibaí,27.71,40.0,municipio,Base dos Dados / CNCA,-12.29,False,,743,gold
2024,4321303,43,RS,Taquari,25.6,54.6,municipio,Base dos Dados / CNCA,-29.0,False,,743,gold
2024,2914505,29,BA,Irará,32.53,43.4,uf_fallback,Base dos Dados / CNCA,-10.869999999999997,False,,743,gold
2024,2902005,29,BA,Aracatu,28.92,47.99,municipio,Base dos Dados / CNCA,-19.07,False,,743,gold
2024,2929008,29,BA,São Félix,31.33,39.05,municipio,Base dos Dados / CNCA,-7.719999999999999,False,,743,gold
2024,2902104,29,BA,Araci,24.47,27.37,municipio,Base dos Dados / CNCA,-2.900000000000002,False,,743,gold
2024,2706505,27,AL,Passo de Camaragibe,32.59,48.06,municipio,Base dos Dados / CNCA,-15.469999999999999,False,,743,gold
2024,2802205,28,SE,Feira Nova,26.0,36.69,municipio,Base dos Dados / CNCA,-10.689999999999998,False,,743,gold
2024,1504604,15,PA,Mocajuba,37.29,38.95,municipio,Base dos Dados / CNCA,-1.6600000000000037,False,,743,gold
2024,2707206,27,AL,Poço das Trincheiras,48.87,40.27,municipio,Base dos Dados / CNCA,8.599999999999994,True,,743,gold
2024,2929800,29,BA,Saúde,20.73,21.63,municipio,Base dos Dados / CNCA,-0.8999999999999986,False,,743,gold
2024,1504901,15,PA,Muaná,33.63,42.83,municipio,Base dos Dados / CNCA,-9.199999999999996,False,,743,gold
2024,2605202,26,PE,Escada,30.48,58.74,municipio,Base dos Dados / CNCA,-28.26,False,,743,gold
2024,1507458,15,PA,São Geraldo do Araguaia,52.06,51.94,municipio,Base dos Dados / CNCA,0.12000000000000455,True,,743,gold
2024,2930105,29,BA,Senhor do Bonfim,24.02,27.01,municipio,Base dos Dados / CNCA,-2.990000000000002,False,,743,gold
2024,3304805,33,RJ,São Fidélis,48.7,46.08,municipio,Base dos Dados / CNCA,2.6200000000000045,True,,743,gold
2024,2803302,28,SE,Japaratuba,58.28,48.16,municipio,Base dos Dados / CNCA,10.120000000000005,True,,743,gold
2024,1300409,13,AM,Barcelos,45.31,53.75,municipio,Base dos Dados / CNCA,-8.439999999999998,False,,743,gold
2024,1300508,13,AM,Barreirinha,25.0,36.81,municipio,Base dos Dados / CNCA,-11.810000000000002,False,,743,gold
2024,3304144,33,RJ,Queimados,37.63,44.56,municipio,Base dos Dados / CNCA,-6.93,False,,743,gold
2024,3302502,33,RJ,Magé,46.66,51.74,municipio,Base dos Dados / CNCA,-5.080000000000005,False,,743,gold
2024,3301801,33,RJ,Engenheiro Paulo de Frontin,55.56,65.8,municipio,Base dos Dados / CNCA,-10.239999999999995,False,,743,gold
2024,1505304,15,PA,Oriximiná,30.61,41.32,municipio,Base dos Dados / CNCA,-10.71,False,,743,gold
2024,2804805,28,SE,Nossa Senhora do Socorro,29.82,26.93,municipio,Base dos Dados / CNCA,2.8900000000000006,True,,743,gold
2024,4108502,41,PR,General Carneiro,55.52,79.19,municipio,Base dos Dados / CNCA,-23.669999999999995,False,,743,gold
2024,2902203,29,BA,Aramari,17.95,28.9,municipio,Base dos Dados / CNCA,-10.95,False,,743,gold
2024,2906824,29,BA,Canudos,30.13,25.86,municipio,Base dos Dados / CNCA,4.27,True,,743,gold
2024,2802106,28,SE,Estância,31.09,40.81,municipio,Base dos Dados / CNCA,-9.720000000000002,False,,743,gold
2024,2921450,29,BA,Mirante,46.15,56.77,municipio,Base dos Dados / CNCA,-10.620000000000005,False,,743,gold
2024,2611705,26,PE,Riacho das Almas,68.11,66.6,municipio,Base dos Dados / CNCA,1.5100000000000051,True,,743,gold
2024,2923704,29,BA,Paratinga,24.46,28.27,municipio,Base dos Dados / CNCA,-3.8099999999999987,False,,743,gold
2024,2914802,29,BA,Itabuna,29.75,38.61,municipio,Base dos Dados / CNCA,-8.86,False,,743,gold
2024,1301159,13,AM,Careiro da Várzea,32.97,44.52,municipio,Base dos Dados / CNCA,-11.550000000000004,False,,743,gold
2024,4106456,41,PR,Coronel Domingos Soares,62.47,78.53,municipio,Base dos Dados / CNCA,-16.060000000000002,False,,743,gold
2024,2933505,29,BA,Wenceslau Guimarães,31.17,44.82,municipio,Base dos Dados / CNCA,-13.649999999999999,False,,743,gold
2024,2916401,29,BA,Itapetinga,32.22,45.94,municipio,Base dos Dados / CNCA,-13.719999999999999,False,,743,gold
2024,1500701,15,PA,Anajás,33.83,34.01,municipio,Base dos Dados / CNCA,-0.17999999999999972,False,,743,gold
2024,3302809,33,RJ,Mendes,56.89,61.95,municipio,Base dos Dados / CNCA,-5.060000000000002,False,,743,gold
2024,2700508,27,AL,Barra de Santo Antônio,32.98,37.63,municipio,Base dos Dados / CNCA,-4.650000000000006,False,,743,gold
2024,4214409,42,SC,Rio das Antas,44.51,64.5,uf_fallback,Base dos Dados / CNCA,-19.990000000000002,False,,743,gold
2024,1101203,11,RO,Ministro Andreazza,69.17,73.67,municipio,Base dos Dados / CNCA,-4.5,False,,743,gold
2024,2928505,29,BA,Santa Teresinha,27.63,33.84,municipio,Base dos Dados / CNCA,-6.210000000000004,False,,743,gold
2024,2703601,27,AL,Japaratinga,27.69,30.27,municipio,Base dos Dados / CNCA,-2.5799999999999983,False,,743,gold
2024,1303502,13,AM,Pauini,48.43,45.33,municipio,Base dos Dados / CNCA,3.1000000000000014,True,,743,gold
2024,3109204,31,MG,Buenópolis,75.91,80.0,municipio,Base dos Dados / CNCA,-4.090000000000003,False,,743,gold
2024,2408953,24,RN,Rio do Fogo,31.56,21.44,municipio,Base dos Dados / CNCA,10.119999999999997,True,,743,gold
2024,2912806,29,BA,Ibirapuã,37.84,63.71,municipio,Base dos Dados / CNCA,-25.869999999999997,False,,743,gold
2024,1500107,15,PA,Abaetetuba,35.85,46.03,municipio,Base dos Dados / CNCA,-10.18,False,,743,gold
2024,1503093,15,PA,Goianésia do Pará,42.29,51.56,municipio,Base dos Dados / CNCA,-9.270000000000003,False,,743,gold
2024,4121000,41,PR,Querência do Norte,50.32,50.89,municipio,Base dos Dados / CNCA,-0.5700000000000003,False,,743,gold
2024,2104677,21,MA,Governador Nunes Freire,60.92,76.8,municipio,Base dos Dados / CNCA,-15.879999999999995,False,,743,gold
2024,1502103,15,PA,Cametá,39.08,46.63,municipio,Base dos Dados / CNCA,-7.550000000000004,False,,743,gold
2024,2930766,29,BA,Sítio do Quinto,42.47,49.83,municipio,Base dos Dados / CNCA,-7.359999999999999,False,,743,gold
2024,2112274,21,MA,Tufilândia,36.17,41.57,municipio,Base dos Dados / CNCA,-5.399999999999999,False,,743,gold
2024,3301702,33,RJ,Duque de Caxias,45.37,52.5,municipio,Base dos Dados / CNCA,-7.130000000000003,False,,743,gold
2024,4117008,41,PR,Nova Fátima,79.65,80.0,municipio,Base dos Dados / CNCA,-0.3499999999999943,False,,743,gold
2024,2930600,29,BA,Serrolândia,25.69,39.77,municipio,Base dos Dados / CNCA,-14.080000000000002,False,,743,gold
2024,2931400,29,BA,Teodoro Sampaio,30.56,47.18,municipio,Base dos Dados / CNCA,-16.62,False,,743,gold
2024,2909703,29,BA,Cristópolis,43.75,50.23,municipio,Base dos Dados / CNCA,-6.479999999999997,False,,743,gold
2024,2907202,29,BA,Casa Nova,20.93,19.44,municipio,Base dos Dados / CNCA,1.4899999999999984,True,,743,gold
2024,1503754,15,PA,Jacareacanga,24.95,53.6,uf_fallback,Base dos Dados / CNCA,-28.650000000000002,False,,743,gold
2024,1300300,13,AM,Autazes,37.75,56.8,uf_fallback,Base dos Dados / CNCA,-19.049999999999997,False,,743,gold
2024,1506195,15,PA,Rurópolis,54.76,61.62,municipio,Base dos Dados / CNCA,-6.859999999999999,False,,743,gold
2024,2103703,21,MA,Cururupu,66.32,68.14,municipio,Base dos Dados / CNCA,-1.8200000000000074,False,,743,gold
2024,2609907,26,PE,Ouricuri,30.78,42.82,municipio,Base dos Dados / CNCA,-12.04,False,,743,gold
2024,2916609,29,BA,Itapitanga,36.62,38.06,municipio,Base dos Dados / CNCA,-1.4400000000000048,False,,743,gold
2024,2510204,25,PB,Nova Olinda,38.04,51.47,municipio,Base dos Dados / CNCA,-13.43,False,,743,gold
2024,2707909,27,AL,Santa Luzia do Norte,38.52,38.86,municipio,Base dos Dados / CNCA,-0.3399999999999963,False,,743,gold
2024,2603801,26,PE,Capoeiras,69.34,55.74,municipio,Base dos Dados / CNCA,13.600000000000001,True,,743,gold
2024,2911600,29,BA,Governador Mangabeira,29.08,43.51,municipio,Base dos Dados / CNCA,-14.43,False,,743,gold
2024,2800605,28,SE,Barra dos Coqueiros,28.1,29.32,municipio,Base dos Dados / CNCA,-1.2199999999999989,False,,743,gold
2024,2920809,29,BA,Marcionílio Souza,18.57,28.29,municipio,Base dos Dados / CNCA,-9.719999999999999,False,,743,gold
2024,2903805,29,BA,Boa Vista do Tupim,32.14,40.29,municipio,Base dos Dados / CNCA,-8.149999999999999,False,,743,gold
2024,1703842,17,TO,Campos Lindos,38.52,22.91,municipio,Base dos Dados / CNCA,15.610000000000003,True,,743,gold
2024,5005608,50,MS,Miranda,38.78,33.82,municipio,Base dos Dados / CNCA,4.960000000000001,True,,743,gold
2024,1500503,15,PA,Almeirim,38.92,37.74,municipio,Base dos Dados / CNCA,1.1799999999999997,True,,743,gold
2024,1505205,15,PA,Oeiras do Pará,31.03,25.53,municipio,Base dos Dados / CNCA,5.5,True,,743,gold
2024,2932903,29,BA,Valença,31.89,38.08,municipio,Base dos Dados / CNCA,-6.189999999999998,False,,743,gold
2024,2106607,21,MA,Matões,34.52,73.54,municipio,Base dos Dados / CNCA,-39.02,False,,743,gold
2024,2803906,28,SE,Malhador,36.75,41.11,municipio,Base dos Dados / CNCA,-4.359999999999999,False,,743,gold
2024,1301209,13,AM,Coari,40.77,45.17,municipio,Base dos Dados / CNCA,-4.399999999999999,False,,743,gold
2024,1503507,15,PA,Irituia,49.64,50.89,municipio,Base dos Dados / CNCA,-1.25,False,,743,gold
2024,1505536,15,PA,Parauapebas,49.49,58.58,municipio,Base dos Dados / CNCA,-9.089999999999996,False,,743,gold
2024,3303807,33,RJ,Paraty,48.89,55.55,municipio,Base dos Dados / CNCA,-6.659999999999997,False,,743,gold
2024,2803401,28,SE,Japoatã,39.3,33.27,municipio,Base dos Dados / CNCA,6.029999999999994,True,,743,gold
2024,5003108,50,MS,Corguinho,58.66,51.21,municipio,Base dos Dados / CNCA,7.449999999999996,True,,743,gold
2024,1501105,15,PA,Bagre,53.31,52.12,municipio,Base dos Dados / CNCA,1.1900000000000048,True,,743,gold
2024,2100709,21,MA,Anajatuba,41.33,73.92,municipio,Base dos Dados / CNCA,-32.59,False,,743,gold
2024,2910859,29,BA,Filadélfia,36.76,25.25,municipio,Base dos Dados / CNCA,11.509999999999998,True,,743,gold
2024,2911501,29,BA,Gongogi,50.0,34.92,municipio,Base dos Dados / CNCA,15.079999999999998,True,,743,gold
2024,2106631,21,MA,Matões do Norte,57.42,66.46,municipio,Base dos Dados / CNCA,-9.039999999999992,False,,743,gold
2024,3301207,33,RJ,Carmo,67.98,49.44,municipio,Base dos Dados / CNCA,18.540000000000006,True,,743,gold
2024,2929305,29,BA,São Gonçalo dos Campos,24.63,43.04,municipio,Base dos Dados / CNCA,-18.41,False,,743,gold
2024,2907301,29,BA,Castro Alves,30.54,49.79,municipio,Base dos Dados / CNCA,-19.25,False,,743,gold
2024,2905305,29,BA,Cafarnaum,30.37,28.79,municipio,Base dos Dados / CNCA,1.5800000000000018,True,,743,gold
2024,3521150,35,SP,Ipiguá,43.3,53.23,municipio,Base dos Dados / CNCA,-9.93,False,,743,gold
2024,3301009,33,RJ,Campos dos Goytacazes,38.87,45.1,municipio,Base dos Dados / CNCA,-6.230000000000004,False,,743,gold
2024,2923100,29,BA,Olindina,21.29,41.3,municipio,Base dos Dados / CNCA,-20.009999999999998,False,,743,gold
2024,2405108,24,RN,Jandaíra,28.23,37.5,municipio,Base dos Dados / CNCA,-9.27,False,,743,gold
2024,2703106,27,AL,Igaci,24.34,36.85,municipio,Base dos Dados / CNCA,-12.510000000000002,False,,743,gold
2024,2923902,29,BA,Pau Brasil,32.84,50.35,municipio,Base dos Dados / CNCA,-17.509999999999998,False,,743,gold
2024,1703107,17,TO,Barrolândia,49.74,62.85,municipio,Base dos Dados / CNCA,-13.11,False,,743,gold
2024,5218102,52,GO,Portelândia,76.08,72.99,municipio,Base dos Dados / CNCA,3.0900000000000034,True,,743,gold
2024,3120151,31,MG,Crisólita,48.66,57.46,municipio,Base dos Dados / CNCA,-8.800000000000004,False,,743,gold
2024,2100873,21,MA,Araguanã,91.6,80.0,municipio,Base dos Dados / CNCA,11.599999999999994,True,,743,gold
2024,2702553,27,AL,Estrela de Alagoas,36.15,41.35,municipio,Base dos Dados / CNCA,-5.200000000000003,False,,743,gold
2024,1505486,15,PA,Pacajá,45.49,43.87,municipio,Base dos Dados / CNCA,1.6200000000000045,True,,743,gold
2024,2925907,29,BA,Quijingue,34.85,44.9,municipio,Base dos Dados / CNCA,-10.049999999999997,False,,743,gold
2024,1502905,15,PA,Curuçá,33.48,37.86,municipio,Base dos Dados / CNCA,-4.380000000000003,False,,743,gold
2024,2911857,29,BA,Heliópolis,36.36,38.42,municipio,Base dos Dados / CNCA,-2.0600000000000023,False,,743,gold
2024,2906857,29,BA,Capela do Alto Alegre,45.45,42.56,municipio,Base dos Dados / CNCA,2.8900000000000006,True,,743,gold
2024,4216354,42,SC,São João do Itaperiú,64.01,59.22,municipio,Base dos Dados / CNCA,4.790000000000006,True,,743,gold
2024,4111902,41,PR,Jaguapitã,62.26,76.81,municipio,Base dos Dados / CNCA,-14.550000000000004,False,,743,gold
2024,1712504,17,TO,Marianópolis do Tocantins,36.72,31.37,municipio,Base dos Dados / CNCA,5.349999999999998,True,,743,gold
2024,2932101,29,BA,Ubaíra,38.93,52.71,municipio,Base dos Dados / CNCA,-13.780000000000001,False,,743,gold
2024,1301852,13,AM,Iranduba,36.82,50.85,municipio,Base dos Dados / CNCA,-14.030000000000001,False,,743,gold
2024,2805109,28,SE,Pedrinhas,11.52,21.39,municipio,Base dos Dados / CNCA,-9.870000000000001,False,,743,gold
2024,2928406,29,BA,Santa Rita de Cássia,32.05,52.33,municipio,Base dos Dados / CNCA,-20.28,False,,743,gold
2024,1708254,17,TO,Fortaleza do Tabocão,51.71,54.03,municipio,Base dos Dados / CNCA,-2.3200000000000003,False,,743,gold
2024,5212956,52,GO,Matrinchã,52.82,63.07,municipio,Base dos Dados / CNCA,-10.25,False,,743,gold
2024,3301900,33,RJ,Itaboraí,50.45,56.04,municipio,Base dos Dados / CNCA,-5.589999999999996,False,,743,gold
2024,2410306,24,RN,Serra Caiada,40.45,43.8,uf_fallback,Base dos Dados / CNCA,-3.3499999999999943,False,,743,gold
2024,1500206,15,PA,Acará,41.73,45.4,municipio,Base dos Dados / CNCA,-3.6700000000000017,False,,743,gold
2024,1302900,13,AM,Maués,51.72,57.61,municipio,Base dos Dados / CNCA,-5.890000000000001,False,,743,gold
2024,5106505,51,MT,Poconé,38.36,38.45,municipio,Base dos Dados / CNCA,-0.09000000000000341,False,,743,gold
2024,2506103,25,PB,Fagundes,41.67,63.9,municipio,Base dos Dados / CNCA,-22.229999999999997,False,,743,gold
2024,2106904,21,MA,Monção,36.19,56.61,municipio,Base dos Dados / CNCA,-20.42,False,,743,gold
2024,2110237,21,MA,Santana do Maranhão,54.17,80.0,municipio,Base dos Dados / CNCA,-25.83,False,,743,gold
2024,1502954,15,PA,Eldorado do Carajás,50.59,57.37,municipio,Base dos Dados / CNCA,-6.779999999999994,False,,743,gold
2024,2930907,29,BA,Tabocas do Brejo Velho,43.31,42.53,municipio,Base dos Dados / CNCA,0.7800000000000011,True,,743,gold
2024,2101202,21,MA,Bacabal,51.38,51.22,municipio,Base dos Dados / CNCA,0.1600000000000037,True,,743,gold
2024,2109700,21,MA,Sambaíba,77.94,80.0,municipio,Base dos Dados / CNCA,-2.0600000000000023,False,,743,gold
2024,1702158,17,TO,Araguanã,37.81,44.23,municipio,Base dos Dados / CNCA,-6.419999999999995,False,,743,gold
2024,2921500,29,BA,Monte Santo,27.49,37.95,municipio,Base dos Dados / CNCA,-10.460000000000004,False,,743,gold
2024,2102200,21,MA,Buriti,28.95,50.62,municipio,Base dos Dados / CNCA,-21.669999999999998,False,,743,gold
2024,2922201,29,BA,Muniz Ferreira,41.27,51.44,municipio,Base dos Dados / CNCA,-10.169999999999995,False,,743,gold
2024,2905909,29,BA,Campo Alegre de Lourdes,28.04,43.29,municipio,Base dos Dados / CNCA,-15.25,False,,743,gold
2024,5107578,51,MT,Rondolândia,51.28,36.18,municipio,Base dos Dados / CNCA,15.100000000000001,True,,743,gold
2024,2100154,21,MA,Água Doce do Maranhão,63.75,69.35,municipio,Base dos Dados / CNCA,-5.599999999999994,False,,743,gold
2024,2405405,24,RN,Japi,25.76,21.97,municipio,Base dos Dados / CNCA,3.7900000000000027,True,,743,gold
2024,2900801,29,BA,Alcobaça,29.6,50.94,municipio,Base dos Dados / CNCA,-21.339999999999996,False,,743,gold
2024,4322202,43,RS,Tupanciretã,42.9,73.19,municipio,Base dos Dados / CNCA,-30.29,False,,743,gold
2024,3138906,31,MG,Machacalis,65.94,64.98,municipio,Base dos Dados / CNCA,0.9599999999999937,True,,743,gold
2024,2109106,21,MA,Presidente Dutra,45.11,58.95,municipio,Base dos Dados / CNCA,-13.840000000000003,False,,743,gold
2024,2917508,29,BA,Jacobina,28.49,37.79,municipio,Base dos Dados / CNCA,-9.3,False,,743,gold
2024,2110658,21,MA,São Domingos do Azeitão,36.83,29.51,municipio,Base dos Dados / CNCA,7.319999999999997,True,,743,gold
2024,1100262,11,RO,Rio Crespo,62.81,80.0,municipio,Base dos Dados / CNCA,-17.189999999999998,False,,743,gold
2024,1503101,15,PA,Gurupá,38.25,53.6,uf_fallback,Base dos Dados / CNCA,-15.350000000000001,False,,743,gold
2024,1508035,15,PA,Tracuateua,37.16,53.63,municipio,Base dos Dados / CNCA,-16.470000000000006,False,,743,gold
2024,1101500,11,RO,Seringueiras,66.06,65.81,municipio,Base dos Dados / CNCA,0.25,True,,743,gold
2024,2926103,29,BA,Retirolândia,23.58,25.46,municipio,Base dos Dados / CNCA,-1.8800000000000026,False,,743,gold
2024,2508802,25,PB,Malta,48.74,70.29,municipio,Base dos Dados / CNCA,-21.550000000000004,False,,743,gold
2024,2701308,27,AL,Cajueiro,33.4,33.95,municipio,Base dos Dados / CNCA,-0.5500000000000043,False,,743,gold
2024,5007109,50,MS,Ribas do Rio Pardo,42.87,41.16,municipio,Base dos Dados / CNCA,1.7100000000000009,True,,743,gold
2024,3126703,31,MG,Francisco Sá,43.35,47.71,municipio,Base dos Dados / CNCA,-4.359999999999999,False,,743,gold
2024,1301506,13,AM,Envira,42.34,56.8,uf_fallback,Base dos Dados / CNCA,-14.459999999999994,False,,743,gold
2024,1303569,13,AM,Rio Preto da Eva,46.76,42.05,municipio,Base dos Dados / CNCA,4.710000000000001,True,,743,gold
2024,2610400,26,PE,Parnamirim,58.91,53.79,municipio,Base dos Dados / CNCA,5.119999999999997,True,,743,gold
2024,2601607,26,PE,Belém do São Francisco,62.62,56.25,municipio,Base dos Dados / CNCA,6.369999999999997,True,,743,gold
2024,2930501,29,BA,Serrinha,19.92,32.42,municipio,Base dos Dados / CNCA,-12.5,False,,743,gold
2024,2401602,24,RN,Bento Fernandes,29.29,21.48,municipio,Base dos Dados / CNCA,7.809999999999999,True,,743,gold
2024,2702702,27,AL,Feliz Deserto,45.9,44.08,municipio,Base dos Dados / CNCA,1.8200000000000003,True,,743,gold
2024,3502002,35,SP,Analândia,68.65,50.32,municipio,Base dos Dados / CNCA,18.330000000000005,True,,743,gold
2024,3304904,33,RJ,São Gonçalo,43.71,51.23,municipio,Base dos Dados / CNCA,-7.519999999999996,False,,743,gold
2024,5221080,52,GO,Teresina de Goiás,62.3,60.67,municipio,Base dos Dados / CNCA,1.6299999999999955,True,,743,gold
2024,2602605,26,PE,Brejo da Madre de Deus,48.73,57.44,municipio,Base dos Dados / CNCA,-8.71,False,,743,gold
2024,3116001,31,MG,Chalé,66.0,80.0,municipio,Base dos Dados / CNCA,-14.0,False,,743,gold
2024,2909000,29,BA,Cordeiros,52.46,71.03,municipio,Base dos Dados / CNCA,-18.57,False,,743,gold
2024,2922904,29,BA,Nova Soure,31.41,29.32,municipio,Base dos Dados / CNCA,2.09,True,,743,gold
2024,3301504,33,RJ,Cordeiro,64.16,62.66,municipio,Base dos Dados / CNCA,1.5,True,,743,gold
2024,5209903,52,GO,Iaciara,65.45,66.63,municipio,Base dos Dados / CNCA,-1.1799999999999926,False,,743,gold
2024,2919157,29,BA,Lapão,25.25,32.3,municipio,Base dos Dados / CNCA,-7.049999999999997,False,,743,gold
2024,4318507,43,RS,São José do Norte,41.4,58.23,municipio,Base dos Dados / CNCA,-16.83,False,,743,gold
2024,4310538,43,RS,Itaara,38.5,62.43,municipio,Base dos Dados / CNCA,-23.93,False,,743,gold
2024,1505064,15,PA,Novo Repartimento,47.88,59.65,municipio,Base dos Dados / CNCA,-11.769999999999996,False,,743,gold
2024,1506203,15,PA,Salinópolis,50.44,49.14,municipio,Base dos Dados / CNCA,1.2999999999999972,True,,743,gold
2024,2414209,24,RN,Tibau do Sul,24.98,24.51,municipio,Base dos Dados / CNCA,0.46999999999999886,True,,743,gold
2024,2413102,24,RN,Senador Elói de Souza,25.42,43.8,uf_fallback,Base dos Dados / CNCA,-18.379999999999995,False,,743,gold
2024,1300839,13,AM,Caapiranga,31.85,56.8,uf_fallback,Base dos Dados / CNCA,-24.949999999999996,False,,743,gold
2024,2906600,29,BA,Candiba,41.67,52.13,municipio,Base dos Dados / CNCA,-10.46,False,,743,gold
2024,3160801,31,MG,São Bento Abade,76.67,61.84,municipio,Base dos Dados / CNCA,14.829999999999998,True,,743,gold
2024,2801207,28,SE,Canindé de São Francisco,26.66,29.89,municipio,Base dos Dados / CNCA,-3.2300000000000004,False,,743,gold
2024,4203709,42,SC,Canelinha,41.17,62.71,municipio,Base dos Dados / CNCA,-21.54,False,,743,gold
2024,2920452,29,BA,Mansidão,37.29,37.76,municipio,Base dos Dados / CNCA,-0.46999999999999886,False,,743,gold
2024,2603306,26,PE,Calçado,40.68,61.11,municipio,Base dos Dados / CNCA,-20.43,False,,743,gold
2024,1508159,15,PA,Uruará,60.84,67.88,municipio,Base dos Dados / CNCA,-7.039999999999992,False,,743,gold
2024,3305752,33,RJ,Tanguá,54.46,59.49,municipio,Base dos Dados / CNCA,-5.030000000000001,False,,743,gold
2024,2922656,29,BA,Nordestina,26.14,38.28,municipio,Base dos Dados / CNCA,-12.14,False,,743,gold
2024,2409902,24,RN,Pendências,33.3,47.04,municipio,Base dos Dados / CNCA,-13.740000000000002,False,,743,gold
2024,4123857,41,PR,Santa Maria do Oeste,70.26,76.81,municipio,Base dos Dados / CNCA,-6.549999999999997,False,,743,gold
2024,1504109,15,PA,Magalhães Barata,60.05,58.32,municipio,Base dos Dados / CNCA,1.7299999999999969,True,,743,gold
2024,4121257,41,PR,Ramilândia,77.23,80.0,municipio,Base dos Dados / CNCA,-2.769999999999996,False,,743,gold
2024,1508100,15,PA,Tucuruí,44.7,43.83,municipio,Base dos Dados / CNCA,0.8700000000000045,True,,743,gold
2024,1200138,12,AC,Bujari,25.28,59.9,uf_fallback,Base dos Dados / CNCA,-34.62,False,,743,gold
2024,1507409,15,PA,São Francisco do Pará,37.44,43.6,municipio,Base dos Dados / CNCA,-6.160000000000004,False,,743,gold
2024,2609808,26,PE,Orocó,50.86,51.44,municipio,Base dos Dados / CNCA,-0.5799999999999983,False,,743,gold
2024,2913200,29,BA,Ibotirama,32.87,48.37,municipio,Base dos Dados / CNCA,-15.5,False,,743,gold
2024,4312302,43,RS,Miraguaí,46.8,79.13,municipio,Base dos Dados / CNCA,-32.33,False,,743,gold
2024,4313953,43,RS,Pantano Grande,29.0,73.69,municipio,Base dos Dados / CNCA,-44.69,False,,743,gold
2024,2933208,29,BA,Vera Cruz,38.27,45.5,municipio,Base dos Dados / CNCA,-7.229999999999997,False,,743,gold
2024,1501782,15,PA,Breu Branco,50.55,38.27,municipio,Base dos Dados / CNCA,12.279999999999994,True,,743,gold
2024,2907004,29,BA,Cardeal da Silva,33.04,33.87,municipio,Base dos Dados / CNCA,-0.8299999999999983,False,,743,gold
2024,4216503,42,SC,São Joaquim,43.8,41.26,municipio,Base dos Dados / CNCA,2.539999999999999,True,,743,gold
2024,2900603,29,BA,Aiquara,26.32,36.39,municipio,Base dos Dados / CNCA,-10.07,False,,743,gold
2024,2600708,26,PE,Aliança,39.22,59.27,municipio,Base dos Dados / CNCA,-20.050000000000004,False,,743,gold
2024,2918555,29,BA,Jussari,31.58,42.54,municipio,Base dos Dados / CNCA,-10.96,False,,743,gold
2024,2905404,29,BA,Cairu,32.87,43.5,municipio,Base dos Dados / CNCA,-10.630000000000003,False,,743,gold
2024,2805505,28,SE,Poço Verde,40.54,37.82,municipio,Base dos Dados / CNCA,2.719999999999999,True,,743,gold
2024,4113601,41,PR,Lobato,54.92,64.86,municipio,Base dos Dados / CNCA,-9.939999999999998,False,,743,gold
2024,3300308,33,RJ,Barra do Piraí,48.01,50.89,municipio,Base dos Dados / CNCA,-2.8800000000000026,False,,743,gold
2024,4211058,42,SC,Monte Carlo,52.67,66.43,municipio,Base dos Dados / CNCA,-13.760000000000005,False,,743,gold
2024,2109551,21,MA,Ribamar Fiquene,50.14,58.51,municipio,Base dos Dados / CNCA,-8.369999999999997,False,,743,gold
2024,2807501,28,SE,Tomar do Geru,40.43,48.79,municipio,Base dos Dados / CNCA,-8.36,False,,743,gold
2024,2701902,27,AL,Chã Preta,51.71,49.65,municipio,Base dos Dados / CNCA,2.0600000000000023,True,,743,gold
2024,1506559,15,PA,Santa Luzia do Pará,39.77,60.36,municipio,Base dos Dados / CNCA,-20.589999999999996,False,,743,gold
2024,2906907,29,BA,Caravelas,49.78,47.08,municipio,Base dos Dados / CNCA,2.700000000000003,True,,743,gold
2024,2109270,21,MA,Presidente Sarney,39.6,65.63,municipio,Base dos Dados / CNCA,-26.029999999999994,False,,743,gold
2024,3518859,35,SP,Guatapará,33.82,67.08,municipio,Base dos Dados / CNCA,-33.26,False,,743,gold
2024,2925501,29,BA,Prado,32.74,41.65,municipio,Base dos Dados / CNCA,-8.909999999999997,False,,743,gold
2024,1301605,13,AM,Fonte Boa,44.45,56.8,uf_fallback,Base dos Dados / CNCA,-12.349999999999994,False,,743,gold
2024,1507706,15,PA,São Sebastião da Boa Vista,47.41,53.3,municipio,Base dos Dados / CNCA,-5.890000000000001,False,,743,gold
2024,2104073,21,MA,Feira Nova do Maranhão,65.38,80.0,municipio,Base dos Dados / CNCA,-14.620000000000005,False,,743,gold
2024,1600501,16,AP,Oiapoque,21.03,33.3,municipio,Base dos Dados / CNCA,-12.269999999999996,False,,743,gold
2024,2918407,29,BA,Juazeiro,29.31,38.21,municipio,Base dos Dados / CNCA,-8.900000000000002,False,,743,gold
2024,2909208,29,BA,Coronel João Sá,36.04,35.85,municipio,Base dos Dados / CNCA,0.18999999999999773,True,,743,gold
2024,1703909,17,TO,Caseara,31.53,23.89,municipio,Base dos Dados / CNCA,7.640000000000001,True,,743,gold
2024,2924603,29,BA,Pindobaçu,39.19,41.0,municipio,Base dos Dados / CNCA,-1.8100000000000023,False,,743,gold
2024,4107256,41,PR,Douradina,68.96,55.19,municipio,Base dos Dados / CNCA,13.769999999999996,True,,743,gold
2024,2906808,29,BA,Cansanção,23.19,36.8,municipio,Base dos Dados / CNCA,-13.609999999999996,False,,743,gold
2024,1503457,15,PA,Ipixuna do Pará,42.95,46.0,municipio,Base dos Dados / CNCA,-3.049999999999997,False,,743,gold
2024,2609402,26,PE,Moreno,43.93,57.79,municipio,Base dos Dados / CNCA,-13.86,False,,743,gold
2024,4124004,41,PR,Santana do Itararé,54.43,78.52,municipio,Base dos Dados / CNCA,-24.089999999999996,False,,743,gold
2024,2930154,29,BA,Serra do Ramalho,26.65,42.83,municipio,Base dos Dados / CNCA,-16.18,False,,743,gold
2024,2805307,28,SE,Pirambu,37.68,33.03,municipio,Base dos Dados / CNCA,4.649999999999999,True,,743,gold
2024,2913457,29,BA,Igrapiúna,43.64,37.38,municipio,Base dos Dados / CNCA,6.259999999999998,True,,743,gold
2024,1302009,13,AM,Itapiranga,33.25,56.8,uf_fallback,Base dos Dados / CNCA,-23.549999999999997,False,,743,gold
2024,2909505,29,BA,Cravolândia,34.55,61.09,municipio,Base dos Dados / CNCA,-26.540000000000006,False,,743,gold
2024,3300803,33,RJ,Cachoeiras de Macacu,49.28,55.43,municipio,Base dos Dados / CNCA,-6.149999999999999,False,,743,gold
2024,4322103,43,RS,Tucunduva,46.9,66.2,uf_fallback,Base dos Dados / CNCA,-19.300000000000004,False,,743,gold
2024,2111904,21,MA,Sucupira do Norte,60.0,54.91,municipio,Base dos Dados / CNCA,5.090000000000003,True,,743,gold
2024,2901403,29,BA,Angical,28.44,44.53,municipio,Base dos Dados / CNCA,-16.09,False,,743,gold
2024,2914901,29,BA,Itacaré,31.19,39.28,municipio,Base dos Dados / CNCA,-8.09,False,,743,gold
2024,3302056,33,RJ,Italva,61.79,58.72,municipio,Base dos Dados / CNCA,3.0700000000000003,True,,743,gold
2024,2104404,21,MA,Gonçalves Dias,66.96,50.85,municipio,Base dos Dados / CNCA,16.109999999999992,True,,743,gold
2024,2804607,28,SE,Nossa Senhora das Dores,28.34,39.64,municipio,Base dos Dados / CNCA,-11.3,False,,743,gold
2024,1505007,15,PA,Nova Timboteua,51.68,55.21,municipio,Base dos Dados / CNCA,-3.530000000000001,False,,743,gold
2024,4120333,41,PR,Prado Ferreira,73.85,77.14,municipio,Base dos Dados / CNCA,-3.2900000000000063,False,,743,gold
2024,4205209,42,SC,Erval Velho,58.15,60.39,municipio,Base dos Dados / CNCA,-2.240000000000002,False,,743,gold
2024,1304062,13,AM,Tabatinga,40.36,47.62,municipio,Base dos Dados / CNCA,-7.259999999999998,False,,743,gold
2024,5007703,50,MS,Sete Quedas,53.09,58.52,municipio,Base dos Dados / CNCA,-5.43,False,,743,gold
2024,2603603,26,PE,Camutanga,66.81,60.07,municipio,Base dos Dados / CNCA,6.740000000000002,True,,743,gold
2024,2509206,25,PB,Massaranduba,40.69,50.02,municipio,Base dos Dados / CNCA,-9.330000000000005,False,,743,gold
2024,1703867,17,TO,Cariri do Tocantins,52.01,22.48,municipio,Base dos Dados / CNCA,29.529999999999998,True,,743,gold
2024,2103208,21,MA,Chapadinha,41.58,52.46,municipio,Base dos Dados / CNCA,-10.880000000000003,False,,743,gold
2024,1100403,11,RO,Alto Paraíso,60.45,64.58,municipio,Base dos Dados / CNCA,-4.1299999999999955,False,,743,gold
2024,2909307,29,BA,Correntina,26.64,43.32,municipio,Base dos Dados / CNCA,-16.68,False,,743,gold
2024,4218301,42,SC,Três Barras,49.49,54.77,municipio,Base dos Dados / CNCA,-5.280000000000001,False,,743,gold
2024,2100303,21,MA,Aldeias Altas,45.37,69.85,municipio,Base dos Dados / CNCA,-24.479999999999997,False,,743,gold
2024,2609204,26,PE,Maraial,58.48,70.93,municipio,Base dos Dados / CNCA,-12.45000000000001,False,,743,gold
2024,2601102,26,PE,Araripina,52.06,60.73,municipio,Base dos Dados / CNCA,-8.669999999999995,False,,743,gold
2024,2912400,29,BA,Ibipeba,36.88,36.9,municipio,Base dos Dados / CNCA,-0.01999999999999602,False,,743,gold
2024,1507953,15,PA,Tailândia,37.9,44.19,municipio,Base dos Dados / CNCA,-6.289999999999999,False,,743,gold
2024,1502855,15,PA,Curuá,42.47,44.07,municipio,Base dos Dados / CNCA,-1.6000000000000014,False,,743,gold
2024,4306502,43,RS,Dom Feliciano,43.7,63.01,municipio,Base dos Dados / CNCA,-19.309999999999995,False,,743,gold
2024,1500859,15,PA,Anapu,48.45,53.88,municipio,Base dos Dados / CNCA,-5.43,False,,743,gold
2024,2911808,29,BA,Guaratinga,22.64,29.89,municipio,Base dos Dados / CNCA,-7.25,False,,743,gold
2024,2802908,28,SE,Itabaiana,40.82,33.84,municipio,Base dos Dados / CNCA,6.979999999999997,True,,743,gold
2024,1507151,15,PA,São Domingos do Araguaia,40.37,51.56,municipio,Base dos Dados / CNCA,-11.190000000000005,False,,743,gold
2024,2503803,25,PB,Caldas Brandão,32.4,59.08,municipio,Base dos Dados / CNCA,-26.68,False,,743,gold
2024,4110904,41,PR,Itaguajé,76.11,62.76,municipio,Base dos Dados / CNCA,13.350000000000001,True,,743,gold
2024,1501006,15,PA,Aveiro,64.37,61.01,municipio,Base dos Dados / CNCA,3.3600000000000065,True,,743,gold
2024,2929255,29,BA,São Gabriel,33.54,40.09,municipio,Base dos Dados / CNCA,-6.550000000000004,False,,743,gold
2024,2919553,29,BA,Luís Eduardo Magalhães,35.72,36.53,municipio,Base dos Dados / CNCA,-0.8100000000000023,False,,743,gold
2024,2907103,29,BA,Carinhanha,31.96,35.7,municipio,Base dos Dados / CNCA,-3.740000000000002,False,,743,gold
2024,2933604,29,BA,Xique-Xique,32.25,38.06,municipio,Base dos Dados / CNCA,-5.810000000000002,False,,743,gold
2024,4108601,41,PR,Goioerê,63.77,72.0,municipio,Base dos Dados / CNCA,-8.229999999999997,False,,743,gold
2024,2906402,29,BA,Candeal,30.77,37.97,municipio,Base dos Dados / CNCA,-7.199999999999999,False,,743,gold
2024,1501303,15,PA,Barcarena,39.5,51.99,municipio,Base dos Dados / CNCA,-12.490000000000002,False,,743,gold
2024,1504208,15,PA,Marabá,50.68,56.17,municipio,Base dos Dados / CNCA,-5.490000000000002,False,,743,gold
2024,4106001,41,PR,Congonhinhas,41.19,70.6,municipio,Base dos Dados / CNCA,-29.409999999999997,False,,743,gold
2024,1304203,13,AM,Tefé,43.78,56.8,uf_fallback,Base dos Dados / CNCA,-13.019999999999996,False,,743,gold
2024,3304755,33,RJ,São Francisco de Itabapoana,47.47,49.36,municipio,Base dos Dados / CNCA,-1.8900000000000006,False,,743,gold
2024,4125001,41,PR,São João do Ivaí,73.17,64.52,municipio,Base dos Dados / CNCA,8.650000000000006,True,,743,gold
2024,2201705,22,PI,Bertolínia,43.42,62.88,municipio,Base dos Dados / CNCA,-19.46,False,,743,gold
2024,2414159,24,RN,Tenente Laurentino Cruz,37.18,50.34,municipio,Base dos Dados / CNCA,-13.160000000000004,False,,743,gold
2024,1200054,12,AC,Assis Brasil,49.17,59.9,uf_fallback,Base dos Dados / CNCA,-10.729999999999997,False,,743,gold
2024,1506401,15,PA,Santa Cruz do Arari,52.31,54.82,municipio,Base dos Dados / CNCA,-2.509999999999998,False,,743,gold
2024,1722081,17,TO,Wanderlândia,41.89,41.91,municipio,Base dos Dados / CNCA,-0.01999999999999602,False,,743,gold
2024,2511301,25,PB,Piancó,38.92,53.95,municipio,Base dos Dados / CNCA,-15.030000000000001,False,,743,gold
2024,1508407,15,PA,Xinguara,49.27,54.82,municipio,Base dos Dados / CNCA,-5.549999999999997,False,,743,gold
2024,3304300,33,RJ,Rio Bonito,57.46,59.87,municipio,Base dos Dados / CNCA,-2.4099999999999966,False,,743,gold
2024,2908309,29,BA,Conceição do Almeida,41.18,58.18,municipio,Base dos Dados / CNCA,-17.0,False,,743,gold
2024,2928950,29,BA,São Domingos,52.94,32.49,municipio,Base dos Dados / CNCA,20.449999999999996,True,,743,gold
2024,2910404,29,BA,Encruzilhada,37.25,47.92,municipio,Base dos Dados / CNCA,-10.670000000000002,False,,743,gold
2024,2102325,21,MA,Buriticupu,43.21,45.58,municipio,Base dos Dados / CNCA,-2.3699999999999974,False,,743,gold
2024,3305604,33,RJ,Silva Jardim,57.35,59.47,municipio,Base dos Dados / CNCA,-2.1199999999999974,False,,743,gold
2024,2806602,28,SE,Santo Amaro das Brotas,37.62,41.37,municipio,Base dos Dados / CNCA,-3.75,False,,743,gold
2024,1508084,15,PA,Tucumã,48.54,62.31,municipio,Base dos Dados / CNCA,-13.770000000000003,False,,743,gold
2024,2913408,29,BA,Igaporã,42.57,60.96,municipio,Base dos Dados / CNCA,-18.39,False,,743,gold
2024,5003504,50,MS,Douradina,68.7,35.93,municipio,Base dos Dados / CNCA,32.77,True,,743,gold
2024,2930774,29,BA,Sobradinho,34.44,33.65,municipio,Base dos Dados / CNCA,0.7899999999999991,True,,743,gold
2024,2923407,29,BA,Palmas de Monte Alto,35.76,51.09,municipio,Base dos Dados / CNCA,-15.330000000000005,False,,743,gold
2024,2909604,29,BA,Crisópolis,43.05,55.2,municipio,Base dos Dados / CNCA,-12.150000000000006,False,,743,gold
2024,1505635,15,PA,Piçarra,57.18,61.89,municipio,Base dos Dados / CNCA,-4.710000000000001,False,,743,gold
2024,2109304,21,MA,Presidente Vargas,47.82,50.02,municipio,Base dos Dados / CNCA,-2.200000000000003,False,,743,gold
2024,2902658,29,BA,Banzaê,26.67,46.98,municipio,Base dos Dados / CNCA,-20.309999999999995,False,,743,gold
2024,1506138,15,PA,Redenção,58.25,59.2,municipio,Base dos Dados / CNCA,-0.9500000000000028,False,,743,gold
2024,3127339,31,MG,Gameleiras,65.52,47.75,municipio,Base dos Dados / CNCA,17.769999999999996,True,,743,gold
2024,2928000,29,BA,Santaluz,29.15,32.3,municipio,Base dos Dados / CNCA,-3.1499999999999986,False,,743,gold
2024,2600054,26,PE,Abreu e Lima,46.4,52.75,municipio,Base dos Dados / CNCA,-6.350000000000001,False,,743,gold
2024,2927200,29,BA,Ruy Barbosa,27.94,44.71,municipio,Base dos Dados / CNCA,-16.77,False,,743,gold
2024,2804409,28,SE,Neópolis,30.98,28.33,municipio,Base dos Dados / CNCA,2.650000000000002,True,,743,gold
2024,1300680,13,AM,Boa Vista do Ramos,37.21,33.37,municipio,Base dos Dados / CNCA,3.8400000000000034,True,,743,gold
2024,1303536,13,AM,Presidente Figueiredo,35.31,41.0,municipio,Base dos Dados / CNCA,-5.689999999999998,False,,743,gold
2024,4314035,43,RS,Pareci Novo,54.0,74.1,municipio,Base dos Dados / CNCA,-20.099999999999994,False,,743,gold
2024,2928604,29,BA,Santo Amaro,36.96,49.62,municipio,Base dos Dados / CNCA,-12.659999999999997,False,,743,gold
2024,2932606,29,BA,Urandi,40.54,62.68,municipio,Base dos Dados / CNCA,-22.14,False,,743,gold
2024,2910800,29,BA,Feira de Santana,33.19,38.95,municipio,Base dos Dados / CNCA,-5.760000000000005,False,,743,gold
2024,2923209,29,BA,Oliveira dos Brejinhos,39.29,44.58,municipio,Base dos Dados / CNCA,-5.289999999999999,False,,743,gold
2024,1303908,13,AM,São Paulo de Olivença,36.71,40.03,municipio,Base dos Dados / CNCA,-3.3200000000000003,False,,743,gold
2024,1506609,15,PA,Santa Maria do Pará,39.79,53.6,uf_fallback,Base dos Dados / CNCA,-13.810000000000002,False,,743,gold
2024,2922755,29,BA,Nova Ibiá,48.98,55.22,municipio,Base dos Dados / CNCA,-6.240000000000002,False,,743,gold
2024,1502756,15,PA,Concórdia do Pará,54.24,46.82,municipio,Base dos Dados / CNCA,7.420000000000002,True,,743,gold
2024,2919603,29,BA,Macajuba,30.14,25.55,municipio,Base dos Dados / CNCA,4.59,True,,743,gold
2024,2902906,29,BA,Barra do Choça,30.6,42.76,municipio,Base dos Dados / CNCA,-12.159999999999997,False,,743,gold
2024,5002902,50,MS,Cassilândia,54.38,44.23,municipio,Base dos Dados / CNCA,10.150000000000006,True,,743,gold
2024,1505700,15,PA,Ponta de Pedras,58.0,45.11,municipio,Base dos Dados / CNCA,12.89,True,,743,gold
2024,1100148,11,RO,Nova Brasilândia D'Oeste,75.61,75.6,municipio,Base dos Dados / CNCA,0.010000000000005116,True,,743,gold
2024,2107308,21,MA,Nova Iorque,51.24,77.81,municipio,Base dos Dados / CNCA,-26.57,False,,743,gold
2024,1504406,15,PA,Marapanim,45.42,35.89,municipio,Base dos Dados / CNCA,9.530000000000001,True,,743,gold
2024,2704807,27,AL,Maribondo,41.5,52.02,municipio,Base dos Dados / CNCA,-10.520000000000003,False,,743,gold
2024,1500602,15,PA,Altamira,45.32,52.09,municipio,Base dos Dados / CNCA,-6.770000000000003,False,,743,gold
2024,1506302,15,PA,Salvaterra,49.47,56.58,municipio,Base dos Dados / CNCA,-7.109999999999999,False,,743,gold
2024,1504976,15,PA,Nova Ipixuna,52.55,50.09,municipio,Base dos Dados / CNCA,2.4599999999999937,True,,743,gold
2024,2910701,29,BA,Euclides da Cunha,31.34,39.98,municipio,Base dos Dados / CNCA,-8.639999999999997,False,,743,gold
2024,2904902,29,BA,Cachoeira,33.06,32.07,municipio,Base dos Dados / CNCA,0.990000000000002,True,,743,gold
2024,3305208,33,RJ,São Pedro da Aldeia,55.74,60.17,municipio,Base dos Dados / CNCA,-4.43,False,,743,gold
2024,1506005,15,PA,Prainha,43.28,61.1,municipio,Base dos Dados / CNCA,-17.82,False,,743,gold
2024,3303302,33,RJ,Niterói,51.2,56.56,municipio,Base dos Dados / CNCA,-5.359999999999999,False,,743,gold
2024,5212907,52,GO,Marzagão,83.33,80.0,municipio,Base dos Dados / CNCA,3.3299999999999983,True,,743,gold
2024,2905602,29,BA,Camacan,24.61,40.84,municipio,Base dos Dados / CNCA,-16.230000000000004,False,,743,gold
2024,4213302,42,SC,Ponte Alta,55.08,47.14,municipio,Base dos Dados / CNCA,7.939999999999998,True,,743,gold
2024,2802809,28,SE,Indiaroba,34.31,44.78,municipio,Base dos Dados / CNCA,-10.469999999999999,False,,743,gold
2024,5002100,50,MS,Bela Vista,48.18,49.58,municipio,Base dos Dados / CNCA,-1.3999999999999986,False,,743,gold
2024,5008404,50,MS,Vicentina,54.36,67.77,municipio,Base dos Dados / CNCA,-13.409999999999997,False,,743,gold
2024,2409803,24,RN,Pedro Velho,24.05,23.8,municipio,Base dos Dados / CNCA,0.25,True,,743,gold
2024,2919207,29,BA,Lauro de Freitas,28.75,36.74,municipio,Base dos Dados / CNCA,-7.990000000000002,False,,743,gold
2024,2705200,27,AL,Messias,41.87,37.86,municipio,Base dos Dados / CNCA,4.009999999999998,True,,743,gold
2024,4304630,43,RS,Capão da Canoa,37.4,66.2,uf_fallback,Base dos Dados / CNCA,-28.800000000000004,False,,743,gold
2024,2807402,28,SE,Tobias Barreto,46.26,47.95,municipio,Base dos Dados / CNCA,-1.6900000000000048,False,,743,gold
2024,2102101,21,MA,Brejo,58.08,55.2,municipio,Base dos Dados / CNCA,2.8799999999999955,True,,743,gold
2024,2413409,24,RN,Serra Negra do Norte,31.59,33.05,municipio,Base dos Dados / CNCA,-1.4599999999999973,False,,743,gold
2024,2917334,29,BA,Iuiú,25.53,54.11,municipio,Base dos Dados / CNCA,-28.58,False,,743,gold
2024,2804458,28,SE,Nossa Senhora Aparecida,59.01,44.57,municipio,Base dos Dados / CNCA,14.439999999999998,True,,743,gold
2024,2931202,29,BA,Taperoá,47.52,45.23,municipio,Base dos Dados / CNCA,2.2900000000000063,True,,743,gold
2024,4100459,41,PR,Altamira do Paraná,74.47,79.21,municipio,Base dos Dados / CNCA,-4.739999999999995,False,,743,gold
2024,2909109,29,BA,Coribe,30.71,52.66,municipio,Base dos Dados / CNCA,-21.949999999999996,False,,743,gold
2024,1502764,15,PA,Cumaru do Norte,45.2,55.05,municipio,Base dos Dados / CNCA,-9.849999999999994,False,,743,gold
2024,1505809,15,PA,Portel,40.72,49.51,municipio,Base dos Dados / CNCA,-8.79,False,,743,gold
2024,1717909,17,TO,Ponte Alta do Tocantins,30.99,52.89,municipio,Base dos Dados / CNCA,-21.900000000000002,False,,743,gold
2024,2415008,24,RN,Vila Flor,39.06,26.43,municipio,Base dos Dados / CNCA,12.630000000000003,True,,743,gold
2024,2927903,29,BA,Santa Inês,47.31,52.67,municipio,Base dos Dados / CNCA,-5.359999999999999,False,,743,gold
2024,4305173,43,RS,Cerro Grande do Sul,42.8,61.22,municipio,Base dos Dados / CNCA,-18.42,False,,743,gold
2024,1300805,13,AM,Borba,41.24,35.51,municipio,Base dos Dados / CNCA,5.730000000000004,True,,743,gold
2024,5001904,50,MS,Bataguassu,52.31,44.18,municipio,Base dos Dados / CNCA,8.130000000000003,True,,743,gold
2024,3301306,33,RJ,Casimiro de Abreu,58.33,59.09,municipio,Base dos Dados / CNCA,-0.7600000000000051,False,,743,gold
2024,2611309,26,PE,Pombos,40.45,52.33,municipio,Base dos Dados / CNCA,-11.879999999999995,False,,743,gold
2024,4319208,43,RS,São Nicolau,36.6,61.56,municipio,Base dos Dados / CNCA,-24.96,False,,743,gold
2024,1703057,17,TO,Bandeirantes do Tocantins,36.96,42.34,municipio,Base dos Dados / CNCA,-5.380000000000003,False,,743,gold
2024,3167905,31,MG,Tabuleiro,74.43,80.0,municipio,Base dos Dados / CNCA,-5.569999999999993,False,,743,gold
2024,4301800,43,RS,Barracão,56.4,74.37,municipio,Base dos Dados / CNCA,-17.970000000000006,False,,743,gold
2024,1303007,13,AM,Nhamundá,59.5,67.18,municipio,Base dos Dados / CNCA,-7.680000000000007,False,,743,gold
2024,2913606,29,BA,Ilhéus,26.63,39.22,municipio,Base dos Dados / CNCA,-12.59,False,,743,gold
2024,2913705,29,BA,Inhambupe,30.13,36.61,municipio,Base dos Dados / CNCA,-6.48,False,,743,gold
2024,2106706,21,MA,Mirador,55.82,41.77,municipio,Base dos Dados / CNCA,14.049999999999997,True,,743,gold
2024,1504950,15,PA,Nova Esperança do Piriá,50.02,42.35,municipio,Base dos Dados / CNCA,7.670000000000002,True,,743,gold
2024,2107407,21,MA,Olho d'Água das Cunhãs,58.91,58.25,municipio,Base dos Dados / CNCA,0.6599999999999966,True,,743,gold
2024,4112306,41,PR,Japira,64.46,76.34,municipio,Base dos Dados / CNCA,-11.88000000000001,False,,743,gold
2024,1504059,15,PA,Mãe do Rio,46.97,51.07,municipio,Base dos Dados / CNCA,-4.100000000000001,False,,743,gold
2024,2903904,29,BA,Bom Jesus da Lapa,34.55,40.73,municipio,Base dos Dados / CNCA,-6.18,False,,743,gold
2024,2704203,27,AL,Limoeiro de Anadia,44.61,49.3,municipio,Base dos Dados / CNCA,-4.689999999999998,False,,743,gold
2024,2903276,29,BA,Barrocas,46.15,48.11,municipio,Base dos Dados / CNCA,-1.9600000000000009,False,,743,gold
2024,1502202,15,PA,Capanema,59.24,64.97,municipio,Base dos Dados / CNCA,-5.729999999999997,False,,743,gold
2024,2105658,21,MA,Junco do Maranhão,67.86,80.0,municipio,Base dos Dados / CNCA,-12.14,False,,743,gold
2024,2509057,25,PB,Marcação,22.15,70.7,municipio,Base dos Dados / CNCA,-48.550000000000004,False,,743,gold
2024,2925006,29,BA,Planalto,24.31,46.35,municipio,Base dos Dados / CNCA,-22.040000000000003,False,,743,gold
2024,2930303,29,BA,Serra Dourada,33.09,36.13,municipio,Base dos Dados / CNCA,-3.039999999999999,False,,743,gold
2024,2109056,21,MA,Porto Rico do Maranhão,34.42,74.78,municipio,Base dos Dados / CNCA,-40.36,False,,743,gold
2024,2705408,27,AL,Monteirópolis,31.11,42.02,municipio,Base dos Dados / CNCA,-10.910000000000004,False,,743,gold
2024,2930402,29,BA,Serra Preta,36.67,38.83,municipio,Base dos Dados / CNCA,-2.1599999999999966,False,,743,gold
2024,2204907,22,PI,Isaías Coelho,34.44,35.03,municipio,Base dos Dados / CNCA,-0.5900000000000034,False,,743,gold
2024,1200393,12,AC,Porto Walter,39.79,59.9,uf_fallback,Base dos Dados / CNCA,-20.11,False,,743,gold
2024,4100400,41,PR,Almirante Tamandaré,45.12,57.0,municipio,Base dos Dados / CNCA,-11.880000000000003,False,,743,gold
2024,3140209,31,MG,Maripá de Minas,59.26,67.84,municipio,Base dos Dados / CNCA,-8.580000000000005,False,,743,gold
2024,1717800,17,TO,Ponte Alta do Bom Jesus,44.56,15.03,municipio,Base dos Dados / CNCA,29.53,True,,743,gold
2024,2102374,21,MA,Cachoeira Grande,56.05,47.28,municipio,Base dos Dados / CNCA,8.769999999999996,True,,743,gold
2024,1501600,15,PA,Bonito,32.2,43.59,municipio,Base dos Dados / CNCA,-11.39,False,,743,gold
2024,3127057,31,MG,Fronteira dos Vales,65.19,43.82,municipio,Base dos Dados / CNCA,21.369999999999997,True,,743,gold
2024,2406205,24,RN,Lagoa d'Anta,29.12,43.8,uf_fallback,Base dos Dados / CNCA,-14.679999999999996,False,,743,gold
2024,3142809,31,MG,Monte Alegre de Minas,56.72,75.58,municipio,Base dos Dados / CNCA,-18.86,False,,743,gold
2024,3122504,31,MG,Dom Cavati,73.35,75.54,municipio,Base dos Dados / CNCA,-2.190000000000012,False,,743,gold
2024,2601003,26,PE,Angelim,62.41,65.01,municipio,Base dos Dados / CNCA,-2.6000000000000085,False,,743,gold
2024,2906006,29,BA,Campo Formoso,39.03,43.38,municipio,Base dos Dados / CNCA,-4.350000000000001,False,,743,gold
2024,1715101,17,TO,Novo Acordo,36.09,45.59,municipio,Base dos Dados / CNCA,-9.5,False,,743,gold
2024,2101400,21,MA,Balsas,39.54,46.12,municipio,Base dos Dados / CNCA,-6.579999999999998,False,,743,gold
2024,3154150,31,MG,Reduto,85.67,45.77,municipio,Base dos Dados / CNCA,39.9,True,,743,gold
2024,2929701,29,BA,Sátiro Dias,30.68,22.02,municipio,Base dos Dados / CNCA,8.66,True,,743,gold
2024,3532157,35,SP,Nantes,36.18,62.7,municipio,Base dos Dados / CNCA,-26.520000000000003,False,,743,gold
2024,3127073,31,MG,Fruta de Leite,66.89,63.2,uf_fallback,Base dos Dados / CNCA,3.6899999999999977,True,,743,gold
2024,4103602,41,PR,Cambará,58.04,65.41,municipio,Base dos Dados / CNCA,-7.369999999999997,False,,743,gold
2024,2103802,21,MA,Dom Pedro,43.95,46.62,municipio,Base dos Dados / CNCA,-2.6699999999999946,False,,743,gold
2024,4120507,41,PR,Primeiro de Maio,62.66,56.15,municipio,Base dos Dados / CNCA,6.509999999999998,True,,743,gold
2024,3153301,31,MG,Presidente Kubitschek,79.86,76.39,municipio,Base dos Dados / CNCA,3.469999999999999,True,,743,gold
2024,1506500,15,PA,Santa Isabel do Pará,34.18,46.98,municipio,Base dos Dados / CNCA,-12.799999999999997,False,,743,gold
2024,2923001,29,BA,Nova Viçosa,37.21,60.29,municipio,Base dos Dados / CNCA,-23.08,False,,743,gold
2024,2807600,28,SE,Umbaúba,39.34,32.62,municipio,Base dos Dados / CNCA,6.720000000000006,True,,743,gold
2024,2911659,29,BA,Guajeru,36.78,36.33,municipio,Base dos Dados / CNCA,0.45000000000000284,True,,743,gold
2024,2806206,28,SE,Salgado,44.89,40.63,municipio,Base dos Dados / CNCA,4.259999999999998,True,,743,gold
2024,5004908,50,MS,Jaraguari,45.19,44.9,municipio,Base dos Dados / CNCA,0.28999999999999915,True,,743,gold
2024,2201770,22,PI,Boa Hora,47.16,62.26,municipio,Base dos Dados / CNCA,-15.100000000000001,False,,743,gold
2024,1301902,13,AM,Itacoatiara,49.37,51.78,municipio,Base dos Dados / CNCA,-2.4100000000000037,False,,743,gold
2024,1300029,13,AM,Alvarães,60.89,46.19,municipio,Base dos Dados / CNCA,14.700000000000003,True,,743,gold
2024,2925253,29,BA,Ponto Novo,36.99,30.38,municipio,Base dos Dados / CNCA,6.610000000000003,True,,743,gold
2024,2925956,29,BA,Rafael Jambeiro,33.53,53.58,municipio,Base dos Dados / CNCA,-20.049999999999997,False,,743,gold
2024,1507904,15,PA,Soure,52.41,65.61,municipio,Base dos Dados / CNCA,-13.200000000000003,False,,743,gold
2024,2801306,28,SE,Capela,35.78,40.4,municipio,Base dos Dados / CNCA,-4.619999999999997,False,,743,gold
2024,1710508,17,TO,Itacajá,41.1,63.69,municipio,Base dos Dados / CNCA,-22.589999999999996,False,,743,gold
2024,3305554,33,RJ,Seropédica,50.53,51.95,municipio,Base dos Dados / CNCA,-1.4200000000000017,False,,743,gold
2024,1101435,11,RO,Nova União,70.92,63.85,municipio,Base dos Dados / CNCA,7.07,True,,743,gold
2024,1101401,11,RO,Monte Negro,69.92,73.41,municipio,Base dos Dados / CNCA,-3.489999999999995,False,,743,gold
2024,1506807,15,PA,Santarém,51.29,59.08,municipio,Base dos Dados / CNCA,-7.789999999999999,False,,743,gold
2024,4303707,43,RS,Campina das Missões,50.3,80.0,municipio,Base dos Dados / CNCA,-29.700000000000003,False,,743,gold
2024,3136504,31,MG,Jordânia,55.77,63.2,uf_fallback,Base dos Dados / CNCA,-7.43,False,,743,gold
2024,3301108,33,RJ,Cantagalo,52.0,59.77,municipio,Base dos Dados / CNCA,-7.770000000000003,False,,743,gold
2024,2910057,29,BA,Dias d'Ávila,32.25,42.22,municipio,Base dos Dados / CNCA,-9.969999999999999,False,,743,gold
2024,2915601,29,BA,Itamaraju,37.41,49.84,municipio,Base dos Dados / CNCA,-12.430000000000007,False,,743,gold
2024,3126901,31,MG,Frei Inocêncio,64.71,57.56,municipio,Base dos Dados / CNCA,7.1499999999999915,True,,743,gold
2024,1505437,15,PA,Ourilândia do Norte,53.11,53.81,municipio,Base dos Dados / CNCA,-0.7000000000000028,False,,743,gold
2024,5005806,50,MS,Nioaque,60.98,58.26,municipio,Base dos Dados / CNCA,2.719999999999999,True,,743,gold
2024,2202653,22,PI,Caxingó,46.21,27.47,municipio,Base dos Dados / CNCA,18.740000000000002,True,,743,gold
2024,2923308,29,BA,Ouriçangas,50.59,42.62,municipio,Base dos Dados / CNCA,7.970000000000006,True,,743,gold
2024,4127908,41,PR,Tuneiras do Oeste,68.12,72.81,municipio,Base dos Dados / CNCA,-4.689999999999998,False,,743,gold
2024,5005152,50,MS,Juti,47.67,29.82,municipio,Base dos Dados / CNCA,17.85,True,,743,gold
2024,5007554,50,MS,Santa Rita do Pardo,51.3,53.47,municipio,Base dos Dados / CNCA,-2.1700000000000017,False,,743,gold
2024,2908903,29,BA,Coração de Maria,21.3,37.99,municipio,Base dos Dados / CNCA,-16.69,False,,743,gold
2024,2412559,24,RN,São Miguel do Gostoso,30.54,43.8,uf_fallback,Base dos Dados / CNCA,-13.259999999999998,False,,743,gold
2024,4200705,42,SC,Alfredo Wagner,46.43,64.5,uf_fallback,Base dos Dados / CNCA,-18.07,False,,743,gold
2024,2924678,29,BA,Piraí do Norte,42.86,43.4,uf_fallback,Base dos Dados / CNCA,-0.5399999999999991,False,,743,gold
2024,1503903,15,PA,Juruti,50.25,54.21,municipio,Base dos Dados / CNCA,-3.960000000000001,False,,743,gold
2024,2602100,26,PE,Bom Conselho,60.74,63.29,municipio,Base dos Dados / CNCA,-2.549999999999997,False,,743,gold
2024,2915353,29,BA,Itaguaçu da Bahia,32.8,28.02,municipio,Base dos Dados / CNCA,4.779999999999998,True,,743,gold
2024,2805802,28,SE,Riachão do Dantas,34.65,44.45,municipio,Base dos Dados / CNCA,-9.800000000000004,False,,743,gold
2024,2908507,29,BA,Conceição do Jacuípe,37.5,41.12,municipio,Base dos Dados / CNCA,-3.6199999999999974,False,,743,gold
2024,2611408,26,PE,Primavera,50.41,77.9,municipio,Base dos Dados / CNCA,-27.49000000000001,False,,743,gold
2024,4109203,41,PR,Guaraci,72.67,73.88,municipio,Base dos Dados / CNCA,-1.2099999999999937,False,,743,gold
2024,1500958,15,PA,Aurora do Pará,55.54,40.81,municipio,Base dos Dados / CNCA,14.729999999999997,True,,743,gold
2024,2413359,24,RN,Serra do Mel,27.68,39.61,municipio,Base dos Dados / CNCA,-11.93,False,,743,gold
2024,2914000,29,BA,Ipirá,34.46,37.07,municipio,Base dos Dados / CNCA,-2.6099999999999994,False,,743,gold
2024,2912103,29,BA,Ibicaraí,37.95,43.4,uf_fallback,Base dos Dados / CNCA,-5.449999999999996,False,,743,gold
2024,1506161,15,PA,Rio Maria,56.31,47.85,municipio,Base dos Dados / CNCA,8.46,True,,743,gold
2024,3121308,31,MG,Descoberto,73.05,65.54,municipio,Base dos Dados / CNCA,7.509999999999991,True,,743,gold
2024,1503705,15,PA,Itupiranga,44.08,48.62,municipio,Base dos Dados / CNCA,-4.539999999999999,False,,743,gold
2024,1301001,13,AM,Carauari,61.24,52.7,municipio,Base dos Dados / CNCA,8.54,True,,743,gold
2024,2107456,21,MA,Olinda Nova do Maranhão,37.64,80.0,municipio,Base dos Dados / CNCA,-42.36,False,,743,gold
2024,4209151,42,SC,José Boiteux,43.47,43.68,municipio,Base dos Dados / CNCA,-0.21000000000000085,False,,743,gold
2024,3171501,31,MG,Mathias Lobato,67.61,56.26,municipio,Base dos Dados / CNCA,11.350000000000001,True,,743,gold
2024,4218004,42,SC,Tijucas,17.91,64.5,uf_fallback,Base dos Dados / CNCA,-46.59,False,,743,gold
2024,2933059,29,BA,Várzea da Roça,20.73,39.52,municipio,Base dos Dados / CNCA,-18.790000000000003,False,,743,gold
2024,4311627,43,RS,Lindolfo Collor,39.0,69.56,municipio,Base dos Dados / CNCA,-30.560000000000002,False,,743,gold
2024,2700607,27,AL,Barra de São Miguel,39.04,38.79,municipio,Base dos Dados / CNCA,0.25,True,,743,gold
2024,1503408,15,PA,Inhangapi,45.41,29.0,municipio,Base dos Dados / CNCA,16.409999999999997,True,,743,gold
2024,3156502,31,MG,Rubelita,76.83,80.0,municipio,Base dos Dados / CNCA,-3.1700000000000017,False,,743,gold
2024,2913903,29,BA,Ipiaú,25.15,40.51,municipio,Base dos Dados / CNCA,-15.36,False,,743,gold
2024,1200385,12,AC,Plácido de Castro,36.37,59.9,uf_fallback,Base dos Dados / CNCA,-23.53,False,,743,gold
2024,4107702,41,PR,Fênix,61.86,67.58,municipio,Base dos Dados / CNCA,-5.719999999999999,False,,743,gold
2024,2805703,28,SE,Propriá,34.13,26.71,municipio,Base dos Dados / CNCA,7.420000000000002,True,,743,gold
2024,2608008,26,PE,Jataúba,37.15,56.54,municipio,Base dos Dados / CNCA,-19.39,False,,743,gold
2024,2100501,21,MA,Alto Parnaíba,51.99,52.17,municipio,Base dos Dados / CNCA,-0.17999999999999972,False,,743,gold
2024,3112703,31,MG,Capitão Enéas,63.8,64.86,municipio,Base dos Dados / CNCA,-1.0600000000000023,False,,743,gold
2024,5203302,52,GO,Bela Vista de Goiás,62.27,64.32,municipio,Base dos Dados / CNCA,-2.04999999999999,False,,743,gold
2024,2107605,21,MA,Palmeirândia,70.09,48.1,municipio,Base dos Dados / CNCA,21.990000000000002,True,,743,gold
2024,1101005,11,RO,Governador Jorge Teixeira,70.76,67.54,municipio,Base dos Dados / CNCA,3.219999999999999,True,,743,gold
2024,2908408,29,BA,Conceição do Coité,30.94,35.73,municipio,Base dos Dados / CNCA,-4.789999999999996,False,,743,gold
2024,2406502,24,RN,Lagoa Nova,35.61,41.52,municipio,Base dos Dados / CNCA,-5.910000000000004,False,,743,gold
2024,2207751,22,PI,Passagem Franca do Piauí,64.51,80.0,municipio,Base dos Dados / CNCA,-15.489999999999995,False,,743,gold
2024,3303203,33,RJ,Nilópolis,47.32,50.1,municipio,Base dos Dados / CNCA,-2.780000000000001,False,,743,gold
2024,4322327,43,RS,Turuçu,61.7,80.0,municipio,Base dos Dados / CNCA,-18.299999999999997,False,,743,gold
2024,2112456,21,MA,Turilândia,49.69,60.34,municipio,Base dos Dados / CNCA,-10.650000000000006,False,,743,gold
2024,4318622,43,RS,São José dos Ausentes,37.1,66.2,uf_fallback,Base dos Dados / CNCA,-29.1,False,,743,gold
2024,5003207,50,MS,Corumbá,38.3,47.61,municipio,Base dos Dados / CNCA,-9.310000000000002,False,,743,gold
2024,2700409,27,AL,Atalaia,44.27,39.32,municipio,Base dos Dados / CNCA,4.950000000000003,True,,743,gold
2024,5003801,50,MS,Fátima do Sul,59.59,63.97,municipio,Base dos Dados / CNCA,-4.3799999999999955,False,,743,gold
2024,2606101,26,PE,Glória do Goitá,66.22,72.07,municipio,Base dos Dados / CNCA,-5.849999999999994,False,,743,gold
2024,1502509,15,PA,Chaves,74.09,50.48,municipio,Base dos Dados / CNCA,23.610000000000007,True,,743,gold
2024,2915304,29,BA,Itagimirim,25.0,39.74,municipio,Base dos Dados / CNCA,-14.740000000000002,False,,743,gold
2024,4304101,43,RS,Campos Borges,31.5,33.67,municipio,Base dos Dados / CNCA,-2.1700000000000017,False,,743,gold
2024,2917300,29,BA,Ituberá,29.17,49.86,municipio,Base dos Dados / CNCA,-20.689999999999998,False,,743,gold
2024,4117404,41,PR,Ourizona,57.5,80.0,municipio,Base dos Dados / CNCA,-22.5,False,,743,gold
2024,3300704,33,RJ,Cabo Frio,55.08,58.8,municipio,Base dos Dados / CNCA,-3.719999999999999,False,,743,gold
2024,2613404,26,PE,São José da Coroa Grande,39.24,47.83,municipio,Base dos Dados / CNCA,-8.589999999999996,False,,743,gold
2024,4305454,43,RS,Cidreira,33.0,66.2,uf_fallback,Base dos Dados / CNCA,-33.2,False,,743,gold
2024,1501451,15,PA,Belterra,57.61,63.83,municipio,Base dos Dados / CNCA,-6.219999999999999,False,,743,gold
2024,1100205,11,RO,Porto Velho,51.67,67.5,municipio,Base dos Dados / CNCA,-15.829999999999998,False,,743,gold
2024,2921401,29,BA,Mirangaba,29.41,40.59,municipio,Base dos Dados / CNCA,-11.180000000000003,False,,743,gold
2024,2915106,29,BA,Itagi,23.53,44.26,municipio,Base dos Dados / CNCA,-20.729999999999997,False,,743,gold
2024,3303104,33,RJ,Natividade,56.91,63.56,municipio,Base dos Dados / CNCA,-6.650000000000006,False,,743,gold
2024,2706109,27,AL,Ouro Branco,52.43,27.52,municipio,Base dos Dados / CNCA,24.91,True,,743,gold
2024,2206803,22,PI,Nossa Senhora dos Remédios,45.57,66.78,municipio,Base dos Dados / CNCA,-21.21,False,,743,gold
2024,1504422,15,PA,Marituba,48.97,61.1,municipio,Base dos Dados / CNCA,-12.130000000000003,False,,743,gold
2024,2607802,26,PE,Itaquitinga,57.35,53.48,municipio,Base dos Dados / CNCA,3.8700000000000045,True,,743,gold
2024,1302702,13,AM,Manicoré,61.53,56.43,municipio,Base dos Dados / CNCA,5.100000000000001,True,,743,gold
2024,2402808,24,RN,Coronel Ezequiel,32.68,46.85,municipio,Base dos Dados / CNCA,-14.170000000000002,False,,743,gold
2024,1503606,15,PA,Itaituba,59.22,64.14,municipio,Base dos Dados / CNCA,-4.920000000000002,False,,743,gold
2024,2922003,29,BA,Mucuri,47.96,54.16,municipio,Base dos Dados / CNCA,-6.199999999999996,False,,743,gold
2024,2701803,27,AL,Carneiros,38.85,49.37,municipio,Base dos Dados / CNCA,-10.519999999999996,False,,743,gold
2024,2904605,29,BA,Brumado,42.15,57.7,municipio,Base dos Dados / CNCA,-15.550000000000004,False,,743,gold
2024,4212700,42,SC,Petrolândia,66.84,64.5,uf_fallback,Base dos Dados / CNCA,2.3400000000000034,True,,743,gold
2024,4100103,41,PR,Abatiá,57.74,60.05,municipio,Base dos Dados / CNCA,-2.309999999999995,False,,743,gold
2024,1508050,15,PA,Trairão,62.19,72.29,municipio,Base dos Dados / CNCA,-10.100000000000009,False,,743,gold
2024,4117057,41,PR,Nova Laranjeiras,68.33,77.85,municipio,Base dos Dados / CNCA,-9.519999999999996,False,,743,gold
2024,2807303,28,SE,Telha,42.47,24.28,municipio,Base dos Dados / CNCA,18.189999999999998,True,,743,gold
2024,2100808,21,MA,Anapurus,34.63,80.0,municipio,Base dos Dados / CNCA,-45.37,False,,743,gold
2024,2702900,27,AL,Girau do Ponciano,39.96,42.43,municipio,Base dos Dados / CNCA,-2.469999999999999,False,,743,gold
2024,4109757,41,PR,Ibema,70.35,73.95,municipio,Base dos Dados / CNCA,-3.6000000000000085,False,,743,gold
2024,2106359,21,MA,Marajá do Sena,39.77,80.0,municipio,Base dos Dados / CNCA,-40.23,False,,743,gold
2024,2200509,22,PI,Amarante,32.94,29.44,municipio,Base dos Dados / CNCA,3.4999999999999964,True,,743,gold
2024,1304005,13,AM,Silves,41.71,56.8,uf_fallback,Base dos Dados / CNCA,-15.089999999999996,False,,743,gold
2024,3301850,33,RJ,Guapimirim,47.75,55.1,municipio,Base dos Dados / CNCA,-7.350000000000001,False,,743,gold
2024,3300258,33,RJ,Arraial do Cabo,58.05,55.35,municipio,Base dos Dados / CNCA,2.6999999999999957,True,,743,gold
2024,2927606,29,BA,Santa Brígida,28.39,32.87,municipio,Base dos Dados / CNCA,-4.479999999999997,False,,743,gold
2024,1200807,12,AC,Porto Acre,39.69,59.9,uf_fallback,Base dos Dados / CNCA,-20.21,False,,743,gold
2024,2101905,21,MA,Bequimão,59.75,39.93,municipio,Base dos Dados / CNCA,19.82,True,,743,gold
2024,4322301,43,RS,Tuparendi,53.0,80.0,municipio,Base dos Dados / CNCA,-27.0,False,,743,gold
2024,4303004,43,RS,Cachoeira do Sul,40.5,61.21,municipio,Base dos Dados / CNCA,-20.71,False,,743,gold
2024,2707701,27,AL,Rio Largo,38.78,43.48,municipio,Base dos Dados / CNCA,-4.699999999999996,False,,743,gold
2024,2607604,26,PE,Ilha de Itamaracá,50.6,57.61,municipio,Base dos Dados / CNCA,-7.009999999999998,False,,743,gold
2024,2112407,21,MA,Turiaçu,64.42,46.7,municipio,Base dos Dados / CNCA,17.72,True,,743,gold
2024,2907509,29,BA,Catu,39.39,49.32,municipio,Base dos Dados / CNCA,-9.93,False,,743,gold
2024,4207205,42,SC,Imaruí,44.12,64.5,uf_fallback,Base dos Dados / CNCA,-20.380000000000003,False,,743,gold
2024,2929503,29,BA,São Sebastião do Passé,46.1,54.89,municipio,Base dos Dados / CNCA,-8.79,False,,743,gold
2024,2104602,21,MA,Governador Eugênio Barros,48.13,57.38,municipio,Base dos Dados / CNCA,-9.25,False,,743,gold
2024,4111258,41,PR,Itaperuçu,52.37,60.35,municipio,Base dos Dados / CNCA,-7.980000000000004,False,,743,gold
2024,2703403,27,AL,Jacaré dos Homens,54.66,44.64,municipio,Base dos Dados / CNCA,10.019999999999996,True,,743,gold
2024,2107001,21,MA,Montes Altos,55.27,72.68,municipio,Base dos Dados / CNCA,-17.410000000000004,False,,743,gold
2024,1100924,11,RO,Chupinguaia,71.99,80.0,municipio,Base dos Dados / CNCA,-8.010000000000005,False,,743,gold
2024,2902054,29,BA,Araças,38.26,43.28,municipio,Base dos Dados / CNCA,-5.020000000000003,False,,743,gold
2024,2901205,29,BA,Anagé,32.17,43.17,municipio,Base dos Dados / CNCA,-11.0,False,,743,gold
2024,4116208,41,PR,Morretes,59.7,70.28,municipio,Base dos Dados / CNCA,-10.579999999999998,False,,743,gold
2024,2601409,26,PE,Barreiros,53.05,64.79,municipio,Base dos Dados / CNCA,-11.740000000000009,False,,743,gold
2024,2612455,26,PE,Santa Cruz,69.1,70.98,municipio,Base dos Dados / CNCA,-1.8800000000000097,False,,743,gold
2024,2104206,21,MA,Fortuna,72.06,46.62,municipio,Base dos Dados / CNCA,25.440000000000005,True,,743,gold
2024,4101101,41,PR,Andirá,64.82,67.47,municipio,Base dos Dados / CNCA,-2.6500000000000057,False,,743,gold
2024,4126108,41,PR,São Tomé,69.88,80.0,municipio,Base dos Dados / CNCA,-10.120000000000005,False,,743,gold
2024,1101807,11,RO,Vale do Paraíso,44.06,59.72,municipio,Base dos Dados / CNCA,-15.659999999999997,False,,743,gold
2024,1703073,17,TO,Barra do Ouro,18.26,18.0,municipio,Base dos Dados / CNCA,0.26000000000000156,True,,743,gold
2024,2919959,29,BA,Maetinga,47.37,64.12,municipio,Base dos Dados / CNCA,-16.750000000000007,False,,743,gold
2024,2202117,22,PI,Campo Alegre do Fidalgo,59.33,44.96,municipio,Base dos Dados / CNCA,14.369999999999997,True,,743,gold
2024,3112059,31,MG,Cantagalo,65.99,63.46,municipio,Base dos Dados / CNCA,2.529999999999994,True,,743,gold
2024,2926657,29,BA,Ribeirão do Largo,52.63,52.59,municipio,Base dos Dados / CNCA,0.03999999999999915,True,,743,gold
2024,5215900,52,GO,Palminópolis,82.81,80.0,municipio,Base dos Dados / CNCA,2.8100000000000023,True,,743,gold
2024,4118303,41,PR,Paranapoema,61.71,62.63,municipio,Base dos Dados / CNCA,-0.9200000000000017,False,,743,gold
2024,2800308,28,SE,Aracaju,44.28,36.8,municipio,Base dos Dados / CNCA,7.480000000000004,True,,743,gold
2024,2103752,21,MA,Davinópolis,69.82,68.9,municipio,Base dos Dados / CNCA,0.9199999999999875,True,,743,gold
2024,2803500,28,SE,Lagarto,37.5,42.31,municipio,Base dos Dados / CNCA,-4.810000000000002,False,,743,gold
2024,1301308,13,AM,Codajás,48.37,49.49,municipio,Base dos Dados / CNCA,-1.1200000000000045,False,,743,gold
2024,2616001,26,PE,Venturosa,59.29,57.68,municipio,Base dos Dados / CNCA,1.6099999999999994,True,,743,gold
2024,1301951,13,AM,Itamarati,82.76,72.11,municipio,Base dos Dados / CNCA,10.650000000000006,True,,743,gold
2024,4314902,43,RS,Porto Alegre,27.4,66.2,uf_fallback,Base dos Dados / CNCA,-38.800000000000004,False,,743,gold
2024,2903201,29,BA,Barreiras,36.09,44.47,municipio,Base dos Dados / CNCA,-8.379999999999995,False,,743,gold
2024,1302504,13,AM,Manacapuru,39.48,49.77,municipio,Base dos Dados / CNCA,-10.290000000000006,False,,743,gold
2024,2106508,21,MA,Matinha,46.67,66.6,municipio,Base dos Dados / CNCA,-19.929999999999993,False,,743,gold
2024,1501402,15,PA,Belém,51.6,53.42,municipio,Base dos Dados / CNCA,-1.8200000000000003,False,,743,gold
2024,4219853,42,SC,Zortéa,57.58,67.5,municipio,Base dos Dados / CNCA,-9.920000000000002,False,,743,gold
2024,2904050,29,BA,Bonito,34.0,46.43,municipio,Base dos Dados / CNCA,-12.43,False,,743,gold
2024,2931103,29,BA,Tanquinho,30.67,25.95,municipio,Base dos Dados / CNCA,4.720000000000002,True,,743,gold
2024,2602902,26,PE,Cabo de Santo Agostinho,50.72,59.25,municipio,Base dos Dados / CNCA,-8.530000000000001,False,,743,gold
2024,1303403,13,AM,Parintins,61.89,56.53,municipio,Base dos Dados / CNCA,5.359999999999999,True,,743,gold
2024,4214151,42,SC,Princesa,64.05,80.0,municipio,Base dos Dados / CNCA,-15.950000000000003,False,,743,gold
2024,1703883,17,TO,Carmolândia,27.47,32.34,municipio,Base dos Dados / CNCA,-4.8700000000000045,False,,743,gold
2024,1501576,15,PA,Bom Jesus do Tocantins,51.82,61.74,municipio,Base dos Dados / CNCA,-9.920000000000002,False,,743,gold
2024,2513604,25,PB,Santana dos Garrotes,52.77,39.63,municipio,Base dos Dados / CNCA,13.14,True,,743,gold
2024,1711803,17,TO,Juarina,49.1,42.09,municipio,Base dos Dados / CNCA,7.009999999999998,True,,743,gold
2024,2513109,25,PB,Salgado de São Félix,40.52,80.0,municipio,Base dos Dados / CNCA,-39.48,False,,743,gold
2024,2922854,29,BA,Nova Redenção,27.03,38.9,municipio,Base dos Dados / CNCA,-11.869999999999997,False,,743,gold
2024,4117602,41,PR,Palmas,54.27,59.7,municipio,Base dos Dados / CNCA,-5.43,False,,743,gold
2024,2108603,21,MA,Pinheiro,46.82,57.5,municipio,Base dos Dados / CNCA,-10.68,False,,743,gold
2024,4103370,41,PR,Brasilândia do Sul,77.7,75.19,municipio,Base dos Dados / CNCA,2.510000000000005,True,,743,gold
2024,1507607,15,PA,São Miguel do Guamá,49.59,45.1,municipio,Base dos Dados / CNCA,4.490000000000002,True,,743,gold
2024,2105005,21,MA,Humberto de Campos,59.22,64.63,municipio,Base dos Dados / CNCA,-5.409999999999997,False,,743,gold
2024,5107354,51,MT,São José do Xingu,35.26,56.04,municipio,Base dos Dados / CNCA,-20.78,False,,743,gold
2024,4307500,43,RS,Espumoso,50.3,80.0,municipio,Base dos Dados / CNCA,-29.700000000000003,False,,743,gold
2024,3161056,31,MG,São Félix de Minas,67.09,70.01,municipio,Base dos Dados / CNCA,-2.9200000000000017,False,,743,gold
2024,4110003,41,PR,Iguaraçu,58.96,55.71,municipio,Base dos Dados / CNCA,3.25,True,,743,gold
2024,2916708,29,BA,Itaquara,34.25,41.17,municipio,Base dos Dados / CNCA,-6.920000000000002,False,,743,gold
2024,2905701,29,BA,Camaçari,36.56,40.43,municipio,Base dos Dados / CNCA,-3.8699999999999974,False,,743,gold
2024,2709004,27,AL,Tanque d'Arca,53.45,48.08,municipio,Base dos Dados / CNCA,5.3700000000000045,True,,743,gold
2024,3300936,33,RJ,Carapebus,59.54,55.79,municipio,Base dos Dados / CNCA,3.75,True,,743,gold
2024,5214002,52,GO,Mozarlândia,66.57,55.96,municipio,Base dos Dados / CNCA,10.609999999999992,True,,743,gold
2024,3304409,33,RJ,Rio Claro,65.54,67.93,municipio,Base dos Dados / CNCA,-2.3900000000000006,False,,743,gold
2024,2614857,26,PE,Tamandaré,57.18,50.56,municipio,Base dos Dados / CNCA,6.619999999999997,True,,743,gold
2024,3306008,33,RJ,Três Rios,51.43,57.88,municipio,Base dos Dados / CNCA,-6.450000000000003,False,,743,gold
2024,2411056,24,RN,Tibau,33.61,43.8,uf_fallback,Base dos Dados / CNCA,-10.189999999999998,False,,743,gold
2024,2913507,29,BA,Iguaí,31.48,54.55,municipio,Base dos Dados / CNCA,-23.069999999999997,False,,743,gold
2024,1705607,17,TO,Conceição do Tocantins,35.8,34.78,municipio,Base dos Dados / CNCA,1.019999999999996,True,,743,gold
2024,2928703,29,BA,Santo Antônio de Jesus,40.9,40.35,municipio,Base dos Dados / CNCA,0.5499999999999972,True,,743,gold
2024,4303558,43,RS,Camargo,55.6,80.0,municipio,Base dos Dados / CNCA,-24.4,False,,743,gold
2024,3104502,31,MG,Arinos,48.56,50.89,municipio,Base dos Dados / CNCA,-2.3299999999999983,False,,743,gold
2024,3126307,31,MG,Fortaleza de Minas,62.75,63.2,uf_fallback,Base dos Dados / CNCA,-0.45000000000000284,False,,743,gold
2024,2402204,24,RN,Canguaretama,32.26,44.21,municipio,Base dos Dados / CNCA,-11.950000000000003,False,,743,gold
2024,2927408,29,BA,Salvador,36.85,45.52,municipio,Base dos Dados / CNCA,-8.670000000000002,False,,743,gold
2024,1303205,13,AM,Novo Airão,59.26,76.5,municipio,Base dos Dados / CNCA,-17.240000000000002,False,,743,gold
2024,4300604,43,RS,Alvorada,36.2,52.0,municipio,Base dos Dados / CNCA,-15.799999999999997,False,,743,gold
2024,2925709,29,BA,Presidente Jânio Quadros,31.78,37.48,municipio,Base dos Dados / CNCA,-5.699999999999996,False,,743,gold
2024,2918001,29,BA,Jequié,39.48,44.37,municipio,Base dos Dados / CNCA,-4.890000000000001,False,,743,gold
2024,2917805,29,BA,Jaguaripe,46.85,33.07,municipio,Base dos Dados / CNCA,13.780000000000001,True,,743,gold
2024,2609154,26,PE,Manari,52.89,60.73,municipio,Base dos Dados / CNCA,-7.839999999999996,False,,743,gold
2024,1505502,15,PA,Paragominas,56.72,65.34,municipio,Base dos Dados / CNCA,-8.620000000000005,False,,743,gold
2024,2902500,29,BA,Baianópolis,35.92,46.14,municipio,Base dos Dados / CNCA,-10.219999999999999,False,,743,gold
2024,1300144,13,AM,Apuí,64.17,60.64,municipio,Base dos Dados / CNCA,3.530000000000001,True,,743,gold
2024,1100114,11,RO,Jaru,65.15,65.65,municipio,Base dos Dados / CNCA,-0.5,False,,743,gold
2024,2204659,22,PI,Ilha Grande,34.84,46.17,municipio,Base dos Dados / CNCA,-11.329999999999998,False,,743,gold
2024,2411502,24,RN,Santo Antônio,35.59,68.69,municipio,Base dos Dados / CNCA,-33.099999999999994,False,,743,gold
2024,2925105,29,BA,Poções,42.93,49.79,municipio,Base dos Dados / CNCA,-6.859999999999999,False,,743,gold
2024,4313102,43,RS,Nova Palma,62.7,80.0,municipio,Base dos Dados / CNCA,-17.299999999999997,False,,743,gold
2024,2209302,22,PI,Santa Luz,55.68,80.0,municipio,Base dos Dados / CNCA,-24.32,False,,743,gold
2024,2505808,25,PB,Duas Estradas,60.0,16.94,municipio,Base dos Dados / CNCA,43.06,True,,743,gold
2024,5213772,52,GO,Montividiu do Norte,65.74,62.79,municipio,Base dos Dados / CNCA,2.9499999999999957,True,,743,gold
2024,1500800,15,PA,Ananindeua,53.37,62.51,municipio,Base dos Dados / CNCA,-9.14,False,,743,gold
2024,2924009,29,BA,Paulo Afonso,30.51,32.01,municipio,Base dos Dados / CNCA,-1.4999999999999964,False,,743,gold
2024,4320677,43,RS,Sinimbu,36.3,71.29,municipio,Base dos Dados / CNCA,-34.99000000000001,False,,743,gold
2024,2933174,29,BA,Varzedo,40.0,49.91,municipio,Base dos Dados / CNCA,-9.909999999999997,False,,743,gold
2024,4313011,43,RS,Nova Candelária,60.0,80.0,municipio,Base dos Dados / CNCA,-20.0,False,,743,gold
2024,2932309,29,BA,Ubatã,41.9,38.45,municipio,Base dos Dados / CNCA,3.4499999999999957,True,,743,gold
2024,3143708,31,MG,Morro do Pilar,61.85,63.2,uf_fallback,Base dos Dados / CNCA,-1.3500000000000014,False,,743,gold
2024,2901106,29,BA,Amélia Rodrigues,47.14,44.02,municipio,Base dos Dados / CNCA,3.1199999999999974,True,,743,gold
2024,1302603,13,AM,Manaus,51.37,56.8,municipio,Base dos Dados / CNCA,-5.43,False,,743,gold
2024,4119251,41,PR,Pinhal de São Bento,97.14,80.0,municipio,Base dos Dados / CNCA,17.14,True,,743,gold
2024,2706422,27,AL,Pariconha,56.98,47.56,municipio,Base dos Dados / CNCA,9.419999999999995,True,,743,gold
2024,4203402,42,SC,Campo Belo do Sul,45.29,47.83,municipio,Base dos Dados / CNCA,-2.539999999999999,False,,743,gold
2024,4126272,41,PR,Saudade do Iguaçu,85.49,80.0,municipio,Base dos Dados / CNCA,5.489999999999995,True,,743,gold
2024,3517802,35,SP,Guaraçaí,60.72,58.6,municipio,Base dos Dados / CNCA,2.1199999999999974,True,,743,gold
2024,2502300,25,PB,Bom Sucesso,45.24,67.77,municipio,Base dos Dados / CNCA,-22.529999999999994,False,,743,gold
2024,2610806,26,PE,Pedra,54.87,52.41,municipio,Base dos Dados / CNCA,2.460000000000001,True,,743,gold
2024,2109601,21,MA,Rosário,57.6,60.53,municipio,Base dos Dados / CNCA,-2.9299999999999997,False,,743,gold
2024,4116109,41,PR,Moreira Sales,78.01,79.43,municipio,Base dos Dados / CNCA,-1.4200000000000017,False,,743,gold
2024,2906873,29,BA,Capim Grosso,29.34,33.41,municipio,Base dos Dados / CNCA,-4.069999999999997,False,,743,gold
2024,4111803,41,PR,Jacarezinho,47.68,59.25,municipio,Base dos Dados / CNCA,-11.57,False,,743,gold
2024,2110708,21,MA,São Domingos do Maranhão,50.11,47.88,municipio,Base dos Dados / CNCA,2.229999999999997,True,,743,gold
2024,2924801,29,BA,Piritiba,40.58,48.97,municipio,Base dos Dados / CNCA,-8.39,False,,743,gold
2024,4312377,43,RS,Monte Alegre dos Campos,36.2,66.01,municipio,Base dos Dados / CNCA,-29.810000000000002,False,,743,gold
2024,2407104,24,RN,Macaíba,30.44,36.28,municipio,Base dos Dados / CNCA,-5.84,False,,743,gold
2024,1716604,17,TO,Peixe,42.93,51.92,municipio,Base dos Dados / CNCA,-8.990000000000002,False,,743,gold
2024,4323002,43,RS,Viamão,36.7,62.36,municipio,Base dos Dados / CNCA,-25.659999999999997,False,,743,gold
2024,5107859,51,MT,São Félix do Araguaia,33.38,41.62,municipio,Base dos Dados / CNCA,-8.239999999999995,False,,743,gold
2024,1501956,15,PA,Cachoeira do Piriá,52.04,53.0,municipio,Base dos Dados / CNCA,-0.9600000000000009,False,,743,gold
2024,3302700,33,RJ,Maricá,59.97,60.52,municipio,Base dos Dados / CNCA,-0.5500000000000043,False,,743,gold
2024,4100202,41,PR,Adrianópolis,60.95,63.38,municipio,Base dos Dados / CNCA,-2.4299999999999997,False,,743,gold
2024,2931350,29,BA,Teixeira de Freitas,35.04,56.5,municipio,Base dos Dados / CNCA,-21.46,False,,743,gold
2024,2914703,29,BA,Itaberaba,41.07,48.23,municipio,Base dos Dados / CNCA,-7.159999999999997,False,,743,gold
2024,5103809,51,MT,Figueirópolis D'Oeste,58.78,80.0,municipio,Base dos Dados / CNCA,-21.22,False,,743,gold
2024,1502301,15,PA,Capitão Poço,48.98,55.77,municipio,Base dos Dados / CNCA,-6.790000000000006,False,,743,gold
2024,3118106,31,MG,Congonhas do Norte,60.49,80.0,municipio,Base dos Dados / CNCA,-19.509999999999998,False,,743,gold
2024,2929404,29,BA,São Miguel das Matas,36.76,35.91,municipio,Base dos Dados / CNCA,0.8500000000000014,True,,743,gold
2024,4301636,43,RS,Balneário Pinhal,43.6,61.97,municipio,Base dos Dados / CNCA,-18.369999999999997,False,,743,gold
2024,2900702,29,BA,Alagoinhas,36.64,40.44,municipio,Base dos Dados / CNCA,-3.799999999999997,False,,743,gold
2024,2910305,29,BA,Elísio Medrado,35.29,37.06,municipio,Base dos Dados / CNCA,-1.7700000000000031,False,,743,gold
2024,2933000,29,BA,Valente,37.25,39.21,municipio,Base dos Dados / CNCA,-1.9600000000000009,False,,743,gold
2024,2607505,26,PE,Itaíba,58.6,62.9,municipio,Base dos Dados / CNCA,-4.299999999999997,False,,743,gold
2024,4323408,43,RS,Vila Maria,57.4,80.0,municipio,Base dos Dados / CNCA,-22.6,False,,743,gold
2024,4322707,43,RS,Vera Cruz,44.5,68.66,municipio,Base dos Dados / CNCA,-24.159999999999997,False,,743,gold
2024,2410504,24,RN,Rafael Fernandes,39.27,59.65,municipio,Base dos Dados / CNCA,-20.379999999999995,False,,743,gold
2024,4119301,41,PR,Pinhão,61.33,64.88,municipio,Base dos Dados / CNCA,-3.549999999999997,False,,743,gold
2024,5209606,52,GO,Heitoraí,83.54,57.96,municipio,Base dos Dados / CNCA,25.580000000000005,True,,743,gold
2024,2929909,29,BA,Seabra,34.98,53.8,municipio,Base dos Dados / CNCA,-18.82,False,,743,gold
2024,3112109,31,MG,Caparaó,67.92,63.44,municipio,Base dos Dados / CNCA,4.480000000000004,True,,743,gold
2024,2603207,26,PE,Caetés,57.25,51.32,municipio,Base dos Dados / CNCA,5.93,True,,743,gold
2024,2905800,29,BA,Camamu,28.39,33.17,municipio,Base dos Dados / CNCA,-4.780000000000001,False,,743,gold
2024,4309308,43,RS,Guaíba,32.7,54.7,municipio,Base dos Dados / CNCA,-22.0,False,,743,gold
2024,2922805,29,BA,Nova Itarana,34.65,39.89,municipio,Base dos Dados / CNCA,-5.240000000000002,False,,743,gold
2024,4203501,42,SC,Campo Erê,48.28,64.05,municipio,Base dos Dados / CNCA,-15.769999999999996,False,,743,gold
2024,2407302,24,RN,Marcelino Vieira,26.79,34.1,municipio,Base dos Dados / CNCA,-7.310000000000002,False,,743,gold
2024,2703809,27,AL,Joaquim Gomes,27.68,40.35,municipio,Base dos Dados / CNCA,-12.670000000000002,False,,743,gold
2024,2109452,21,MA,Raposa,48.35,69.98,municipio,Base dos Dados / CNCA,-21.630000000000003,False,,743,gold
2024,2209005,22,PI,Rio Grande do Piauí,41.79,53.74,municipio,Base dos Dados / CNCA,-11.950000000000003,False,,743,gold
2024,2926608,29,BA,Ribeira do Pombal,40.72,41.2,municipio,Base dos Dados / CNCA,-0.480000000000004,False,,743,gold
2024,4109906,41,PR,Icaraíma,51.76,74.31,municipio,Base dos Dados / CNCA,-22.550000000000004,False,,743,gold
2024,1300706,13,AM,Boca do Acre,49.61,62.56,municipio,Base dos Dados / CNCA,-12.950000000000003,False,,743,gold
2024,2927309,29,BA,Salinas da Margarida,45.77,53.07,municipio,Base dos Dados / CNCA,-7.299999999999997,False,,743,gold
2024,1501808,15,PA,Breves,55.58,49.78,municipio,Base dos Dados / CNCA,5.799999999999997,True,,743,gold
2024,2706307,27,AL,Palmeira dos Índios,38.7,39.15,municipio,Base dos Dados / CNCA,-0.44999999999999574,False,,743,gold
2024,2917706,29,BA,Jaguarari,40.77,37.63,municipio,Base dos Dados / CNCA,3.1400000000000006,True,,743,gold
2024,2928802,29,BA,Santo Estêvão,31.86,39.59,municipio,Base dos Dados / CNCA,-7.730000000000004,False,,743,gold
2024,1718865,17,TO,Santa Fé do Araguaia,31.33,23.48,municipio,Base dos Dados / CNCA,7.849999999999998,True,,743,gold
2024,2701605,27,AL,Canapi,62.21,51.08,municipio,Base dos Dados / CNCA,11.130000000000003,True,,743,gold
2024,2107803,21,MA,Parnarama,54.65,80.0,municipio,Base dos Dados / CNCA,-25.35,False,,743,gold
2024,4306205,43,RS,Cruzeiro do Sul,35.2,70.11,municipio,Base dos Dados / CNCA,-34.91,False,,743,gold
2024,5003306,50,MS,Coxim,39.19,45.99,municipio,Base dos Dados / CNCA,-6.800000000000004,False,,743,gold
2024,4312500,43,RS,Mostardas,40.3,56.1,municipio,Base dos Dados / CNCA,-15.800000000000004,False,,743,gold
2024,2614303,26,PE,Moreilândia,56.94,49.94,municipio,Base dos Dados / CNCA,7.0,True,,743,gold
2024,3305000,33,RJ,São João da Barra,58.22,56.73,municipio,Base dos Dados / CNCA,1.490000000000002,True,,743,gold
2024,4120903,41,PR,Quedas do Iguaçu,61.62,73.0,municipio,Base dos Dados / CNCA,-11.380000000000003,False,,743,gold
2024,5219258,52,GO,Santa Fé de Goiás,92.78,77.35,municipio,Base dos Dados / CNCA,15.430000000000007,True,,743,gold
2024,2901700,29,BA,Antônio Cardoso,25.76,40.74,municipio,Base dos Dados / CNCA,-14.98,False,,743,gold
2024,3501400,35,SP,Álvaro de Carvalho,58.33,58.95,municipio,Base dos Dados / CNCA,-0.6200000000000045,False,,743,gold
2024,2914307,29,BA,Iramaia,36.36,43.4,uf_fallback,Base dos Dados / CNCA,-7.039999999999999,False,,743,gold
2024,2209401,22,PI,Santo Antônio de Lisboa,55.71,64.31,municipio,Base dos Dados / CNCA,-8.600000000000001,False,,743,gold
2024,2414506,24,RN,Umarizal,46.97,43.8,uf_fallback,Base dos Dados / CNCA,3.1700000000000017,True,,743,gold
2024,2900108,29,BA,Abaíra,42.42,41.37,municipio,Base dos Dados / CNCA,1.0500000000000043,True,,743,gold
2024,5104500,51,MT,Indiavaí,67.61,50.4,municipio,Base dos Dados / CNCA,17.21,True,,743,gold
2024,2706448,27,AL,Paripueira,35.8,57.82,municipio,Base dos Dados / CNCA,-22.020000000000003,False,,743,gold
2024,1713957,17,TO,Muricilândia,49.28,24.82,municipio,Base dos Dados / CNCA,24.46,True,,743,gold
2024,4204558,42,SC,Correia Pinto,56.97,63.0,municipio,Base dos Dados / CNCA,-6.030000000000001,False,,743,gold
2024,4110300,41,PR,Inajá,69.71,74.7,municipio,Base dos Dados / CNCA,-4.990000000000009,False,,743,gold
2024,2929057,29,BA,São Félix do Coribe,36.59,59.05,municipio,Base dos Dados / CNCA,-22.459999999999994,False,,743,gold
2024,2807105,28,SE,Simão Dias,35.97,40.09,municipio,Base dos Dados / CNCA,-4.1200000000000045,False,,743,gold
2024,4315503,43,RS,Restinga Seca,42.4,51.07,municipio,Base dos Dados / CNCA,-8.670000000000002,False,,743,gold
2024,3146305,31,MG,Padre Paraíso,57.39,54.04,municipio,Base dos Dados / CNCA,3.3500000000000014,True,,743,gold
2024,4323457,43,RS,Vila Nova do Sul,44.0,54.11,municipio,Base dos Dados / CNCA,-10.11,False,,743,gold
2024,2918308,29,BA,Jitaúna,40.82,31.37,municipio,Base dos Dados / CNCA,9.45,True,,743,gold
2024,5219803,52,GO,São Domingos,65.94,51.24,municipio,Base dos Dados / CNCA,14.699999999999996,True,,743,gold
2024,4316907,43,RS,Santa Maria,40.3,67.72,municipio,Base dos Dados / CNCA,-27.42,False,,743,gold
2024,1504802,15,PA,Monte Alegre,46.69,58.27,municipio,Base dos Dados / CNCA,-11.580000000000005,False,,743,gold
2024,4119509,41,PR,Piraquara,50.54,61.92,municipio,Base dos Dados / CNCA,-11.380000000000003,False,,743,gold
2024,4301875,43,RS,Barra do Quaraí,26.6,64.15,municipio,Base dos Dados / CNCA,-37.550000000000004,False,,743,gold
2024,2912905,29,BA,Ibirataia,37.44,39.72,municipio,Base dos Dados / CNCA,-2.280000000000001,False,,743,gold
2024,2916203,29,BA,Itapé,35.38,37.65,municipio,Base dos Dados / CNCA,-2.269999999999996,False,,743,gold
2024,2614709,26,PE,Tacaimbó,43.99,51.45,municipio,Base dos Dados / CNCA,-7.460000000000001,False,,743,gold
2024,3304102,33,RJ,Porciúncula,52.38,42.11,municipio,Base dos Dados / CNCA,10.270000000000003,True,,743,gold
2024,5005681,50,MS,Mundo Novo,49.43,80.0,municipio,Base dos Dados / CNCA,-30.57,False,,743,gold
2024,2613701,26,PE,São Lourenço da Mata,53.32,49.84,municipio,Base dos Dados / CNCA,3.479999999999997,True,,743,gold
2024,2906709,29,BA,Cândido Sales,30.86,44.57,municipio,Base dos Dados / CNCA,-13.71,False,,743,gold
2024,2514107,25,PB,São João do Tigre,48.38,43.34,municipio,Base dos Dados / CNCA,5.039999999999999,True,,743,gold
2024,4305439,43,RS,Chuí,45.9,54.93,municipio,Base dos Dados / CNCA,-9.030000000000001,False,,743,gold
2024,3155900,31,MG,Rio Preto,62.04,72.56,municipio,Base dos Dados / CNCA,-10.520000000000003,False,,743,gold
2024,2100436,21,MA,Alto Alegre do Maranhão,51.5,71.78,municipio,Base dos Dados / CNCA,-20.28,False,,743,gold
2024,2613008,26,PE,São Bento do Una,64.03,59.89,municipio,Base dos Dados / CNCA,4.140000000000001,True,,743,gold
2024,5300108,53,DF,Brasília,59.13,59.9,uf_fallback,Base dos Dados / CNCA,-0.769999999999996,False,,743,gold
2024,3170438,31,MG,União de Minas,72.68,73.46,municipio,Base dos Dados / CNCA,-0.7799999999999869,False,,743,gold
2024,3107703,31,MG,Bom Jesus do Amparo,90.32,63.2,uf_fallback,Base dos Dados / CNCA,27.11999999999999,True,,743,gold
2024,2907905,29,BA,Cipó,31.09,35.07,municipio,Base dos Dados / CNCA,-3.9800000000000004,False,,743,gold
2024,4309050,43,RS,Glorinha,34.3,67.53,municipio,Base dos Dados / CNCA,-33.230000000000004,False,,743,gold
2024,3169604,31,MG,Tupaciguara,58.34,45.41,municipio,Base dos Dados / CNCA,12.930000000000007,True,,743,gold
2024,1100023,11,RO,Ariquemes,65.62,65.22,municipio,Base dos Dados / CNCA,0.4000000000000057,True,,743,gold
2024,3109451,31,MG,Cabeceira Grande,54.59,46.7,municipio,Base dos Dados / CNCA,7.890000000000001,True,,743,gold
2024,2926905,29,BA,Rio do Pires,15.62,43.13,municipio,Base dos Dados / CNCA,-27.510000000000005,False,,743,gold
2024,2931905,29,BA,Tucano,35.55,36.12,municipio,Base dos Dados / CNCA,-0.5700000000000003,False,,743,gold
2024,2908804,29,BA,Contendas do Sincorá,40.62,31.22,municipio,Base dos Dados / CNCA,9.399999999999999,True,,743,gold
2024,2604403,26,PE,Chã de Alegria,63.28,65.79,municipio,Base dos Dados / CNCA,-2.510000000000005,False,,743,gold
2024,4107520,41,PR,Esperança Nova,71.04,48.13,municipio,Base dos Dados / CNCA,22.910000000000004,True,,743,gold
2024,2407500,24,RN,Maxaranguape,35.11,43.8,uf_fallback,Base dos Dados / CNCA,-8.689999999999998,False,,743,gold
2024,4107306,41,PR,Doutor Camargo,60.84,79.25,municipio,Base dos Dados / CNCA,-18.409999999999997,False,,743,gold
2024,2708956,27,AL,Senador Rui Palmeira,57.08,56.54,municipio,Base dos Dados / CNCA,0.5399999999999991,True,,743,gold
2024,2705309,27,AL,Minador do Negrão,27.99,37.11,municipio,Base dos Dados / CNCA,-9.120000000000001,False,,743,gold
2024,2932705,29,BA,Uruçuca,26.42,37.1,municipio,Base dos Dados / CNCA,-10.68,False,,743,gold
2024,2704302,27,AL,Maceió,40.58,45.58,municipio,Base dos Dados / CNCA,-5.0,False,,743,gold
2024,4312476,43,RS,Morro Reuter,66.3,56.24,municipio,Base dos Dados / CNCA,10.059999999999995,True,,743,gold
2024,3156601,31,MG,Rubim,63.6,80.0,municipio,Base dos Dados / CNCA,-16.4,False,,743,gold
2024,3305505,33,RJ,Saquarema,62.51,66.24,municipio,Base dos Dados / CNCA,-3.729999999999997,False,,743,gold
2024,2806107,28,SE,Rosário do Catete,39.01,45.54,municipio,Base dos Dados / CNCA,-6.530000000000001,False,,743,gold
2024,2110609,21,MA,São Bernardo,67.87,75.28,municipio,Base dos Dados / CNCA,-7.409999999999997,False,,743,gold
2024,2701357,27,AL,Campestre,62.12,47.36,municipio,Base dos Dados / CNCA,14.759999999999998,True,,743,gold
2024,2920205,29,BA,Malhada,33.68,32.45,municipio,Base dos Dados / CNCA,1.2299999999999969,True,,743,gold
2024,1100072,11,RO,Corumbiara,72.68,61.82,municipio,Base dos Dados / CNCA,10.860000000000007,True,,743,gold
2024,4101051,41,PR,Anahy,69.97,65.3,municipio,Base dos Dados / CNCA,4.670000000000002,True,,743,gold
2024,4320859,43,RS,Tabaí,22.5,63.05,municipio,Base dos Dados / CNCA,-40.55,False,,743,gold
2024,2204105,22,PI,Francisco Ayres,32.38,52.61,municipio,Base dos Dados / CNCA,-20.229999999999997,False,,743,gold
2024,2922102,29,BA,Mundo Novo,33.33,33.82,municipio,Base dos Dados / CNCA,-0.490000000000002,False,,743,gold
2024,4218251,42,SC,Timbó Grande,38.62,64.5,uf_fallback,Base dos Dados / CNCA,-25.880000000000003,False,,743,gold
2024,2604007,26,PE,Carpina,59.18,67.68,municipio,Base dos Dados / CNCA,-8.500000000000007,False,,743,gold
2024,1100130,11,RO,Machadinho D'Oeste,64.75,56.12,municipio,Base dos Dados / CNCA,8.630000000000003,True,,743,gold
2024,2104305,21,MA,Godofredo Viana,88.4,80.0,municipio,Base dos Dados / CNCA,8.400000000000006,True,,743,gold
2024,2700300,27,AL,Arapiraca,43.75,45.77,municipio,Base dos Dados / CNCA,-2.020000000000003,False,,743,gold
2024,2703205,27,AL,Igreja Nova,50.74,53.17,municipio,Base dos Dados / CNCA,-2.4299999999999997,False,,743,gold
2024,4318705,43,RS,São Leopoldo,37.5,60.83,municipio,Base dos Dados / CNCA,-23.33,False,,743,gold
2024,2904407,29,BA,Brejolândia,40.43,47.23,municipio,Base dos Dados / CNCA,-6.799999999999997,False,,743,gold
2024,2703700,27,AL,Jaramataia,40.27,42.72,municipio,Base dos Dados / CNCA,-2.4499999999999957,False,,743,gold
2024,4206652,42,SC,Guatambú,42.94,50.17,municipio,Base dos Dados / CNCA,-7.230000000000004,False,,743,gold
2024,1200104,12,AC,Brasiléia,48.0,59.9,uf_fallback,Base dos Dados / CNCA,-11.899999999999999,False,,743,gold
2024,2103307,21,MA,Codó,50.85,52.32,municipio,Base dos Dados / CNCA,-1.4699999999999989,False,,743,gold
2024,1702901,17,TO,Axixá do Tocantins,40.2,37.42,municipio,Base dos Dados / CNCA,2.780000000000001,True,,743,gold
2024,2515203,25,PB,São Sebastião do Umbuzeiro,69.29,80.0,municipio,Base dos Dados / CNCA,-10.709999999999994,False,,743,gold
2024,4307302,43,RS,Erval Seco,50.4,69.44,municipio,Base dos Dados / CNCA,-19.04,False,,743,gold
2024,3140308,31,MG,Marliéria,70.98,64.77,municipio,Base dos Dados / CNCA,6.210000000000008,True,,743,gold
2024,2208874,22,PI,Ribeira do Piauí,54.84,61.44,municipio,Base dos Dados / CNCA,-6.599999999999994,False,,743,gold
2024,2805901,28,SE,Riachuelo,31.48,17.27,municipio,Base dos Dados / CNCA,14.21,True,,743,gold
2024,1200450,12,AC,Senador Guiomard,47.83,59.9,uf_fallback,Base dos Dados / CNCA,-12.07,False,,743,gold
2024,2910107,29,BA,Dom Basílio,42.74,53.52,municipio,Base dos Dados / CNCA,-10.780000000000001,False,,743,gold
2024,5215207,52,GO,Novo Brasil,54.84,80.0,municipio,Base dos Dados / CNCA,-25.159999999999997,False,,743,gold
2024,5200902,52,GO,Amorinópolis,80.65,72.21,municipio,Base dos Dados / CNCA,8.440000000000012,True,,743,gold
2024,3302403,33,RJ,Macaé,59.46,63.19,municipio,Base dos Dados / CNCA,-3.729999999999997,False,,743,gold
2024,3171907,31,MG,Virgolândia,70.97,80.0,municipio,Base dos Dados / CNCA,-9.030000000000001,False,,743,gold
2024,2909802,29,BA,Cruz das Almas,33.56,41.43,municipio,Base dos Dados / CNCA,-7.869999999999997,False,,743,gold
2024,2932002,29,BA,Uauá,40.28,50.59,municipio,Base dos Dados / CNCA,-10.310000000000002,False,,743,gold
2024,2101509,21,MA,Barão de Grajaú,51.56,47.68,municipio,Base dos Dados / CNCA,3.8800000000000026,True,,743,gold
2024,1703701,17,TO,Brejinho de Nazaré,49.45,44.57,municipio,Base dos Dados / CNCA,4.880000000000003,True,,743,gold
2024,1500131,15,PA,Abel Figueiredo,54.88,63.15,municipio,Base dos Dados / CNCA,-8.269999999999996,False,,743,gold
2024,2601904,26,PE,Bezerros,56.84,56.18,municipio,Base dos Dados / CNCA,0.6600000000000037,True,,743,gold
2024,1100346,11,RO,Alvorada D'Oeste,68.33,36.33,municipio,Base dos Dados / CNCA,32.0,True,,743,gold
2024,1100379,11,RO,Alto Alegre dos Parecis,79.54,71.19,municipio,Base dos Dados / CNCA,8.350000000000009,True,,743,gold
2024,2112803,21,MA,Viana,53.36,61.88,municipio,Base dos Dados / CNCA,-8.520000000000003,False,,743,gold
2024,2708501,27,AL,São Luís do Quitunde,53.64,45.9,municipio,Base dos Dados / CNCA,7.740000000000002,True,,743,gold
2024,2610103,26,PE,Palmeirina,59.45,63.78,municipio,Base dos Dados / CNCA,-4.329999999999998,False,,743,gold
2024,2601508,26,PE,Belém de Maria,79.67,72.62,municipio,Base dos Dados / CNCA,7.049999999999997,True,,743,gold
2024,4316501,43,RS,Salvador do Sul,70.4,80.0,municipio,Base dos Dados / CNCA,-9.599999999999994,False,,743,gold
2024,2905206,29,BA,Caetité,39.02,54.21,municipio,Base dos Dados / CNCA,-15.189999999999998,False,,743,gold
2024,4216206,42,SC,São Francisco do Sul,52.17,64.5,uf_fallback,Base dos Dados / CNCA,-12.329999999999998,False,,743,gold
2024,4105607,41,PR,Cidade Gaúcha,63.42,67.22,municipio,Base dos Dados / CNCA,-3.799999999999997,False,,743,gold
2024,5107297,51,MT,São José do Povo,74.75,80.0,municipio,Base dos Dados / CNCA,-5.25,False,,743,gold
2024,2700102,27,AL,Água Branca,48.8,52.49,municipio,Base dos Dados / CNCA,-3.690000000000005,False,,743,gold
2024,4112751,41,PR,Jesuítas,89.98,80.0,municipio,Base dos Dados / CNCA,9.980000000000004,True,,743,gold
2024,4200101,42,SC,Abelardo Luz,56.3,67.3,municipio,Base dos Dados / CNCA,-11.0,False,,743,gold
2024,3107000,31,MG,Biquinhas,58.22,80.0,municipio,Base dos Dados / CNCA,-21.78,False,,743,gold
2024,2913002,29,BA,Ibitiara,37.36,65.11,municipio,Base dos Dados / CNCA,-27.75,False,,743,gold
2024,2705705,27,AL,Olho d'Água das Flores,45.46,46.38,municipio,Base dos Dados / CNCA,-0.9200000000000017,False,,743,gold
2024,4103040,41,PR,Boa Ventura de São Roque,60.49,75.58,municipio,Base dos Dados / CNCA,-15.089999999999996,False,,743,gold
2024,4116802,41,PR,Nova Cantu,88.03,79.57,municipio,Base dos Dados / CNCA,8.460000000000008,True,,743,gold
2024,2405801,24,RN,João Câmara,35.88,29.74,municipio,Base dos Dados / CNCA,6.140000000000004,True,,743,gold
2024,3142007,31,MG,Mirabela,54.27,62.46,municipio,Base dos Dados / CNCA,-8.189999999999998,False,,743,gold
2024,4108700,41,PR,Grandes Rios,61.6,67.46,municipio,Base dos Dados / CNCA,-5.859999999999992,False,,743,gold
2024,2400307,24,RN,Afonso Bezerra,49.28,43.8,uf_fallback,Base dos Dados / CNCA,5.480000000000004,True,,743,gold
2024,4212502,42,SC,Penha,48.52,64.5,uf_fallback,Base dos Dados / CNCA,-15.979999999999997,False,,743,gold
2024,2101301,21,MA,Bacuri,57.55,69.66,municipio,Base dos Dados / CNCA,-12.11,False,,743,gold
2024,1304302,13,AM,Urucará,74.89,60.83,municipio,Base dos Dados / CNCA,14.060000000000002,True,,743,gold
2024,2924108,29,BA,Pedrão,13.33,27.85,municipio,Base dos Dados / CNCA,-14.520000000000001,False,,743,gold
2024,2200905,22,PI,Aroazes,30.0,61.39,municipio,Base dos Dados / CNCA,-31.39,False,,743,gold
2024,2903953,29,BA,Bom Jesus da Serra,24.44,47.9,municipio,Base dos Dados / CNCA,-23.459999999999997,False,,743,gold
2024,2514701,25,PB,São José do Sabugi,48.54,56.21,municipio,Base dos Dados / CNCA,-7.670000000000002,False,,743,gold
2024,2924504,29,BA,Pindaí,38.33,72.46,municipio,Base dos Dados / CNCA,-34.129999999999995,False,,743,gold
2024,3117207,31,MG,Conceição das Pedras,76.67,61.58,municipio,Base dos Dados / CNCA,15.090000000000003,True,,743,gold
2024,5213053,52,GO,Mimoso de Goiás,80.0,68.83,municipio,Base dos Dados / CNCA,11.170000000000002,True,,743,gold
2024,3300159,33,RJ,Aperibé,68.41,62.76,municipio,Base dos Dados / CNCA,5.649999999999999,True,,743,gold
2024,1302405,13,AM,Lábrea,68.07,66.9,municipio,Base dos Dados / CNCA,1.1699999999999875,True,,743,gold
2024,2204550,22,PI,Guaribas,75.0,61.72,municipio,Base dos Dados / CNCA,13.280000000000001,True,,743,gold
2024,3300209,33,RJ,Araruama,55.89,55.66,municipio,Base dos Dados / CNCA,0.23000000000000398,True,,743,gold
2024,3165578,31,MG,Senador Amaral,63.76,71.75,municipio,Base dos Dados / CNCA,-7.990000000000002,False,,743,gold
2024,4118204,41,PR,Paranaguá,61.71,64.89,municipio,Base dos Dados / CNCA,-3.1799999999999997,False,,743,gold
2024,1100254,11,RO,Presidente Médici,67.81,65.31,municipio,Base dos Dados / CNCA,2.5,True,,743,gold
2024,2607653,26,PE,Itambé,43.31,53.71,municipio,Base dos Dados / CNCA,-10.399999999999999,False,,743,gold
2024,5006002,50,MS,Nova Alvorada do Sul,56.52,43.79,municipio,Base dos Dados / CNCA,12.730000000000004,True,,743,gold
2024,3101508,31,MG,Além Paraíba,55.1,70.71,municipio,Base dos Dados / CNCA,-15.609999999999992,False,,743,gold
2024,1101484,11,RO,São Felipe D'Oeste,78.36,57.76,municipio,Base dos Dados / CNCA,20.6,True,,743,gold
2024,2904852,29,BA,Cabaceiras do Paraguaçu,32.77,43.4,uf_fallback,Base dos Dados / CNCA,-10.629999999999995,False,,743,gold
2024,2205581,22,PI,Lagoa do Piauí,44.87,11.95,municipio,Base dos Dados / CNCA,32.92,True,,743,gold
2024,2804706,28,SE,Nossa Senhora de Lourdes,58.77,26.18,municipio,Base dos Dados / CNCA,32.59,True,,743,gold
2024,2604502,26,PE,Chã Grande,58.51,59.42,municipio,Base dos Dados / CNCA,-0.9100000000000037,False,,743,gold
2024,4112702,41,PR,Jataizinho,60.93,65.3,municipio,Base dos Dados / CNCA,-4.369999999999997,False,,743,gold
2024,4104253,41,PR,Campo Magro,57.97,63.18,municipio,Base dos Dados / CNCA,-5.210000000000001,False,,743,gold
2024,3121209,31,MG,Delfinópolis,68.3,79.34,municipio,Base dos Dados / CNCA,-11.040000000000006,False,,743,gold
2024,2108256,21,MA,Pedro do Rosário,57.92,68.13,municipio,Base dos Dados / CNCA,-10.209999999999994,False,,743,gold
2024,1100049,11,RO,Cacoal,66.07,65.39,municipio,Base dos Dados / CNCA,0.6799999999999926,True,,743,gold
2024,4301107,43,RS,Arroio dos Ratos,40.8,46.7,municipio,Base dos Dados / CNCA,-5.900000000000006,False,,743,gold
2024,4316402,43,RS,Rosário do Sul,36.7,41.94,municipio,Base dos Dados / CNCA,-5.239999999999995,False,,743,gold
2024,3303708,33,RJ,Paraíba do Sul,51.96,54.89,municipio,Base dos Dados / CNCA,-2.9299999999999997,False,,743,gold
2024,2105401,21,MA,Itapecuru Mirim,60.47,57.76,municipio,Base dos Dados / CNCA,2.710000000000001,True,,743,gold
2024,2906105,29,BA,Canápolis,29.55,43.85,municipio,Base dos Dados / CNCA,-14.3,False,,743,gold
2024,2915502,29,BA,Itajuípe,34.09,41.18,municipio,Base dos Dados / CNCA,-7.089999999999996,False,,743,gold
2024,1504455,15,PA,Medicilândia,48.44,54.08,municipio,Base dos Dados / CNCA,-5.640000000000001,False,,743,gold
2024,4115101,41,PR,Mariluz,52.21,65.33,municipio,Base dos Dados / CNCA,-13.119999999999997,False,,743,gold
2024,3151107,31,MG,Pirapetinga,66.15,65.52,municipio,Base dos Dados / CNCA,0.6300000000000097,True,,743,gold
2024,2506400,25,PB,Gurinhém,27.02,41.85,municipio,Base dos Dados / CNCA,-14.830000000000002,False,,743,gold
2024,5008008,50,MS,Terenos,49.64,63.66,municipio,Base dos Dados / CNCA,-14.019999999999996,False,,743,gold
2024,1501907,15,PA,Bujaru,51.61,56.12,municipio,Base dos Dados / CNCA,-4.509999999999998,False,,743,gold
2024,3305158,33,RJ,São José do Vale do Rio Preto,76.78,72.76,municipio,Base dos Dados / CNCA,4.019999999999996,True,,743,gold
2024,4215505,42,SC,Santa Cecília,57.41,68.59,municipio,Base dos Dados / CNCA,-11.180000000000007,False,,743,gold
2024,4208104,42,SC,Itaiópolis,55.99,67.88,municipio,Base dos Dados / CNCA,-11.889999999999993,False,,743,gold
2024,2517407,25,PB,Zabelê,64.73,80.0,municipio,Base dos Dados / CNCA,-15.269999999999996,False,,743,gold
2024,2500304,25,PB,Alagoa Grande,28.48,38.31,municipio,Base dos Dados / CNCA,-9.830000000000002,False,,743,gold
2024,2104800,21,MA,Grajaú,45.8,48.35,municipio,Base dos Dados / CNCA,-2.5500000000000043,False,,743,gold
2024,3305307,33,RJ,São Sebastião do Alto,49.68,66.38,municipio,Base dos Dados / CNCA,-16.699999999999996,False,,743,gold
2024,2209658,22,PI,São Francisco de Assis do Piauí,36.86,40.51,municipio,Base dos Dados / CNCA,-3.6499999999999986,False,,743,gold
2024,2505600,25,PB,Diamante,72.15,32.22,municipio,Base dos Dados / CNCA,39.93000000000001,True,,743,gold
2024,4323804,43,RS,Xangri-lá,37.9,60.68,municipio,Base dos Dados / CNCA,-22.78,False,,743,gold
2024,4212304,42,SC,Paulo Lopes,40.02,65.85,municipio,Base dos Dados / CNCA,-25.82999999999999,False,,743,gold
2024,4310306,43,RS,Ilópolis,48.3,80.0,municipio,Base dos Dados / CNCA,-31.700000000000003,False,,743,gold
2024,4300703,43,RS,Anta Gorda,70.6,66.2,uf_fallback,Base dos Dados / CNCA,4.3999999999999915,True,,743,gold
2024,2614204,26,PE,Sirinhaém,74.49,63.56,municipio,Base dos Dados / CNCA,10.929999999999993,True,,743,gold
2024,4101309,41,PR,Antônio Olinto,88.26,80.0,municipio,Base dos Dados / CNCA,8.260000000000005,True,,743,gold
2024,3119609,31,MG,Coronel Pacheco,59.91,80.0,municipio,Base dos Dados / CNCA,-20.090000000000003,False,,743,gold
2024,1501501,15,PA,Benevides,65.28,63.8,municipio,Base dos Dados / CNCA,1.480000000000004,True,,743,gold
2024,3303906,33,RJ,Petrópolis,64.81,65.4,municipio,Base dos Dados / CNCA,-0.5900000000000034,False,,743,gold
2024,2104552,21,MA,Governador Edison Lobão,67.46,80.0,municipio,Base dos Dados / CNCA,-12.540000000000006,False,,743,gold
2024,4126504,41,PR,Sertanópolis,61.98,68.91,municipio,Base dos Dados / CNCA,-6.93,False,,743,gold
2024,2928208,29,BA,Santana,38.7,37.01,municipio,Base dos Dados / CNCA,1.6900000000000048,True,,743,gold
2024,4315305,43,RS,Quaraí,46.6,58.95,municipio,Base dos Dados / CNCA,-12.350000000000001,False,,743,gold
2024,3139300,31,MG,Manga,41.78,31.24,municipio,Base dos Dados / CNCA,10.540000000000003,True,,743,gold
2024,2103505,21,MA,Colinas,49.9,62.9,municipio,Base dos Dados / CNCA,-13.0,False,,743,gold
2024,2804201,28,SE,Monte Alegre de Sergipe,35.07,31.99,municipio,Base dos Dados / CNCA,3.080000000000002,True,,743,gold
2024,4318606,43,RS,São José do Ouro,38.3,65.42,municipio,Base dos Dados / CNCA,-27.120000000000005,False,,743,gold
2024,4211306,42,SC,Navegantes,53.23,64.5,uf_fallback,Base dos Dados / CNCA,-11.270000000000003,False,,743,gold
2024,2919702,29,BA,Macarani,44.74,54.13,municipio,Base dos Dados / CNCA,-9.39,False,,743,gold
2024,2603454,26,PE,Camaragibe,57.57,62.2,municipio,Base dos Dados / CNCA,-4.630000000000003,False,,743,gold
2024,3134004,31,MG,Itinga,58.55,56.85,municipio,Base dos Dados / CNCA,1.6999999999999957,True,,743,gold
2024,2605707,26,PE,Floresta,51.67,40.31,municipio,Base dos Dados / CNCA,11.36,True,,743,gold
2024,2515609,25,PB,Serra da Raiz,48.92,24.28,municipio,Base dos Dados / CNCA,24.64,True,,743,gold
2024,4321204,43,RS,Taquara,45.0,66.57,municipio,Base dos Dados / CNCA,-21.569999999999993,False,,743,gold
2024,1714880,17,TO,Nova Olinda,40.7,32.67,municipio,Base dos Dados / CNCA,8.030000000000001,True,,743,gold
2024,1101609,11,RO,Theobroma,78.73,55.53,municipio,Base dos Dados / CNCA,23.200000000000003,True,,743,gold
2024,4321600,43,RS,Tramandaí,40.2,58.64,municipio,Base dos Dados / CNCA,-18.439999999999998,False,,743,gold
2024,2933307,29,BA,Vitória da Conquista,42.75,53.11,municipio,Base dos Dados / CNCA,-10.36,False,,743,gold
2024,2706703,27,AL,Penedo,43.12,47.02,municipio,Base dos Dados / CNCA,-3.9000000000000057,False,,743,gold
2024,2921104,29,BA,Medeiros Neto,46.9,56.17,municipio,Base dos Dados / CNCA,-9.270000000000003,False,,743,gold
2024,1504000,15,PA,Limoeiro do Ajuru,47.82,52.92,municipio,Base dos Dados / CNCA,-5.100000000000001,False,,743,gold
2024,5004106,50,MS,Guia Lopes da Laguna,64.58,52.3,municipio,Base dos Dados / CNCA,12.280000000000001,True,,743,gold
2024,4120101,41,PR,Porto Amazonas,76.84,71.41,municipio,Base dos Dados / CNCA,5.430000000000007,True,,743,gold
2024,3160306,31,MG,Santo Antônio do Jacinto,65.72,65.75,municipio,Base dos Dados / CNCA,-0.030000000000001137,False,,743,gold
2024,5007208,50,MS,Rio Brilhante,52.67,46.43,municipio,Base dos Dados / CNCA,6.240000000000002,True,,743,gold
2024,2613107,26,PE,São Caitano,53.17,50.74,municipio,Base dos Dados / CNCA,2.4299999999999997,True,,743,gold
2024,1100809,11,RO,Candeias do Jamari,51.63,54.05,municipio,Base dos Dados / CNCA,-2.4199999999999946,False,,743,gold
2024,2406403,24,RN,Lagoa de Velhos,29.67,47.75,municipio,Base dos Dados / CNCA,-18.08,False,,743,gold
2024,2913309,29,BA,Ichu,32.14,43.4,uf_fallback,Base dos Dados / CNCA,-11.259999999999998,False,,743,gold
2024,1700251,17,TO,Abreulândia,75.0,65.03,municipio,Base dos Dados / CNCA,9.969999999999999,True,,743,gold
2024,2203800,22,PI,Flores do Piauí,43.3,52.23,municipio,Base dos Dados / CNCA,-8.93,False,,743,gold
2024,2924900,29,BA,Planaltino,42.86,58.12,municipio,Base dos Dados / CNCA,-15.259999999999998,False,,743,gold
2024,4218855,42,SC,União do Oeste,65.0,69.44,municipio,Base dos Dados / CNCA,-4.439999999999998,False,,743,gold
2024,2905156,29,BA,Caetanos,46.43,32.08,municipio,Base dos Dados / CNCA,14.350000000000001,True,,743,gold
2024,3144201,31,MG,Nacip Raydan,62.86,62.21,municipio,Base dos Dados / CNCA,0.6499999999999986,True,,743,gold
2024,2201309,22,PI,Barreiras do Piauí,50.77,44.83,municipio,Base dos Dados / CNCA,5.940000000000005,True,,743,gold
2024,5205521,52,GO,Colinas do Sul,58.9,65.56,municipio,Base dos Dados / CNCA,-6.660000000000004,False,,743,gold
2024,2209757,22,PI,São Gonçalo do Gurguéia,60.71,77.0,municipio,Base dos Dados / CNCA,-16.29,False,,743,gold
2024,3107505,31,MG,Bom Jardim de Minas,60.13,52.98,municipio,Base dos Dados / CNCA,7.150000000000006,True,,743,gold
2024,2108702,21,MA,Pio XII,63.6,32.07,municipio,Base dos Dados / CNCA,31.53,True,,743,gold
2024,2709103,27,AL,Taquarana,38.96,49.8,municipio,Base dos Dados / CNCA,-10.839999999999996,False,,743,gold
2024,4115358,41,PR,Maripá,76.69,80.0,municipio,Base dos Dados / CNCA,-3.3100000000000023,False,,743,gold
2024,2108900,21,MA,Poção de Pedras,77.27,80.0,municipio,Base dos Dados / CNCA,-2.730000000000004,False,,743,gold
2024,2108405,21,MA,Peri Mirim,61.02,42.07,municipio,Base dos Dados / CNCA,18.950000000000003,True,,743,gold
2024,3157336,31,MG,Santa Cruz de Minas,43.82,66.51,municipio,Base dos Dados / CNCA,-22.690000000000005,False,,743,gold
2024,5002159,50,MS,Bodoquena,46.43,50.32,municipio,Base dos Dados / CNCA,-3.8900000000000006,False,,743,gold
2024,2616407,26,PE,Vitória de Santo Antão,50.66,51.59,municipio,Base dos Dados / CNCA,-0.9300000000000068,False,,743,gold
2024,5200258,52,GO,Águas Lindas de Goiás,53.9,54.0,municipio,Base dos Dados / CNCA,-0.10000000000000142,False,,743,gold
2024,3205150,32,ES,Vila Pavão,61.4,75.41,municipio,Base dos Dados / CNCA,-14.009999999999998,False,,743,gold
2024,2608800,26,PE,Lajedo,57.42,52.98,municipio,Base dos Dados / CNCA,4.440000000000005,True,,743,gold
2024,2900355,29,BA,Adustina,42.45,50.37,municipio,Base dos Dados / CNCA,-7.919999999999995,False,,743,gold
2024,2922409,29,BA,Mutuípe,48.92,61.96,municipio,Base dos Dados / CNCA,-13.04,False,,743,gold
2024,2803005,28,SE,Itabaianinha,58.61,62.52,municipio,Base dos Dados / CNCA,-3.9100000000000037,False,,743,gold
2024,4103503,41,PR,Califórnia,69.28,80.0,municipio,Base dos Dados / CNCA,-10.719999999999999,False,,743,gold
2024,2912202,29,BA,Ibicoara,32.53,35.04,municipio,Base dos Dados / CNCA,-2.509999999999998,False,,743,gold
2024,4317103,43,RS,Sant'Ana do Livramento,47.9,54.72,municipio,Base dos Dados / CNCA,-6.82,False,,743,gold
2024,2901007,29,BA,Amargosa,51.0,55.84,municipio,Base dos Dados / CNCA,-4.840000000000003,False,,743,gold
2024,4107801,41,PR,Floraí,85.2,77.73,municipio,Base dos Dados / CNCA,7.469999999999999,True,,743,gold
2024,2102309,21,MA,Buriti Bravo,57.18,38.42,municipio,Base dos Dados / CNCA,18.759999999999998,True,,743,gold
2024,3201100,32,ES,Bom Jesus do Norte,67.33,69.22,municipio,Base dos Dados / CNCA,-1.8900000000000006,False,,743,gold
2024,2402402,24,RN,Carnaúba dos Dantas,29.88,67.88,municipio,Base dos Dados / CNCA,-38.0,False,,743,gold
2024,1301704,13,AM,Humaitá,57.65,55.15,municipio,Base dos Dados / CNCA,2.5,True,,743,gold
2024,2702603,27,AL,Feira Grande,44.46,41.94,municipio,Base dos Dados / CNCA,2.520000000000003,True,,743,gold
2024,4104428,41,PR,Candói,64.69,74.4,municipio,Base dos Dados / CNCA,-9.710000000000008,False,,743,gold
2024,4115705,41,PR,Matinhos,63.15,71.91,municipio,Base dos Dados / CNCA,-8.759999999999998,False,,743,gold
2024,3107208,31,MG,Bocaina de Minas,73.33,54.93,municipio,Base dos Dados / CNCA,18.4,True,,743,gold
2024,1712009,17,TO,Lajeado,38.15,46.67,municipio,Base dos Dados / CNCA,-8.520000000000003,False,,743,gold
2024,2901601,29,BA,Antas,23.17,49.89,municipio,Base dos Dados / CNCA,-26.72,False,,743,gold
2024,2513356,25,PB,Santa Inês,39.01,57.18,municipio,Base dos Dados / CNCA,-18.17,False,,743,gold
2024,3115201,31,MG,Conceição da Barra de Minas,70.43,70.55,municipio,Base dos Dados / CNCA,-0.11999999999999034,False,,743,gold
2024,2707305,27,AL,Porto Calvo,45.99,43.17,municipio,Base dos Dados / CNCA,2.8200000000000003,True,,743,gold
2024,2914604,29,BA,Irecê,46.83,48.05,municipio,Base dos Dados / CNCA,-1.2199999999999989,False,,743,gold
2024,1502939,15,PA,Dom Eliseu,69.24,62.75,municipio,Base dos Dados / CNCA,6.489999999999995,True,,743,gold
2024,2402600,24,RN,Ceará-Mirim,34.66,43.8,uf_fallback,Base dos Dados / CNCA,-9.14,False,,743,gold
2024,4313409,43,RS,Novo Hamburgo,37.0,65.27,municipio,Base dos Dados / CNCA,-28.269999999999996,False,,743,gold
2024,2901304,29,BA,Andaraí,47.79,50.48,municipio,Base dos Dados / CNCA,-2.6899999999999977,False,,743,gold
2024,4109807,41,PR,Ibiporã,64.9,74.39,municipio,Base dos Dados / CNCA,-9.489999999999995,False,,743,gold
2024,4314209,43,RS,Pedro Osório,34.3,69.69,municipio,Base dos Dados / CNCA,-35.39,False,,743,gold
2024,5005202,50,MS,Ladário,33.36,32.39,municipio,Base dos Dados / CNCA,0.9699999999999989,True,,743,gold
2024,4303103,43,RS,Cachoeirinha,40.5,61.68,municipio,Base dos Dados / CNCA,-21.18,False,,743,gold
2024,3133303,31,MG,Itaobim,52.98,54.67,municipio,Base dos Dados / CNCA,-1.6900000000000048,False,,743,gold
2024,4108452,41,PR,Foz do Jordão,78.1,80.0,municipio,Base dos Dados / CNCA,-1.9000000000000057,False,,743,gold
2024,2927804,29,BA,Santa Cruz da Vitória,37.04,50.76,municipio,Base dos Dados / CNCA,-13.719999999999999,False,,743,gold
2024,3120300,31,MG,Cristália,54.17,33.57,municipio,Base dos Dados / CNCA,20.6,True,,743,gold
2024,4314423,43,RS,Picada Café,57.1,80.0,municipio,Base dos Dados / CNCA,-22.9,False,,743,gold
2024,5218003,52,GO,Porangatu,49.92,56.34,municipio,Base dos Dados / CNCA,-6.420000000000002,False,,743,gold
2024,1101492,11,RO,São Francisco do Guaporé,62.99,68.1,municipio,Base dos Dados / CNCA,-5.109999999999992,False,,743,gold
2024,3132701,31,MG,Itambacuri,57.33,56.29,municipio,Base dos Dados / CNCA,1.0399999999999991,True,,743,gold
2024,1200351,12,AC,Marechal Thaumaturgo,62.82,59.9,uf_fallback,Base dos Dados / CNCA,2.9200000000000017,True,,743,gold
2024,4201109,42,SC,Anitápolis,56.94,64.5,uf_fallback,Base dos Dados / CNCA,-7.560000000000002,False,,743,gold
2024,2911303,29,BA,Gentio do Ouro,54.32,50.71,municipio,Base dos Dados / CNCA,3.6099999999999994,True,,743,gold
2024,3136801,31,MG,Juramento,55.56,65.99,municipio,Base dos Dados / CNCA,-10.429999999999993,False,,743,gold
2024,4113759,41,PR,Lunardelli,70.4,61.2,municipio,Base dos Dados / CNCA,9.200000000000003,True,,743,gold
2024,4320503,43,RS,Sertão,47.2,63.15,municipio,Base dos Dados / CNCA,-15.949999999999996,False,,743,gold
2024,3135704,31,MG,Jequitibá,65.96,57.0,municipio,Base dos Dados / CNCA,8.959999999999994,True,,743,gold
2024,2103554,21,MA,Conceição do Lago-Açu,54.26,49.69,municipio,Base dos Dados / CNCA,4.57,True,,743,gold
2024,3160009,31,MG,Santo Antônio do Aventureiro,45.65,80.0,municipio,Base dos Dados / CNCA,-34.35,False,,743,gold
2024,4200754,42,SC,Alto Bela Vista,85.18,80.0,municipio,Base dos Dados / CNCA,5.180000000000007,True,,743,gold
2024,1200344,12,AC,Manoel Urbano,42.51,59.9,uf_fallback,Base dos Dados / CNCA,-17.39,False,,743,gold
2024,2708006,27,AL,Santana do Ipanema,44.16,41.57,municipio,Base dos Dados / CNCA,2.5899999999999963,True,,743,gold
2024,3166709,31,MG,Serra dos Aimorés,65.83,56.46,municipio,Base dos Dados / CNCA,9.369999999999997,True,,743,gold
2024,4300059,43,RS,Água Santa,55.1,67.13,municipio,Base dos Dados / CNCA,-12.029999999999994,False,,743,gold
2024,4113304,41,PR,Laranjeiras do Sul,68.0,73.37,municipio,Base dos Dados / CNCA,-5.3700000000000045,False,,743,gold
2024,4311775,43,RS,Maquiné,36.9,66.2,uf_fallback,Base dos Dados / CNCA,-29.300000000000004,False,,743,gold
2024,2906501,29,BA,Candeias,36.67,39.6,municipio,Base dos Dados / CNCA,-2.9299999999999997,False,,743,gold
2024,3302106,33,RJ,Itaocara,70.09,67.71,municipio,Base dos Dados / CNCA,2.3800000000000097,True,,743,gold
2024,4118709,41,PR,Paulo Frontin,84.51,80.0,municipio,Base dos Dados / CNCA,4.510000000000005,True,,743,gold
2024,4321105,43,RS,Tapes,51.3,62.14,municipio,Base dos Dados / CNCA,-10.840000000000003,False,,743,gold
2024,3519253,35,SP,Iaras,42.77,48.52,municipio,Base dos Dados / CNCA,-5.75,False,,743,gold
2024,1715705,17,TO,Palmeirante,31.27,14.38,municipio,Base dos Dados / CNCA,16.89,True,,743,gold
2024,1200252,12,AC,Epitaciolândia,52.28,59.9,uf_fallback,Base dos Dados / CNCA,-7.619999999999997,False,,743,gold
2024,3154804,31,MG,Rio Acima,72.91,46.93,municipio,Base dos Dados / CNCA,25.979999999999997,True,,743,gold
2024,2606705,26,PE,Ibirajuba,62.42,45.68,municipio,Base dos Dados / CNCA,16.740000000000002,True,,743,gold
2024,2100907,21,MA,Araioses,42.52,60.17,municipio,Base dos Dados / CNCA,-17.65,False,,743,gold
2024,4202305,42,SC,Biguaçu,45.29,64.5,uf_fallback,Base dos Dados / CNCA,-19.21,False,,743,gold
2024,4301909,43,RS,Barra do Ribeiro,31.6,70.43,municipio,Base dos Dados / CNCA,-38.830000000000005,False,,743,gold
2024,2902807,29,BA,Barra da Estiva,47.17,52.87,municipio,Base dos Dados / CNCA,-5.699999999999996,False,,743,gold
2024,4319356,43,RS,São Pedro da Serra,58.8,80.0,municipio,Base dos Dados / CNCA,-21.200000000000003,False,,743,gold
2024,4105805,41,PR,Colombo,60.67,67.38,municipio,Base dos Dados / CNCA,-6.709999999999994,False,,743,gold
2024,2211100,22,PI,União,35.21,34.02,municipio,Base dos Dados / CNCA,1.1899999999999977,True,,743,gold
2024,3306107,33,RJ,Valença,55.84,61.95,municipio,Base dos Dados / CNCA,-6.109999999999999,False,,743,gold
2024,1100940,11,RO,Cujubim,67.6,77.84,municipio,Base dos Dados / CNCA,-10.240000000000009,False,,743,gold
2024,4113502,41,PR,Loanda,73.8,73.6,municipio,Base dos Dados / CNCA,0.20000000000000284,True,,743,gold
2024,2400406,24,RN,Água Nova,39.66,40.19,municipio,Base dos Dados / CNCA,-0.5300000000000011,False,,743,gold
2024,3114550,31,MG,Carneirinho,64.51,56.8,municipio,Base dos Dados / CNCA,7.710000000000008,True,,743,gold
2024,5003751,50,MS,Eldorado,56.45,76.1,municipio,Base dos Dados / CNCA,-19.64999999999999,False,,743,gold
2024,2606606,26,PE,Ibimirim,63.13,55.58,municipio,Base dos Dados / CNCA,7.550000000000004,True,,743,gold
2024,2905107,29,BA,Caém,36.71,42.1,municipio,Base dos Dados / CNCA,-5.390000000000001,False,,743,gold
2024,4126256,41,PR,Sarandi,56.55,61.63,municipio,Base dos Dados / CNCA,-5.080000000000005,False,,743,gold
2024,2404903,24,RN,Itaú,50.96,57.42,municipio,Base dos Dados / CNCA,-6.460000000000001,False,,743,gold
2024,4314050,43,RS,Parobé,38.0,61.51,municipio,Base dos Dados / CNCA,-23.509999999999998,False,,743,gold
2024,2800506,28,SE,Areia Branca,44.81,34.29,municipio,Base dos Dados / CNCA,10.520000000000003,True,,743,gold
2024,4310108,43,RS,Igrejinha,47.7,80.0,municipio,Base dos Dados / CNCA,-32.3,False,,743,gold
2024,4313656,43,RS,Palmares do Sul,50.3,57.88,municipio,Base dos Dados / CNCA,-7.580000000000005,False,,743,gold
2024,4101606,41,PR,Arapoti,67.63,76.12,municipio,Base dos Dados / CNCA,-8.490000000000009,False,,743,gold
2024,2412609,24,RN,São Paulo do Potengi,36.91,43.8,uf_fallback,Base dos Dados / CNCA,-6.890000000000001,False,,743,gold
2024,5007695,50,MS,São Gabriel do Oeste,62.23,56.9,municipio,Base dos Dados / CNCA,5.329999999999998,True,,743,gold
2024,4128807,41,PR,Xambrê,55.19,74.79,municipio,Base dos Dados / CNCA,-19.60000000000001,False,,743,gold
2024,4128104,41,PR,Umuarama,63.1,66.74,municipio,Base dos Dados / CNCA,-3.6399999999999935,False,,743,gold
2024,1100296,11,RO,Santa Luzia D'Oeste,83.36,76.7,municipio,Base dos Dados / CNCA,6.659999999999997,True,,743,gold
2024,2413904,24,RN,Taipu,37.29,43.17,municipio,Base dos Dados / CNCA,-5.880000000000003,False,,743,gold
2024,5102702,51,MT,Canarana,42.06,39.4,municipio,Base dos Dados / CNCA,2.6600000000000037,True,,743,gold
2024,2704500,27,AL,Maragogi,45.6,39.36,municipio,Base dos Dados / CNCA,6.240000000000002,True,,743,gold
2024,2102606,21,MA,Cândido Mendes,49.53,64.65,municipio,Base dos Dados / CNCA,-15.120000000000005,False,,743,gold
2024,1100155,11,RO,Ouro Preto do Oeste,66.4,73.58,municipio,Base dos Dados / CNCA,-7.179999999999993,False,,743,gold
2024,3554656,35,SP,Torre de Pedra,30.77,40.22,municipio,Base dos Dados / CNCA,-9.45,False,,743,gold
2024,1501253,15,PA,Bannach,47.37,53.6,uf_fallback,Base dos Dados / CNCA,-6.230000000000004,False,,743,gold
2024,3121902,31,MG,Divinésia,75.0,48.91,municipio,Base dos Dados / CNCA,26.090000000000003,True,,743,gold
2024,1100502,11,RO,Novo Horizonte do Oeste,70.67,73.7,municipio,Base dos Dados / CNCA,-3.030000000000001,False,,743,gold
2024,4305801,43,RS,Constantina,48.5,80.0,municipio,Base dos Dados / CNCA,-31.5,False,,743,gold
2024,3143203,31,MG,Monte Santo de Minas,61.59,48.17,municipio,Base dos Dados / CNCA,13.420000000000002,True,,743,gold
2024,2804508,28,SE,Nossa Senhora da Glória,37.56,36.66,municipio,Base dos Dados / CNCA,0.9000000000000057,True,,743,gold
2024,4127106,41,PR,Telêmaco Borba,61.71,65.96,municipio,Base dos Dados / CNCA,-4.249999999999993,False,,743,gold
2024,3112901,31,MG,Caputira,83.3,62.8,municipio,Base dos Dados / CNCA,20.5,True,,743,gold
2024,2401909,24,RN,Caiçara do Rio do Vento,36.91,44.52,municipio,Base dos Dados / CNCA,-7.6100000000000065,False,,743,gold
2024,2903706,29,BA,Boa Nova,46.51,49.97,municipio,Base dos Dados / CNCA,-3.460000000000001,False,,743,gold
2024,4217709,42,SC,Sombrio,52.23,67.39,municipio,Base dos Dados / CNCA,-15.160000000000004,False,,743,gold
2024,1506708,15,PA,Santana do Araguaia,58.51,58.75,municipio,Base dos Dados / CNCA,-0.240000000000002,False,,743,gold
2024,2614006,26,PE,Serrita,59.7,58.07,municipio,Base dos Dados / CNCA,1.6300000000000026,True,,743,gold
2024,1700400,17,TO,Almas,48.18,22.65,municipio,Base dos Dados / CNCA,25.53,True,,743,gold
2024,3105400,31,MG,Barão de Cocais,62.71,62.28,municipio,Base dos Dados / CNCA,0.4299999999999997,True,,743,gold
2024,4300034,43,RS,Aceguá,52.5,71.55,municipio,Base dos Dados / CNCA,-19.049999999999997,False,,743,gold
2024,2507200,25,PB,Itatuba,36.64,30.53,municipio,Base dos Dados / CNCA,6.109999999999999,True,,743,gold
2024,2931806,29,BA,Tremedal,42.86,54.5,municipio,Base dos Dados / CNCA,-11.64,False,,743,gold
2024,2101806,21,MA,Benedito Leite,47.28,59.98,municipio,Base dos Dados / CNCA,-12.699999999999996,False,,743,gold
2024,3304110,33,RJ,Porto Real,63.3,63.97,municipio,Base dos Dados / CNCA,-0.6700000000000017,False,,743,gold
2024,4304663,43,RS,Capão do Leão,29.8,53.81,municipio,Base dos Dados / CNCA,-24.01,False,,743,gold
2024,2501807,25,PB,Bayeux,38.08,40.74,municipio,Base dos Dados / CNCA,-2.6600000000000037,False,,743,gold
2024,2410405,24,RN,Pureza,33.85,42.59,municipio,Base dos Dados / CNCA,-8.740000000000002,False,,743,gold
2024,1714203,17,TO,Natividade,43.89,35.38,municipio,Base dos Dados / CNCA,8.509999999999998,True,,743,gold
2024,1505106,15,PA,Óbidos,53.98,53.94,municipio,Base dos Dados / CNCA,0.03999999999999915,True,,743,gold
2024,3204807,32,ES,São José do Calçado,62.35,75.36,municipio,Base dos Dados / CNCA,-13.009999999999998,False,,743,gold
2024,4102604,41,PR,Barracão,73.99,73.73,municipio,Base dos Dados / CNCA,0.2599999999999909,True,,743,gold
2024,5007406,50,MS,Rio Verde de Mato Grosso,49.11,52.63,municipio,Base dos Dados / CNCA,-3.520000000000003,False,,743,gold
2024,5005400,50,MS,Maracaju,46.55,46.82,municipio,Base dos Dados / CNCA,-0.2700000000000031,False,,743,gold
2024,4123303,41,PR,Santa Cruz de Monte Castelo,59.1,80.0,municipio,Base dos Dados / CNCA,-20.9,False,,743,gold
2024,1502152,15,PA,Canaã dos Carajás,65.12,65.05,municipio,Base dos Dados / CNCA,0.07000000000000739,True,,743,gold
2024,4306379,43,RS,Dilermando de Aguiar,53.6,69.35,municipio,Base dos Dados / CNCA,-15.749999999999993,False,,743,gold
2024,4306767,43,RS,Eldorado do Sul,28.5,66.2,uf_fallback,Base dos Dados / CNCA,-37.7,False,,743,gold
2024,2208502,22,PI,Porto,36.04,46.38,municipio,Base dos Dados / CNCA,-10.340000000000003,False,,743,gold
2024,1600204,16,AP,Calçoene,40.24,41.81,municipio,Base dos Dados / CNCA,-1.5700000000000003,False,,743,gold
2024,2502102,25,PB,Boa Ventura,47.71,35.73,municipio,Base dos Dados / CNCA,11.980000000000004,True,,743,gold
2024,2910727,29,BA,Eunápolis,38.37,41.41,municipio,Base dos Dados / CNCA,-3.039999999999999,False,,743,gold
2024,2921054,29,BA,Matina,42.52,47.77,municipio,Base dos Dados / CNCA,-5.25,False,,743,gold
2024,4318002,43,RS,São Borja,48.2,67.78,municipio,Base dos Dados / CNCA,-19.58,False,,743,gold
2024,2704708,27,AL,Marechal Deodoro,46.23,46.8,municipio,Base dos Dados / CNCA,-0.5700000000000003,False,,743,gold
2024,4319158,43,RS,São Miguel das Missões,50.7,76.86,municipio,Base dos Dados / CNCA,-26.159999999999997,False,,743,gold
2024,3132305,31,MG,Itaipé,60.31,61.22,municipio,Base dos Dados / CNCA,-0.9099999999999966,False,,743,gold
2024,3302205,33,RJ,Itaperuna,65.26,70.46,municipio,Base dos Dados / CNCA,-5.199999999999989,False,,743,gold
2024,2701704,27,AL,Capela,42.53,47.36,municipio,Base dos Dados / CNCA,-4.829999999999998,False,,743,gold
2024,1505650,15,PA,Placas,55.72,53.6,uf_fallback,Base dos Dados / CNCA,2.1199999999999974,True,,743,gold
2024,3300233,33,RJ,Armação dos Búzios,68.56,69.27,municipio,Base dos Dados / CNCA,-0.7099999999999937,False,,743,gold
2024,5212709,52,GO,Mambaí,68.27,55.28,municipio,Base dos Dados / CNCA,12.989999999999995,True,,743,gold
2024,4114500,41,PR,Manoel Ribas,71.98,69.69,municipio,Base dos Dados / CNCA,2.2900000000000063,True,,743,gold
2024,3134301,31,MG,Itumirim,82.59,62.66,municipio,Base dos Dados / CNCA,19.930000000000007,True,,743,gold
2024,2205508,22,PI,José de Freitas,42.98,54.78,municipio,Base dos Dados / CNCA,-11.800000000000004,False,,743,gold
2024,1720655,17,TO,Silvanópolis,37.39,41.52,municipio,Base dos Dados / CNCA,-4.130000000000003,False,,743,gold
2024,2612406,26,PE,Sanharó,65.85,47.86,municipio,Base dos Dados / CNCA,17.989999999999995,True,,743,gold
2024,3303955,33,RJ,Pinheiral,63.28,56.08,municipio,Base dos Dados / CNCA,7.200000000000003,True,,743,gold
2024,2614808,26,PE,Tacaratu,73.8,60.02,municipio,Base dos Dados / CNCA,13.779999999999994,True,,743,gold
2024,2611200,26,PE,Poção,64.18,65.42,municipio,Base dos Dados / CNCA,-1.2399999999999949,False,,743,gold
2024,4117305,41,PR,Ortigueira,57.28,65.49,municipio,Base dos Dados / CNCA,-8.209999999999994,False,,743,gold
2024,3150570,31,MG,Pintópolis,64.82,53.21,municipio,Base dos Dados / CNCA,11.609999999999992,True,,743,gold
2024,4305587,43,RS,Colinas,39.9,80.0,municipio,Base dos Dados / CNCA,-40.1,False,,743,gold
2024,5003256,50,MS,Costa Rica,54.88,45.24,municipio,Base dos Dados / CNCA,9.64,True,,743,gold
2024,2407203,24,RN,Macau,32.43,34.46,municipio,Base dos Dados / CNCA,-2.030000000000001,False,,743,gold
2024,2409209,24,RN,Passagem,50.69,52.73,municipio,Base dos Dados / CNCA,-2.039999999999999,False,,743,gold
2024,2107902,21,MA,Passagem Franca,58.43,77.24,municipio,Base dos Dados / CNCA,-18.809999999999995,False,,743,gold
2024,2112506,21,MA,Tutóia,57.61,44.16,municipio,Base dos Dados / CNCA,13.450000000000003,True,,743,gold
2024,4313334,43,RS,Nova Ramada,28.0,80.0,municipio,Base dos Dados / CNCA,-52.0,False,,743,gold
2024,2206704,22,PI,Nazaré do Piauí,39.0,52.31,municipio,Base dos Dados / CNCA,-13.310000000000002,False,,743,gold
2024,4311270,43,RS,Lagoa dos Três Cantos,36.0,64.89,municipio,Base dos Dados / CNCA,-28.89,False,,743,gold
2024,2933406,29,BA,Wagner,45.0,57.82,municipio,Base dos Dados / CNCA,-12.82,False,,743,gold
2024,3138104,31,MG,Lassance,48.0,80.0,municipio,Base dos Dados / CNCA,-32.0,False,,743,gold
2024,2708709,27,AL,São Miguel dos Milagres,50.67,41.31,municipio,Base dos Dados / CNCA,9.36,True,,743,gold
2024,4314753,43,RS,Poço das Antas,66.3,80.0,municipio,Base dos Dados / CNCA,-13.700000000000003,False,,743,gold
2024,4305116,43,RS,Centenário,72.0,66.2,uf_fallback,Base dos Dados / CNCA,5.799999999999997,True,,743,gold
2024,2203750,22,PI,Fartura do Piauí,52.0,43.27,municipio,Base dos Dados / CNCA,8.729999999999997,True,,743,gold
2024,2601201,26,PE,Arcoverde,70.04,62.92,municipio,Base dos Dados / CNCA,7.1200000000000045,True,,743,gold
2024,4105706,41,PR,Clevelândia,74.84,74.18,municipio,Base dos Dados / CNCA,0.6599999999999966,True,,743,gold
2024,2412203,24,RN,São José de Mipibu,33.92,41.43,municipio,Base dos Dados / CNCA,-7.509999999999998,False,,743,gold
2024,4314779,43,RS,Pontão,46.9,66.2,uf_fallback,Base dos Dados / CNCA,-19.300000000000004,False,,743,gold
2024,2601706,26,PE,Belo Jardim,43.93,54.67,municipio,Base dos Dados / CNCA,-10.740000000000002,False,,743,gold
2024,2708907,27,AL,Satuba,55.11,48.85,municipio,Base dos Dados / CNCA,6.259999999999998,True,,743,gold
2024,4110607,41,PR,Iporã,68.95,66.75,municipio,Base dos Dados / CNCA,2.200000000000003,True,,743,gold
2024,2111409,21,MA,São Luís Gonzaga do Maranhão,70.44,75.6,municipio,Base dos Dados / CNCA,-5.159999999999997,False,,743,gold
2024,3515129,35,SP,Emilianópolis,88.58,53.16,municipio,Base dos Dados / CNCA,35.42,True,,743,gold
2024,4212809,42,SC,Balneário Piçarras,53.84,64.55,municipio,Base dos Dados / CNCA,-10.709999999999994,False,,743,gold
2024,2102804,21,MA,Carolina,50.96,50.25,municipio,Base dos Dados / CNCA,0.7100000000000009,True,,743,gold
2024,2603702,26,PE,Canhotinho,65.49,53.45,municipio,Base dos Dados / CNCA,12.039999999999992,True,,743,gold
2024,1100015,11,RO,Alta Floresta D'Oeste,67.79,67.08,municipio,Base dos Dados / CNCA,0.710000000000008,True,,743,gold
2024,2112001,21,MA,Tasso Fragoso,54.9,50.74,municipio,Base dos Dados / CNCA,4.159999999999997,True,,743,gold
2024,2401206,24,RN,Arês,31.22,31.97,municipio,Base dos Dados / CNCA,-0.75,False,,743,gold
2024,2926400,29,BA,Riacho de Santana,52.53,48.17,municipio,Base dos Dados / CNCA,4.359999999999999,True,,743,gold
2024,2103604,21,MA,Coroatá,55.72,47.59,municipio,Base dos Dados / CNCA,8.129999999999995,True,,743,gold
2024,2610608,26,PE,Paudalho,66.03,65.79,municipio,Base dos Dados / CNCA,0.23999999999999488,True,,743,gold
2024,4114302,41,PR,Mandirituba,64.48,79.47,municipio,Base dos Dados / CNCA,-14.989999999999995,False,,743,gold
2024,4101705,41,PR,Araruna,77.54,76.65,municipio,Base dos Dados / CNCA,0.8900000000000006,True,,743,gold
2024,3110806,31,MG,Campanário,47.62,64.52,municipio,Base dos Dados / CNCA,-16.9,False,,743,gold
2024,3300407,33,RJ,Barra Mansa,63.88,62.64,municipio,Base dos Dados / CNCA,1.240000000000002,True,,743,gold
2024,4119608,41,PR,Pitanga,73.42,74.08,municipio,Base dos Dados / CNCA,-0.6599999999999966,False,,743,gold
2024,1718758,17,TO,Rio Sono,26.8,35.01,municipio,Base dos Dados / CNCA,-8.209999999999997,False,,743,gold
2024,4100707,41,PR,Alto Piquiri,64.66,75.54,municipio,Base dos Dados / CNCA,-10.88000000000001,False,,743,gold
2024,1506187,15,PA,Rondon do Pará,68.8,63.45,municipio,Base dos Dados / CNCA,5.349999999999994,True,,743,gold
2024,3555406,35,SP,Ubatuba,36.64,47.43,municipio,Base dos Dados / CNCA,-10.79,False,,743,gold
2024,2207603,22,PI,Parnaguá,47.35,69.66,municipio,Base dos Dados / CNCA,-22.309999999999995,False,,743,gold
2024,3135050,31,MG,Jaíba,59.64,48.75,municipio,Base dos Dados / CNCA,10.89,True,,743,gold
2024,2510907,25,PB,Paulista,40.28,64.86,municipio,Base dos Dados / CNCA,-24.58,False,,743,gold
2024,2930709,29,BA,Simões Filho,42.14,48.58,municipio,Base dos Dados / CNCA,-6.439999999999998,False,,743,gold
2024,4101200,41,PR,Antonina,63.75,68.53,municipio,Base dos Dados / CNCA,-4.780000000000001,False,,743,gold
2024,4107157,41,PR,Diamante D'Oeste,74.32,69.28,municipio,Base dos Dados / CNCA,5.039999999999992,True,,743,gold
2024,4106704,41,PR,Cruzeiro do Sul,71.42,72.78,municipio,Base dos Dados / CNCA,-1.3599999999999994,False,,743,gold
2024,1700301,17,TO,Aguiarnópolis,40.89,32.42,municipio,Base dos Dados / CNCA,8.469999999999999,True,,743,gold
2024,3115904,31,MG,Chácara,44.9,35.95,municipio,Base dos Dados / CNCA,8.949999999999996,True,,743,gold
2024,5005004,50,MS,Jardim,53.84,42.02,municipio,Base dos Dados / CNCA,11.82,True,,743,gold
2024,3118205,31,MG,Conquista,65.5,70.54,municipio,Base dos Dados / CNCA,-5.040000000000006,False,,743,gold
2024,4316451,43,RS,Salto do Jacuí,58.1,80.0,municipio,Base dos Dados / CNCA,-21.9,False,,743,gold
2024,4202503,42,SC,Bom Jardim da Serra,34.51,46.82,municipio,Base dos Dados / CNCA,-12.310000000000002,False,,743,gold
2024,5219753,52,GO,Santo Antônio do Descoberto,53.64,48.66,municipio,Base dos Dados / CNCA,4.980000000000004,True,,743,gold
2024,4128625,41,PR,Alto Paraíso,68.04,74.2,uf_fallback,Base dos Dados / CNCA,-6.159999999999997,False,,743,gold
2024,3157278,31,MG,Santa Bárbara do Monte Verde,67.82,56.62,municipio,Base dos Dados / CNCA,11.199999999999996,True,,743,gold
2024,4105409,41,PR,Chopinzinho,70.85,80.0,municipio,Base dos Dados / CNCA,-9.150000000000006,False,,743,gold
2024,3535804,35,SP,Paranapanema,42.59,54.37,municipio,Base dos Dados / CNCA,-11.779999999999994,False,,743,gold
2024,2111250,21,MA,São José dos Basílios,56.16,19.22,municipio,Base dos Dados / CNCA,36.94,True,,743,gold
2024,3300100,33,RJ,Angra dos Reis,60.8,60.82,municipio,Base dos Dados / CNCA,-0.020000000000003126,False,,743,gold
2024,3304508,33,RJ,Rio das Flores,67.73,63.05,municipio,Base dos Dados / CNCA,4.680000000000007,True,,743,gold
2024,2705002,27,AL,Mata Grande,42.45,46.37,municipio,Base dos Dados / CNCA,-3.9199999999999946,False,,743,gold
2024,4319372,43,RS,São Pedro do Butiá,64.0,80.0,municipio,Base dos Dados / CNCA,-16.0,False,,743,gold
2024,4105102,41,PR,Centenário do Sul,74.15,58.53,municipio,Base dos Dados / CNCA,15.620000000000005,True,,743,gold
2024,4104055,41,PR,Campo Bonito,78.31,73.98,municipio,Base dos Dados / CNCA,4.329999999999998,True,,743,gold
2024,2408300,24,RN,Nova Cruz,27.74,37.61,municipio,Base dos Dados / CNCA,-9.870000000000001,False,,743,gold
2024,2404705,24,RN,Ipanguaçu,40.91,20.1,municipio,Base dos Dados / CNCA,20.809999999999995,True,,743,gold
2024,4322400,43,RS,Uruguaiana,45.7,64.39,municipio,Base dos Dados / CNCA,-18.689999999999998,False,,743,gold
2024,4100608,41,PR,Alto Paraná,70.12,67.45,municipio,Base dos Dados / CNCA,2.6700000000000017,True,,743,gold
2024,4201307,42,SC,Araquari,49.55,64.5,uf_fallback,Base dos Dados / CNCA,-14.950000000000003,False,,743,gold
2024,2610004,26,PE,Palmares,64.85,48.92,municipio,Base dos Dados / CNCA,15.929999999999993,True,,743,gold
2024,2700706,27,AL,Batalha,45.96,40.06,municipio,Base dos Dados / CNCA,5.899999999999999,True,,743,gold
2024,4122651,41,PR,Rosário do Ivaí,77.0,71.09,municipio,Base dos Dados / CNCA,5.909999999999997,True,,743,gold
2024,4322152,43,RS,Tunas,41.1,70.11,municipio,Base dos Dados / CNCA,-29.009999999999998,False,,743,gold
2024,2803708,28,SE,Macambira,29.17,44.75,municipio,Base dos Dados / CNCA,-15.579999999999998,False,,743,gold
2024,4311718,43,RS,Maçambará,49.9,69.08,municipio,Base dos Dados / CNCA,-19.18,False,,743,gold
2024,3156205,31,MG,Rochedo de Minas,58.33,60.44,municipio,Base dos Dados / CNCA,-2.1099999999999994,False,,743,gold
2024,4319703,43,RS,São Valentim,48.5,80.0,municipio,Base dos Dados / CNCA,-31.5,False,,743,gold
2024,4205357,42,SC,Flor do Sertão,58.33,80.0,municipio,Base dos Dados / CNCA,-21.67,False,,743,gold
2024,5005103,50,MS,Jateí,57.92,68.83,municipio,Base dos Dados / CNCA,-10.909999999999997,False,,743,gold
2024,4312955,43,RS,Nova Boa Vista,66.7,80.0,municipio,Base dos Dados / CNCA,-13.299999999999997,False,,743,gold
2024,1100080,11,RO,Costa Marques,59.63,80.0,municipio,Base dos Dados / CNCA,-20.369999999999997,False,,743,gold
2024,2210391,22,PI,São Miguel do Fidalgo,64.42,59.81,municipio,Base dos Dados / CNCA,4.609999999999999,True,,743,gold
2024,2202075,22,PI,Cajazeiras do Piauí,75.0,80.0,municipio,Base dos Dados / CNCA,-5.0,False,,743,gold
2024,5209408,52,GO,Guarani de Goiás,64.58,39.09,municipio,Base dos Dados / CNCA,25.489999999999995,True,,743,gold
2024,1304104,13,AM,Tapauá,50.55,54.31,municipio,Base dos Dados / CNCA,-3.760000000000005,False,,743,gold
2024,2500577,25,PB,Algodão de Jandaíra,50.16,50.06,municipio,Base dos Dados / CNCA,0.09999999999999432,True,,743,gold
2024,2931608,29,BA,Teolândia,44.76,52.65,municipio,Base dos Dados / CNCA,-7.890000000000001,False,,743,gold
2024,2105302,21,MA,Imperatriz,54.73,50.82,municipio,Base dos Dados / CNCA,3.9099999999999966,True,,743,gold
2024,3158904,31,MG,Santana do Manhuaçu,77.24,80.0,municipio,Base dos Dados / CNCA,-2.760000000000005,False,,743,gold
2024,2931707,29,BA,Terra Nova,28.42,30.46,municipio,Base dos Dados / CNCA,-2.039999999999999,False,,743,gold
2024,1718006,17,TO,Porto Alegre do Tocantins,37.89,12.49,municipio,Base dos Dados / CNCA,25.4,True,,743,gold
2024,4205191,42,SC,Ermo,69.96,64.5,uf_fallback,Base dos Dados / CNCA,5.459999999999994,True,,743,gold
2024,2917359,29,BA,Jaborandi,43.16,47.06,municipio,Base dos Dados / CNCA,-3.9000000000000057,False,,743,gold
2024,4203303,42,SC,Campo Alegre,59.82,68.68,municipio,Base dos Dados / CNCA,-8.860000000000007,False,,743,gold
2024,4206603,42,SC,Guarujá do Sul,59.9,80.0,municipio,Base dos Dados / CNCA,-20.1,False,,743,gold
2024,3301876,33,RJ,Iguaba Grande,70.32,65.34,municipio,Base dos Dados / CNCA,4.97999999999999,True,,743,gold
2024,2211209,22,PI,Uruçuí,31.55,34.96,municipio,Base dos Dados / CNCA,-3.41,False,,743,gold
2024,2919504,29,BA,Livramento de Nossa Senhora,38.06,44.87,municipio,Base dos Dados / CNCA,-6.809999999999995,False,,743,gold
2024,4304606,43,RS,Canoas,42.9,57.6,municipio,Base dos Dados / CNCA,-14.700000000000003,False,,743,gold
2024,5004502,50,MS,Itaporã,54.29,70.79,municipio,Base dos Dados / CNCA,-16.500000000000007,False,,743,gold
2024,2914109,29,BA,Ipupiara,59.15,68.9,municipio,Base dos Dados / CNCA,-9.750000000000007,False,,743,gold
2024,4125506,41,PR,São José dos Pinhais,64.3,69.26,municipio,Base dos Dados / CNCA,-4.960000000000008,False,,743,gold
2024,3141108,31,MG,Matozinhos,62.97,52.79,municipio,Base dos Dados / CNCA,10.18,True,,743,gold
2024,2606804,26,PE,Igarassu,66.97,65.47,municipio,Base dos Dados / CNCA,1.5,True,,743,gold
2024,4119152,41,PR,Pinhais,57.37,65.58,municipio,Base dos Dados / CNCA,-8.21,False,,743,gold
2024,3306305,33,RJ,Volta Redonda,63.25,63.41,municipio,Base dos Dados / CNCA,-0.1599999999999966,False,,743,gold
2024,2922730,29,BA,Nova Fátima,31.91,52.21,municipio,Base dos Dados / CNCA,-20.3,False,,743,gold
2024,4309209,43,RS,Gravataí,40.5,66.33,municipio,Base dos Dados / CNCA,-25.83,False,,743,gold
2024,4301602,43,RS,Bagé,43.3,64.98,municipio,Base dos Dados / CNCA,-21.680000000000007,False,,743,gold
2024,2923605,29,BA,Paramirim,48.94,52.28,municipio,Base dos Dados / CNCA,-3.3400000000000034,False,,743,gold
2024,1505031,15,PA,Novo Progresso,56.8,64.5,municipio,Base dos Dados / CNCA,-7.700000000000003,False,,743,gold
2024,3144359,31,MG,Naque,64.96,79.61,municipio,Base dos Dados / CNCA,-14.650000000000006,False,,743,gold
2024,2105351,21,MA,Itaipava do Grajaú,72.99,80.0,municipio,Base dos Dados / CNCA,-7.010000000000005,False,,743,gold
2024,1101757,11,RO,Vale do Anari,55.65,43.54,municipio,Base dos Dados / CNCA,12.11,True,,743,gold
2024,3306206,33,RJ,Vassouras,60.33,67.8,municipio,Base dos Dados / CNCA,-7.469999999999999,False,,743,gold
2024,5000708,50,MS,Anastácio,41.7,34.56,municipio,Base dos Dados / CNCA,7.140000000000001,True,,743,gold
2024,4309001,43,RS,Giruá,52.3,76.85,municipio,Base dos Dados / CNCA,-24.549999999999997,False,,743,gold
2024,5004601,50,MS,Itaquiraí,79.41,74.38,municipio,Base dos Dados / CNCA,5.030000000000001,True,,743,gold
2024,2412005,24,RN,São Gonçalo do Amarante,33.42,56.91,municipio,Base dos Dados / CNCA,-23.489999999999995,False,,743,gold
2024,4317954,43,RS,Santo Expedito do Sul,78.1,80.0,municipio,Base dos Dados / CNCA,-1.9000000000000057,False,,743,gold
2024,2112100,21,MA,Timbiras,44.63,47.97,municipio,Base dos Dados / CNCA,-3.3399999999999963,False,,743,gold
2024,3113602,31,MG,Careaçu,74.18,80.0,municipio,Base dos Dados / CNCA,-5.819999999999993,False,,743,gold
2024,3129657,31,MG,Ibiracatu,56.19,66.87,municipio,Base dos Dados / CNCA,-10.680000000000007,False,,743,gold
2024,5221304,52,GO,Três Ranchos,84.05,79.54,municipio,Base dos Dados / CNCA,4.509999999999991,True,,743,gold
2024,4104105,41,PR,Campo do Tenente,80.98,80.0,municipio,Base dos Dados / CNCA,0.980000000000004,True,,743,gold
2024,4317004,43,RS,Santana da Boa Vista,33.9,53.93,municipio,Base dos Dados / CNCA,-20.03,False,,743,gold
2024,4314407,43,RS,Pelotas,39.3,66.2,uf_fallback,Base dos Dados / CNCA,-26.900000000000006,False,,743,gold
2024,4103479,41,PR,Cafezal do Sul,64.76,59.73,municipio,Base dos Dados / CNCA,5.030000000000008,True,,743,gold
2024,1702000,17,TO,Araguaçu,40.54,50.21,municipio,Base dos Dados / CNCA,-9.670000000000002,False,,743,gold
2024,2110856,21,MA,São Francisco do Brejão,42.73,65.51,municipio,Base dos Dados / CNCA,-22.78000000000001,False,,743,gold
2024,3117405,31,MG,Conceição de Ipanema,74.88,80.0,municipio,Base dos Dados / CNCA,-5.1200000000000045,False,,743,gold
2024,2113009,21,MA,Vitorino Freire,73.1,55.82,municipio,Base dos Dados / CNCA,17.279999999999994,True,,743,gold
2024,4122503,41,PR,Roncador,76.32,80.0,municipio,Base dos Dados / CNCA,-3.680000000000007,False,,743,gold
2024,4315057,43,RS,Porto Mauá,95.2,47.22,municipio,Base dos Dados / CNCA,47.980000000000004,True,,743,gold
2024,3531902,35,SP,Morro Agudo,45.3,59.31,municipio,Base dos Dados / CNCA,-14.010000000000005,False,,743,gold
2024,4315149,43,RS,Presidente Lucena,56.3,80.0,municipio,Base dos Dados / CNCA,-23.700000000000003,False,,743,gold
2024,1503044,15,PA,Floresta do Araguaia,67.37,53.03,municipio,Base dos Dados / CNCA,14.340000000000003,True,,743,gold
2024,2919108,29,BA,Lamarão,19.57,29.42,municipio,Base dos Dados / CNCA,-9.850000000000001,False,,743,gold
2024,2900405,29,BA,Água Fria,30.43,28.14,municipio,Base dos Dados / CNCA,2.289999999999999,True,,743,gold
2024,2208809,22,PI,Regeneração,31.32,47.06,municipio,Base dos Dados / CNCA,-15.740000000000002,False,,743,gold
2024,4317301,43,RS,Santa Vitória do Palmar,46.0,59.99,municipio,Base dos Dados / CNCA,-13.990000000000002,False,,743,gold
2024,2918704,29,BA,Lafaiete Coutinho,56.52,69.64,municipio,Base dos Dados / CNCA,-13.119999999999997,False,,743,gold
2024,2106755,21,MA,Miranda do Norte,50.55,59.27,municipio,Base dos Dados / CNCA,-8.720000000000006,False,,743,gold
2024,5205802,52,GO,Corumbá de Goiás,80.7,73.34,municipio,Base dos Dados / CNCA,7.359999999999999,True,,743,gold
2024,5200209,52,GO,Água Limpa,78.26,71.23,municipio,Base dos Dados / CNCA,7.030000000000001,True,,743,gold
2024,2612554,26,PE,Santa Filomena,53.14,62.41,municipio,Base dos Dados / CNCA,-9.269999999999996,False,,743,gold
2024,3305802,33,RJ,Teresópolis,64.17,63.09,municipio,Base dos Dados / CNCA,1.0799999999999983,True,,743,gold
2024,4204194,42,SC,Chapadão do Lageado,65.91,57.0,municipio,Base dos Dados / CNCA,8.909999999999997,True,,743,gold
2024,2111052,21,MA,São João do Paraíso,43.97,40.36,municipio,Base dos Dados / CNCA,3.6099999999999994,True,,743,gold
2024,5106828,51,MT,Porto Esperidião,49.8,49.74,municipio,Base dos Dados / CNCA,0.05999999999999517,True,,743,gold
2024,4305447,43,RS,Chuvisca,69.0,72.46,municipio,Base dos Dados / CNCA,-3.4599999999999937,False,,743,gold
2024,2600302,26,PE,Agrestina,64.09,73.01,municipio,Base dos Dados / CNCA,-8.920000000000002,False,,743,gold
2024,1718907,17,TO,Santa Rosa do Tocantins,36.92,27.99,municipio,Base dos Dados / CNCA,8.930000000000003,True,,743,gold
2024,4312708,43,RS,Nonoai,44.6,48.14,municipio,Base dos Dados / CNCA,-3.539999999999999,False,,743,gold
2024,3154309,31,MG,Resplendor,61.12,72.87,municipio,Base dos Dados / CNCA,-11.750000000000007,False,,743,gold
2024,4317905,43,RS,Santo Cristo,59.8,76.62,municipio,Base dos Dados / CNCA,-16.820000000000007,False,,743,gold
2024,2919801,29,BA,Macaúbas,31.5,49.35,municipio,Base dos Dados / CNCA,-17.85,False,,743,gold
2024,5007505,50,MS,Rochedo,48.97,45.12,municipio,Base dos Dados / CNCA,3.8500000000000014,True,,743,gold
2024,3302304,33,RJ,Laje do Muriaé,48.41,50.82,municipio,Base dos Dados / CNCA,-2.4100000000000037,False,,743,gold
2024,2609600,26,PE,Olinda,62.29,62.95,municipio,Base dos Dados / CNCA,-0.6600000000000037,False,,743,gold
2024,2612505,26,PE,Santa Cruz do Capibaribe,55.94,57.31,municipio,Base dos Dados / CNCA,-1.3700000000000045,False,,743,gold
2024,1508126,15,PA,Ulianópolis,61.52,64.77,municipio,Base dos Dados / CNCA,-3.249999999999993,False,,743,gold
2024,2505238,25,PB,Cuité de Mamanguape,22.16,16.05,municipio,Base dos Dados / CNCA,6.109999999999999,True,,743,gold
2024,2501005,25,PB,Araruna,40.53,41.93,municipio,Base dos Dados / CNCA,-1.3999999999999986,False,,743,gold
2024,2708402,27,AL,São José da Tapera,50.43,54.11,municipio,Base dos Dados / CNCA,-3.6799999999999997,False,,743,gold
2024,3147204,31,MG,Paraguaçu,69.21,65.34,municipio,Base dos Dados / CNCA,3.8699999999999903,True,,743,gold
2024,3135456,31,MG,Jenipapo de Minas,59.39,63.2,uf_fallback,Base dos Dados / CNCA,-3.8100000000000023,False,,743,gold
2024,2515302,25,PB,Sapé,39.0,40.74,municipio,Base dos Dados / CNCA,-1.740000000000002,False,,743,gold
2024,1200401,12,AC,Rio Branco,54.55,59.9,uf_fallback,Base dos Dados / CNCA,-5.350000000000001,False,,743,gold
2024,2102903,21,MA,Carutapera,61.21,59.63,municipio,Base dos Dados / CNCA,1.5799999999999983,True,,743,gold
2024,2102358,21,MA,Buritirana,54.91,64.45,municipio,Base dos Dados / CNCA,-9.540000000000006,False,,743,gold
2024,3304524,33,RJ,Rio das Ostras,68.67,68.13,municipio,Base dos Dados / CNCA,0.5400000000000063,True,,743,gold
2024,3302254,33,RJ,Itatiaia,67.6,67.45,municipio,Base dos Dados / CNCA,0.14999999999999147,True,,743,gold
2024,4321352,43,RS,Tavares,28.9,68.03,municipio,Base dos Dados / CNCA,-39.13,False,,743,gold
2024,2709400,27,AL,Viçosa,49.91,46.3,municipio,Base dos Dados / CNCA,3.6099999999999994,True,,743,gold
2024,4125407,41,PR,São José da Boa Vista,76.15,80.0,municipio,Base dos Dados / CNCA,-3.8499999999999943,False,,743,gold
2024,1710904,17,TO,Itapiratins,53.53,41.84,municipio,Base dos Dados / CNCA,11.689999999999998,True,,743,gold
2024,4314605,43,RS,Piratini,54.5,63.34,municipio,Base dos Dados / CNCA,-8.840000000000003,False,,743,gold
2024,2500205,25,PB,Aguiar,61.96,70.54,municipio,Base dos Dados / CNCA,-8.580000000000005,False,,743,gold
2024,4302501,43,RS,Bossoroca,46.9,54.93,municipio,Base dos Dados / CNCA,-8.030000000000001,False,,743,gold
2024,2907806,29,BA,Cícero Dantas,36.31,37.98,municipio,Base dos Dados / CNCA,-1.6699999999999946,False,,743,gold
2024,2910008,29,BA,Dário Meira,41.07,44.31,municipio,Base dos Dados / CNCA,-3.240000000000002,False,,743,gold
2024,2614501,26,PE,Surubim,58.71,59.49,municipio,Base dos Dados / CNCA,-0.7800000000000011,False,,743,gold
2024,5003157,50,MS,Coronel Sapucaia,60.75,79.13,municipio,Base dos Dados / CNCA,-18.379999999999995,False,,743,gold
2024,3168507,31,MG,Teixeiras,71.12,76.18,municipio,Base dos Dados / CNCA,-5.060000000000002,False,,743,gold
2024,4204251,42,SC,Cocal do Sul,60.6,64.5,uf_fallback,Base dos Dados / CNCA,-3.8999999999999986,False,,743,gold
2024,2101772,21,MA,Bela Vista do Maranhão,77.73,56.48,municipio,Base dos Dados / CNCA,21.250000000000007,True,,743,gold
2024,4311205,43,RS,Júlio de Castilhos,41.7,66.2,uf_fallback,Base dos Dados / CNCA,-24.5,False,,743,gold
2024,2925204,29,BA,Pojuca,51.55,63.76,municipio,Base dos Dados / CNCA,-12.21,False,,743,gold
2024,3304607,33,RJ,Santa Maria Madalena,65.02,67.06,municipio,Base dos Dados / CNCA,-2.0400000000000063,False,,743,gold
2024,2109908,21,MA,Santa Inês,50.83,52.49,municipio,Base dos Dados / CNCA,-1.6600000000000037,False,,743,gold
2024,2912004,29,BA,Ibiassucê,61.19,67.46,municipio,Base dos Dados / CNCA,-6.269999999999996,False,,743,gold
2024,4307708,43,RS,Esteio,46.6,66.11,municipio,Base dos Dados / CNCA,-19.509999999999998,False,,743,gold
2024,2923506,29,BA,Palmeiras,40.45,49.55,municipio,Base dos Dados / CNCA,-9.099999999999994,False,,743,gold
2024,2204352,22,PI,Geminiano,53.59,26.56,municipio,Base dos Dados / CNCA,27.030000000000005,True,,743,gold
2024,4203154,42,SC,Calmon,57.9,65.76,municipio,Base dos Dados / CNCA,-7.8600000000000065,False,,743,gold
2024,4311130,43,RS,Jari,36.4,66.2,uf_fallback,Base dos Dados / CNCA,-29.800000000000004,False,,743,gold
2024,4210407,42,SC,Maracajá,61.81,62.07,municipio,Base dos Dados / CNCA,-0.259999999999998,False,,743,gold
2024,5002704,50,MS,Campo Grande,51.59,47.69,municipio,Base dos Dados / CNCA,3.9000000000000057,True,,743,gold
2024,2104909,21,MA,Guimarães,86.95,80.0,municipio,Base dos Dados / CNCA,6.950000000000003,True,,743,gold
2024,3117306,31,MG,Conceição das Alagoas,58.64,59.46,municipio,Base dos Dados / CNCA,-0.8200000000000003,False,,743,gold
2024,2701209,27,AL,Cacimbinhas,54.19,37.62,municipio,Base dos Dados / CNCA,16.57,True,,743,gold
2024,2616308,26,PE,Vicência,68.15,61.19,municipio,Base dos Dados / CNCA,6.960000000000008,True,,743,gold
2024,4314803,43,RS,Portão,39.8,60.02,municipio,Base dos Dados / CNCA,-20.220000000000006,False,,743,gold
2024,2407401,24,RN,Martins,54.91,47.7,municipio,Base dos Dados / CNCA,7.209999999999994,True,,743,gold
2024,3144300,31,MG,Nanuque,60.09,56.6,municipio,Base dos Dados / CNCA,3.490000000000002,True,,743,gold
2024,4103206,41,PR,Bom Sucesso,72.9,57.91,municipio,Base dos Dados / CNCA,14.990000000000009,True,,743,gold
2024,1713601,17,TO,Monte do Carmo,19.71,71.56,municipio,Base dos Dados / CNCA,-51.85,False,,743,gold
2024,4314100,43,RS,Passo Fundo,36.5,62.1,municipio,Base dos Dados / CNCA,-25.6,False,,743,gold
2024,1101302,11,RO,Mirante da Serra,73.82,62.66,municipio,Base dos Dados / CNCA,11.159999999999997,True,,743,gold
2024,2203859,22,PI,Floresta do Piauí,54.55,80.0,municipio,Base dos Dados / CNCA,-25.450000000000003,False,,743,gold
2024,1718451,17,TO,Pugmil,40.91,27.85,municipio,Base dos Dados / CNCA,13.059999999999995,True,,743,gold
2024,4302584,43,RS,Bozano,27.3,80.0,municipio,Base dos Dados / CNCA,-52.7,False,,743,gold
2024,2512606,25,PB,Quixabá,45.45,70.95,municipio,Base dos Dados / CNCA,-25.5,False,,743,gold
2024,2207934,22,PI,Pedro Laurentino,47.35,44.28,municipio,Base dos Dados / CNCA,3.0700000000000003,True,,743,gold
2024,2931301,29,BA,Tapiramutá,41.82,39.97,municipio,Base dos Dados / CNCA,1.8500000000000014,True,,743,gold
2024,2910776,29,BA,Feira da Mata,45.45,59.76,municipio,Base dos Dados / CNCA,-14.309999999999995,False,,743,gold
2024,4312104,43,RS,Mata,50.0,67.91,municipio,Base dos Dados / CNCA,-17.909999999999997,False,,743,gold
2024,4323309,43,RS,Vila Flores,68.8,80.0,municipio,Base dos Dados / CNCA,-11.200000000000003,False,,743,gold
2024,3153202,31,MG,Presidente Juscelino,54.55,80.0,municipio,Base dos Dados / CNCA,-25.450000000000003,False,,743,gold
2024,4315156,43,RS,Progresso,64.8,78.65,municipio,Base dos Dados / CNCA,-13.850000000000009,False,,743,gold
2024,5207105,52,GO,Diorama,77.27,80.0,municipio,Base dos Dados / CNCA,-2.730000000000004,False,,743,gold
2024,2926004,29,BA,Remanso,35.26,32.32,municipio,Base dos Dados / CNCA,2.9399999999999977,True,,743,gold
2024,1504752,15,PA,Mojuí dos Campos,43.72,59.31,municipio,Base dos Dados / CNCA,-15.590000000000003,False,,743,gold
2024,4127601,41,PR,Tijucas do Sul,68.4,78.94,municipio,Base dos Dados / CNCA,-10.539999999999992,False,,743,gold
2024,2921708,29,BA,Morro do Chapéu,28.31,42.87,municipio,Base dos Dados / CNCA,-14.559999999999999,False,,743,gold
2024,2403707,24,RN,Felipe Guerra,51.71,58.61,municipio,Base dos Dados / CNCA,-6.899999999999999,False,,743,gold
2024,4305108,43,RS,Caxias do Sul,43.6,70.89,municipio,Base dos Dados / CNCA,-27.29,False,,743,gold
2024,3303609,33,RJ,Paracambi,69.98,66.88,municipio,Base dos Dados / CNCA,3.1000000000000085,True,,743,gold
2024,3161403,31,MG,São Francisco do Glória,78.59,62.82,municipio,Base dos Dados / CNCA,15.770000000000003,True,,743,gold
2024,3304128,33,RJ,Quatis,60.05,54.03,municipio,Base dos Dados / CNCA,6.019999999999996,True,,743,gold
2024,4107652,41,PR,Fazenda Rio Grande,64.69,70.65,municipio,Base dos Dados / CNCA,-5.960000000000008,False,,743,gold
2024,4104709,41,PR,Carlópolis,66.18,74.67,municipio,Base dos Dados / CNCA,-8.489999999999995,False,,743,gold
2024,4220000,42,SC,Balneário Rincão,51.64,55.22,municipio,Base dos Dados / CNCA,-3.5799999999999983,False,,743,gold
2024,4308409,43,RS,Formigueiro,56.9,80.0,municipio,Base dos Dados / CNCA,-23.1,False,,743,gold
2024,2111763,21,MA,Senador La Rocque,64.13,39.21,municipio,Base dos Dados / CNCA,24.919999999999995,True,,743,gold
2024,2102408,21,MA,Cajapió,64.0,68.3,municipio,Base dos Dados / CNCA,-4.299999999999997,False,,743,gold
2024,4202081,42,SC,Bandeirante,56.89,71.69,municipio,Base dos Dados / CNCA,-14.799999999999997,False,,743,gold
2024,2606200,26,PE,Goiana,45.89,57.59,municipio,Base dos Dados / CNCA,-11.700000000000003,False,,743,gold
2024,5001102,50,MS,Aquidauana,58.42,71.59,municipio,Base dos Dados / CNCA,-13.170000000000002,False,,743,gold
2024,2600203,26,PE,Afrânio,59.87,58.8,municipio,Base dos Dados / CNCA,1.0700000000000003,True,,743,gold
2024,3162559,31,MG,São João do Manhuaçu,71.72,77.22,municipio,Base dos Dados / CNCA,-5.5,False,,743,gold
2024,4119202,41,PR,Pinhalão,76.88,74.89,municipio,Base dos Dados / CNCA,1.9899999999999949,True,,743,gold
2024,2505402,25,PB,Desterro,45.8,59.88,municipio,Base dos Dados / CNCA,-14.080000000000005,False,,743,gold
2024,4124103,41,PR,Santo Antônio da Platina,55.04,63.64,municipio,Base dos Dados / CNCA,-8.600000000000001,False,,743,gold
2024,1100098,11,RO,Espigão D'Oeste,69.79,80.0,municipio,Base dos Dados / CNCA,-10.209999999999994,False,,743,gold
2024,3116506,31,MG,Claro dos Poções,68.63,71.63,municipio,Base dos Dados / CNCA,-3.0,False,,743,gold
2024,2200459,22,PI,Alvorada do Gurguéia,41.74,70.23,municipio,Base dos Dados / CNCA,-28.490000000000002,False,,743,gold
2024,3144656,31,MG,Ninheira,77.17,54.31,municipio,Base dos Dados / CNCA,22.86,True,,743,gold
2024,4308102,43,RS,Feliz,46.1,73.9,municipio,Base dos Dados / CNCA,-27.800000000000004,False,,743,gold
2024,4127809,41,PR,Tomazina,83.7,80.0,municipio,Base dos Dados / CNCA,3.700000000000003,True,,743,gold
2024,4310603,43,RS,Itaqui,47.9,66.2,uf_fallback,Base dos Dados / CNCA,-18.300000000000004,False,,743,gold
2024,5103106,51,MT,Cocalinho,52.39,78.9,municipio,Base dos Dados / CNCA,-26.510000000000005,False,,743,gold
2024,2616209,26,PE,Vertentes,56.85,59.19,municipio,Base dos Dados / CNCA,-2.3399999999999963,False,,743,gold
2024,3100906,31,MG,Águas Formosas,61.93,63.2,uf_fallback,Base dos Dados / CNCA,-1.2700000000000031,False,,743,gold
2024,1700350,17,TO,Aliança do Tocantins,76.09,80.0,municipio,Base dos Dados / CNCA,-3.9099999999999966,False,,743,gold
2024,1300904,13,AM,Canutama,75.82,56.8,uf_fallback,Base dos Dados / CNCA,19.019999999999996,True,,743,gold
2024,3539103,35,SP,Pirapora do Bom Jesus,40.79,49.33,municipio,Base dos Dados / CNCA,-8.54,False,,743,gold
2024,5001508,50,MS,Bandeirantes,52.42,33.17,municipio,Base dos Dados / CNCA,19.25,True,,743,gold
2024,4210803,42,SC,Meleiro,48.04,58.99,municipio,Base dos Dados / CNCA,-10.950000000000003,False,,743,gold
2024,2105500,21,MA,João Lisboa,55.83,41.8,municipio,Base dos Dados / CNCA,14.030000000000001,True,,743,gold
2024,2610707,26,PE,Paulista,54.94,55.98,municipio,Base dos Dados / CNCA,-1.0399999999999991,False,,743,gold
2024,2105476,21,MA,Jenipapo dos Vieiras,69.39,52.45,municipio,Base dos Dados / CNCA,16.939999999999998,True,,743,gold
2024,1506906,15,PA,Santarém Novo,78.25,56.76,municipio,Base dos Dados / CNCA,21.490000000000002,True,,743,gold
2024,4213708,42,SC,Pouso Redondo,63.51,68.69,municipio,Base dos Dados / CNCA,-5.18,False,,743,gold
2024,4319802,43,RS,São Vicente do Sul,46.3,77.73,municipio,Base dos Dados / CNCA,-31.430000000000007,False,,743,gold
2024,3551405,35,SP,Serra Azul,44.65,31.16,municipio,Base dos Dados / CNCA,13.489999999999998,True,,743,gold
2024,2600609,26,PE,Alagoinha,53.87,48.79,municipio,Base dos Dados / CNCA,5.079999999999998,True,,743,gold
2024,2105708,21,MA,Lago da Pedra,79.18,80.0,municipio,Base dos Dados / CNCA,-0.8199999999999932,False,,743,gold
2024,2103901,21,MA,Duque Bacelar,81.51,71.09,municipio,Base dos Dados / CNCA,10.420000000000002,True,,743,gold
2024,2100600,21,MA,Amarante do Maranhão,41.33,51.2,municipio,Base dos Dados / CNCA,-9.870000000000005,False,,743,gold
2024,2901155,29,BA,América Dourada,43.23,39.16,municipio,Base dos Dados / CNCA,4.07,True,,743,gold
2024,5003702,50,MS,Dourados,53.18,46.65,municipio,Base dos Dados / CNCA,6.530000000000001,True,,743,gold
2024,3157203,31,MG,Santa Bárbara,66.55,71.52,municipio,Base dos Dados / CNCA,-4.969999999999999,False,,743,gold
2024,2105427,21,MA,Itinga do Maranhão,60.13,79.93,municipio,Base dos Dados / CNCA,-19.800000000000004,False,,743,gold
2024,4107850,41,PR,Flor da Serra do Sul,85.55,80.0,municipio,Base dos Dados / CNCA,5.549999999999997,True,,743,gold
2024,4312401,43,RS,Montenegro,43.0,68.22,municipio,Base dos Dados / CNCA,-25.22,False,,743,gold
2024,4211900,42,SC,Palhoça,47.35,64.5,uf_fallback,Base dos Dados / CNCA,-17.15,False,,743,gold
2024,2706901,27,AL,Pilar,45.81,44.11,municipio,Base dos Dados / CNCA,1.7000000000000028,True,,743,gold
2024,3137007,31,MG,Ladainha,54.47,31.02,municipio,Base dos Dados / CNCA,23.45,True,,743,gold
2024,2607208,26,PE,Ipojuca,64.15,70.24,municipio,Base dos Dados / CNCA,-6.089999999999989,False,,743,gold
2024,3303401,33,RJ,Nova Friburgo,68.84,67.69,municipio,Base dos Dados / CNCA,1.1500000000000057,True,,743,gold
2024,2112308,21,MA,Tuntum,66.43,45.32,municipio,Base dos Dados / CNCA,21.110000000000007,True,,743,gold
2024,5106778,51,MT,Porto Alegre do Norte,53.25,38.13,municipio,Base dos Dados / CNCA,15.119999999999997,True,,743,gold
2024,2917201,29,BA,Ituaçu,43.98,61.25,municipio,Base dos Dados / CNCA,-17.270000000000003,False,,743,gold
2024,3152808,31,MG,Prata,50.5,59.46,municipio,Base dos Dados / CNCA,-8.96,False,,743,gold
2024,3147402,31,MG,Paraopeba,72.26,53.95,municipio,Base dos Dados / CNCA,18.310000000000002,True,,743,gold
2024,3108503,31,MG,Botumirim,81.34,63.2,uf_fallback,Base dos Dados / CNCA,18.14,True,,743,gold
2024,4322541,43,RS,Vale Real,40.0,76.86,municipio,Base dos Dados / CNCA,-36.86,False,,743,gold
2024,2801405,28,SE,Carira,34.24,40.4,municipio,Base dos Dados / CNCA,-6.159999999999997,False,,743,gold
2024,4306106,43,RS,Cruz Alta,54.7,61.17,municipio,Base dos Dados / CNCA,-6.469999999999999,False,,743,gold
2024,3167608,31,MG,Simonésia,72.42,67.98,municipio,Base dos Dados / CNCA,4.439999999999998,True,,743,gold
2024,1706506,17,TO,Darcinópolis,45.61,38.24,municipio,Base dos Dados / CNCA,7.369999999999997,True,,743,gold
2024,5002209,50,MS,Bonito,58.78,57.78,municipio,Base dos Dados / CNCA,1.0,True,,743,gold
2024,5102850,51,MT,Castanheira,64.87,65.88,municipio,Base dos Dados / CNCA,-1.009999999999991,False,,743,gold
2024,2917607,29,BA,Jaguaquara,53.7,51.78,municipio,Base dos Dados / CNCA,1.9200000000000017,True,,743,gold
2024,4218103,42,SC,Timbé do Sul,80.2,72.66,municipio,Base dos Dados / CNCA,7.540000000000006,True,,743,gold
2024,3119203,31,MG,Coroaci,73.42,60.17,municipio,Base dos Dados / CNCA,13.25,True,,743,gold
2024,5007950,50,MS,Tacuru,56.62,56.3,municipio,Base dos Dados / CNCA,0.3200000000000003,True,,743,gold
2024,3140605,31,MG,Materlândia,28.57,43.68,municipio,Base dos Dados / CNCA,-15.11,False,,743,gold
2024,4300307,43,RS,Alecrim,42.4,66.2,uf_fallback,Base dos Dados / CNCA,-23.800000000000004,False,,743,gold
2024,3123403,31,MG,Doresópolis,66.67,44.9,municipio,Base dos Dados / CNCA,21.770000000000003,True,,743,gold
2024,2111201,21,MA,São José de Ribamar,56.58,65.19,municipio,Base dos Dados / CNCA,-8.61,False,,743,gold
2024,3125804,31,MG,Fernandes Tourinho,52.38,66.17,municipio,Base dos Dados / CNCA,-13.79,False,,743,gold
2024,5214903,52,GO,Nova Roma,71.43,64.38,municipio,Base dos Dados / CNCA,7.050000000000011,True,,743,gold
2024,2110005,21,MA,Santa Luzia,58.7,58.67,municipio,Base dos Dados / CNCA,0.030000000000001137,True,,743,gold
2024,1720150,17,TO,São Félix do Tocantins,61.9,80.0,municipio,Base dos Dados / CNCA,-18.1,False,,743,gold
2024,3126208,31,MG,Formoso,80.63,64.21,municipio,Base dos Dados / CNCA,16.42,True,,743,gold
2024,2105153,21,MA,Igarapé do Meio,77.64,62.41,municipio,Base dos Dados / CNCA,15.230000000000004,True,,743,gold
2024,2208551,22,PI,Porto Alegre do Piauí,64.29,74.81,municipio,Base dos Dados / CNCA,-10.519999999999996,False,,743,gold
2024,2600500,26,PE,Águas Belas,59.77,61.28,municipio,Base dos Dados / CNCA,-1.509999999999998,False,,743,gold
2024,2510006,25,PB,Nazarezinho,63.86,43.11,municipio,Base dos Dados / CNCA,20.75,True,,743,gold
2024,4102901,41,PR,Bituruna,70.06,80.0,municipio,Base dos Dados / CNCA,-9.939999999999998,False,,743,gold
2024,4304408,43,RS,Canela,46.8,78.87,municipio,Base dos Dados / CNCA,-32.07000000000001,False,,743,gold
2024,4122206,41,PR,Rio Branco do Sul,61.35,65.21,municipio,Base dos Dados / CNCA,-3.8599999999999923,False,,743,gold
2024,4128633,41,PR,Doutor Ulysses,69.45,76.87,municipio,Base dos Dados / CNCA,-7.420000000000002,False,,743,gold
2024,5100102,51,MT,Acorizal,40.41,44.52,municipio,Base dos Dados / CNCA,-4.1100000000000065,False,,743,gold
2024,4317707,43,RS,Santo Antônio das Missões,54.4,74.48,municipio,Base dos Dados / CNCA,-20.080000000000005,False,,743,gold
2024,2602704,26,PE,Buenos Aires,85.53,65.79,municipio,Base dos Dados / CNCA,19.739999999999995,True,,743,gold
2024,4111704,41,PR,Jaboti,73.86,80.0,municipio,Base dos Dados / CNCA,-6.140000000000001,False,,743,gold
2024,2803104,28,SE,Itabi,33.65,26.4,municipio,Base dos Dados / CNCA,7.25,True,,743,gold
2024,4202107,42,SC,Barra Velha,48.69,64.5,uf_fallback,Base dos Dados / CNCA,-15.810000000000002,False,,743,gold
2024,3304557,33,RJ,Rio de Janeiro,63.81,60.14,municipio,Base dos Dados / CNCA,3.6700000000000017,True,,743,gold
2024,4123006,41,PR,Salto do Lontra,76.46,80.0,municipio,Base dos Dados / CNCA,-3.5400000000000063,False,,743,gold
2024,2409308,24,RN,Patu,32.39,39.13,municipio,Base dos Dados / CNCA,-6.740000000000002,False,,743,gold
2024,2925303,29,BA,Porto Seguro,45.5,52.13,municipio,Base dos Dados / CNCA,-6.630000000000003,False,,743,gold
2024,4309753,43,RS,Ibarama,48.9,72.44,municipio,Base dos Dados / CNCA,-23.54,False,,743,gold
2024,2609303,26,PE,Mirandiba,57.83,42.17,municipio,Base dos Dados / CNCA,15.659999999999997,True,,743,gold
2024,4314175,43,RS,Pedras Altas,55.9,67.21,municipio,Base dos Dados / CNCA,-11.309999999999995,False,,743,gold
2024,3557303,35,SP,Estiva Gerbi,51.48,50.77,municipio,Base dos Dados / CNCA,0.7099999999999937,True,,743,gold
2024,4301305,43,RS,Arroio Grande,43.4,66.2,uf_fallback,Base dos Dados / CNCA,-22.800000000000004,False,,743,gold
2024,3150802,31,MG,Piranga,76.61,63.43,municipio,Base dos Dados / CNCA,13.18,True,,743,gold
2024,5105234,51,MT,Lambari D'Oeste,51.5,80.0,municipio,Base dos Dados / CNCA,-28.5,False,,743,gold
2024,2603009,26,PE,Cabrobó,61.21,70.14,municipio,Base dos Dados / CNCA,-8.93,False,,743,gold
2024,3134400,31,MG,Iturama,69.61,59.85,municipio,Base dos Dados / CNCA,9.759999999999998,True,,743,gold
2024,2106300,21,MA,Magalhães de Almeida,82.04,56.28,municipio,Base dos Dados / CNCA,25.760000000000005,True,,743,gold
2024,2607901,26,PE,Jaboatão dos Guararapes,54.98,61.03,municipio,Base dos Dados / CNCA,-6.050000000000004,False,,743,gold
2024,4117503,41,PR,Paiçandu,62.96,70.33,municipio,Base dos Dados / CNCA,-7.369999999999997,False,,743,gold
2024,1100288,11,RO,Rolim de Moura,74.17,70.6,municipio,Base dos Dados / CNCA,3.5700000000000074,True,,743,gold
2024,4111555,41,PR,Ivaté,77.24,80.0,municipio,Base dos Dados / CNCA,-2.760000000000005,False,,743,gold
2024,4202057,42,SC,Balneário Barra do Sul,51.19,63.53,municipio,Base dos Dados / CNCA,-12.340000000000003,False,,743,gold
2024,1300631,13,AM,Beruri,82.53,56.8,uf_fallback,Base dos Dados / CNCA,25.730000000000004,True,,743,gold
2024,5106422,51,MT,Peixoto de Azevedo,41.77,42.73,municipio,Base dos Dados / CNCA,-0.9599999999999937,False,,743,gold
2024,5104906,51,MT,Jangada,54.87,59.89,municipio,Base dos Dados / CNCA,-5.020000000000003,False,,743,gold
2024,3306156,33,RJ,Varre-Sai,82.96,56.7,uf_fallback,Base dos Dados / CNCA,26.25999999999999,True,,743,gold
2024,2205854,22,PI,Madeiro,55.88,65.01,municipio,Base dos Dados / CNCA,-9.130000000000003,False,,743,gold
2024,2917409,29,BA,Jacaraci,56.86,66.43,municipio,Base dos Dados / CNCA,-9.570000000000007,False,,743,gold
2024,3525409,35,SP,Jeriquara,49.55,50.82,municipio,Base dos Dados / CNCA,-1.2700000000000031,False,,743,gold
2024,3553203,35,SP,Taiúva,57.37,70.03,municipio,Base dos Dados / CNCA,-12.660000000000004,False,,743,gold
2024,4307807,43,RS,Estrela,50.4,69.6,municipio,Base dos Dados / CNCA,-19.199999999999996,False,,743,gold
2024,2611606,26,PE,Recife,54.55,65.29,municipio,Base dos Dados / CNCA,-10.740000000000009,False,,743,gold
2024,2111300,21,MA,São Luís,56.74,52.79,municipio,Base dos Dados / CNCA,3.950000000000003,True,,743,gold
2024,3109402,31,MG,Buritizeiro,62.63,44.21,municipio,Base dos Dados / CNCA,18.42,True,,743,gold
2024,2411403,24,RN,Santana do Matos,59.53,28.87,municipio,Base dos Dados / CNCA,30.66,True,,743,gold
2024,2407609,24,RN,Messias Targino,26.32,23.97,municipio,Base dos Dados / CNCA,2.3500000000000014,True,,743,gold
2024,2503001,25,PB,Caaporã,29.81,44.29,municipio,Base dos Dados / CNCA,-14.48,False,,743,gold
2024,4208807,42,SC,Jaguaruna,57.64,48.39,municipio,Base dos Dados / CNCA,9.25,True,,743,gold
2024,2516805,25,PB,Triunfo,63.35,55.0,municipio,Base dos Dados / CNCA,8.350000000000001,True,,743,gold
2024,3135209,31,MG,Januária,57.52,27.24,municipio,Base dos Dados / CNCA,30.280000000000005,True,,743,gold
2024,2611507,26,PE,Quipapá,58.1,53.33,municipio,Base dos Dados / CNCA,4.770000000000003,True,,743,gold
2024,2927705,29,BA,Santa Cruz Cabrália,37.36,46.67,municipio,Base dos Dados / CNCA,-9.310000000000002,False,,743,gold
2024,4319901,43,RS,Sapiranga,43.8,73.9,municipio,Base dos Dados / CNCA,-30.10000000000001,False,,743,gold
2024,3149150,31,MG,Pedras de Maria da Cruz,46.09,35.81,municipio,Base dos Dados / CNCA,10.280000000000001,True,,743,gold
2024,2100477,21,MA,Alto Alegre do Pindaré,56.29,42.71,municipio,Base dos Dados / CNCA,13.579999999999998,True,,743,gold
2024,1708304,17,TO,Goianorte,40.0,57.94,municipio,Base dos Dados / CNCA,-17.939999999999998,False,,743,gold
2024,2933455,29,BA,Wanderley,55.37,58.33,municipio,Base dos Dados / CNCA,-2.960000000000001,False,,743,gold
2024,3118403,31,MG,Conselheiro Pena,54.72,69.02,municipio,Base dos Dados / CNCA,-14.299999999999997,False,,743,gold
2024,2111805,21,MA,Sítio Novo,54.44,48.38,municipio,Base dos Dados / CNCA,6.059999999999995,True,,743,gold
2024,3103405,31,MG,Araçuaí,62.93,50.02,municipio,Base dos Dados / CNCA,12.909999999999997,True,,743,gold
2024,4114104,41,PR,Mandaguaçu,62.29,63.44,municipio,Base dos Dados / CNCA,-1.1499999999999986,False,,743,gold
2024,2403608,24,RN,Extremoz,34.18,53.23,municipio,Base dos Dados / CNCA,-19.049999999999997,False,,743,gold
2024,4100509,41,PR,Altônia,78.17,71.92,municipio,Base dos Dados / CNCA,6.25,True,,743,gold
2024,2501906,25,PB,Belém,34.72,60.65,municipio,Base dos Dados / CNCA,-25.93,False,,743,gold
2024,4205407,42,SC,Florianópolis,49.64,64.5,uf_fallback,Base dos Dados / CNCA,-14.86,False,,743,gold
2024,2702801,27,AL,Flexeiras,49.34,41.5,municipio,Base dos Dados / CNCA,7.840000000000003,True,,743,gold
2024,2111532,21,MA,São Pedro da Água Branca,55.64,39.87,municipio,Base dos Dados / CNCA,15.770000000000003,True,,743,gold
2024,2514651,25,PB,São José do Brejo do Cruz,30.0,46.27,municipio,Base dos Dados / CNCA,-16.270000000000003,False,,743,gold
2024,4305975,43,RS,Coxilha,52.3,66.14,municipio,Base dos Dados / CNCA,-13.840000000000003,False,,743,gold
2024,1716307,17,TO,Pau D'Arco,37.96,11.05,municipio,Base dos Dados / CNCA,26.91,True,,743,gold
2024,4314134,43,RS,Paulo Bento,50.0,65.38,municipio,Base dos Dados / CNCA,-15.379999999999995,False,,743,gold
2024,4300851,43,RS,Arambaré,55.0,61.27,municipio,Base dos Dados / CNCA,-6.270000000000003,False,,743,gold
2024,2210979,22,PI,Tanque do Piauí,50.0,61.92,municipio,Base dos Dados / CNCA,-11.920000000000002,False,,743,gold
2024,4303400,43,RS,Caiçara,50.0,66.2,uf_fallback,Base dos Dados / CNCA,-16.200000000000003,False,,743,gold
2024,2203107,22,PI,Cristino Castro,85.0,55.47,municipio,Base dos Dados / CNCA,29.53,True,,743,gold
2024,4217105,42,SC,São Martinho,56.74,69.93,municipio,Base dos Dados / CNCA,-13.190000000000005,False,,743,gold
2024,5208152,52,GO,Gameleira de Goiás,79.76,80.0,municipio,Base dos Dados / CNCA,-0.23999999999999488,False,,743,gold
2024,2704005,27,AL,Junqueiro,56.66,57.72,municipio,Base dos Dados / CNCA,-1.0600000000000023,False,,743,gold
2024,2105922,21,MA,Lagoa do Mato,78.44,80.0,municipio,Base dos Dados / CNCA,-1.5600000000000023,False,,743,gold
2024,3166402,31,MG,Seritinga,75.0,66.62,municipio,Base dos Dados / CNCA,8.379999999999995,True,,743,gold
2024,4120309,41,PR,Porto Vitória,75.0,80.0,municipio,Base dos Dados / CNCA,-5.0,False,,743,gold
2024,1200708,12,AC,Xapuri,52.34,59.9,uf_fallback,Base dos Dados / CNCA,-7.559999999999995,False,,743,gold
2024,1507979,15,PA,Terra Santa,65.58,72.19,municipio,Base dos Dados / CNCA,-6.609999999999999,False,,743,gold
2024,4305900,43,RS,Coronel Bicaco,43.4,79.32,municipio,Base dos Dados / CNCA,-35.919999999999995,False,,743,gold
2024,2920502,29,BA,Maracás,43.58,57.02,municipio,Base dos Dados / CNCA,-13.440000000000005,False,,743,gold
2024,4115309,41,PR,Mariópolis,66.98,76.94,municipio,Base dos Dados / CNCA,-9.959999999999994,False,,743,gold
2024,4219101,42,SC,Vargeão,52.72,80.0,municipio,Base dos Dados / CNCA,-27.28,False,,743,gold
2024,1720903,17,TO,Taguatinga,42.45,44.76,municipio,Base dos Dados / CNCA,-2.309999999999995,False,,743,gold
2024,1200203,12,AC,Cruzeiro do Sul,51.43,59.9,uf_fallback,Base dos Dados / CNCA,-8.469999999999999,False,,743,gold
2024,2615003,26,PE,Taquaritinga do Norte,59.64,63.02,municipio,Base dos Dados / CNCA,-3.3800000000000026,False,,743,gold
2024,2112902,21,MA,Vitória do Mearim,60.19,54.07,municipio,Base dos Dados / CNCA,6.119999999999997,True,,743,gold
2024,3142908,31,MG,Monte Azul,67.01,80.0,municipio,Base dos Dados / CNCA,-12.989999999999995,False,,743,gold
2024,4315602,43,RS,Rio Grande,43.6,58.45,municipio,Base dos Dados / CNCA,-14.850000000000001,False,,743,gold
2024,3128600,31,MG,Guarda-Mor,51.62,79.19,municipio,Base dos Dados / CNCA,-27.57,False,,743,gold
2024,1508357,15,PA,Vitória do Xingu,70.18,63.83,municipio,Base dos Dados / CNCA,6.3500000000000085,True,,743,gold
2024,4300406,43,RS,Alegrete,44.4,66.2,uf_fallback,Base dos Dados / CNCA,-21.800000000000004,False,,743,gold
2024,2403509,24,RN,Espírito Santo,47.13,43.8,uf_fallback,Base dos Dados / CNCA,3.3300000000000054,True,,743,gold
2024,2205565,22,PI,Lagoa do Barro do Piauí,59.52,59.71,municipio,Base dos Dados / CNCA,-0.18999999999999773,False,,743,gold
2024,1507102,15,PA,São Caetano de Odivelas,69.85,40.26,municipio,Base dos Dados / CNCA,29.589999999999996,True,,743,gold
2024,2110104,21,MA,Santa Quitéria do Maranhão,80.19,80.0,municipio,Base dos Dados / CNCA,0.18999999999999773,True,,743,gold
2024,4121505,41,PR,Rebouças,77.0,80.0,municipio,Base dos Dados / CNCA,-3.0,False,,743,gold
2024,4300877,43,RS,Araricá,43.5,76.34,municipio,Base dos Dados / CNCA,-32.84,False,,743,gold
2024,2708808,27,AL,São Sebastião,42.43,43.27,municipio,Base dos Dados / CNCA,-0.8400000000000034,False,,743,gold
2024,4209409,42,SC,Laguna,52.91,40.16,municipio,Base dos Dados / CNCA,12.75,True,,743,gold
2024,3146255,31,MG,Padre Carvalho,71.68,52.45,municipio,Base dos Dados / CNCA,19.230000000000004,True,,743,gold
2024,2930006,29,BA,Sebastião Laranjeiras,42.37,62.51,municipio,Base dos Dados / CNCA,-20.14,False,,743,gold
2024,2406304,24,RN,Lagoa de Pedras,28.89,52.99,municipio,Base dos Dados / CNCA,-24.1,False,,743,gold
2024,4302907,43,RS,Cacequi,49.6,55.58,municipio,Base dos Dados / CNCA,-5.979999999999997,False,,743,gold
2024,5201454,52,GO,Aparecida do Rio Doce,87.09,62.97,municipio,Base dos Dados / CNCA,24.120000000000005,True,,743,gold
2024,3102704,31,MG,Cachoeira de Pajeú,77.96,63.57,municipio,Base dos Dados / CNCA,14.389999999999993,True,,743,gold
2024,2409100,24,RN,Passa e Fica,42.72,31.79,municipio,Base dos Dados / CNCA,10.93,True,,743,gold
2024,4322608,43,RS,Venâncio Aires,61.1,78.41,municipio,Base dos Dados / CNCA,-17.309999999999995,False,,743,gold
2024,4300901,43,RS,Aratiba,40.2,80.0,municipio,Base dos Dados / CNCA,-39.8,False,,743,gold
2024,2923803,29,BA,Paripiranga,39.8,56.5,municipio,Base dos Dados / CNCA,-16.700000000000003,False,,743,gold
2024,4322509,43,RS,Vacaria,41.3,68.24,municipio,Base dos Dados / CNCA,-26.939999999999998,False,,743,gold
2024,2204204,22,PI,Francisco Santos,48.78,49.73,municipio,Base dos Dados / CNCA,-0.9499999999999957,False,,743,gold
2024,2512804,25,PB,Riacho dos Cavalos,44.22,70.92,municipio,Base dos Dados / CNCA,-26.700000000000003,False,,743,gold
2024,2602803,26,PE,Buíque,55.5,57.08,municipio,Base dos Dados / CNCA,-1.5799999999999983,False,,743,gold
2024,3151602,31,MG,Planura,65.98,51.44,municipio,Base dos Dados / CNCA,14.540000000000006,True,,743,gold
2024,4303905,43,RS,Campo Bom,45.9,77.73,municipio,Base dos Dados / CNCA,-31.830000000000005,False,,743,gold
2024,2516003,25,PB,Solânea,45.73,78.77,municipio,Base dos Dados / CNCA,-33.04,False,,743,gold
2024,2511806,25,PB,Pirpirituba,41.49,41.41,municipio,Base dos Dados / CNCA,0.0800000000000054,True,,743,gold
2024,4208203,42,SC,Itajaí,54.98,64.5,uf_fallback,Base dos Dados / CNCA,-9.520000000000003,False,,743,gold
2024,1300086,13,AM,Anamã,63.84,40.16,municipio,Base dos Dados / CNCA,23.680000000000007,True,,743,gold
2024,5207402,52,GO,Edéia,72.29,80.0,municipio,Base dos Dados / CNCA,-7.709999999999994,False,,743,gold
2024,4313508,43,RS,Osório,42.3,69.76,municipio,Base dos Dados / CNCA,-27.460000000000008,False,,743,gold
2024,1718709,17,TO,Rio dos Bois,46.58,24.42,municipio,Base dos Dados / CNCA,22.159999999999997,True,,743,gold
2024,4118501,41,PR,Pato Branco,71.14,78.48,municipio,Base dos Dados / CNCA,-7.340000000000003,False,,743,gold
2024,2410108,24,RN,Poço Branco,25.34,43.8,uf_fallback,Base dos Dados / CNCA,-18.459999999999997,False,,743,gold
2024,2911204,29,BA,Gandu,47.2,40.16,municipio,Base dos Dados / CNCA,7.040000000000006,True,,743,gold
2024,2413706,24,RN,Sítio Novo,48.74,35.88,municipio,Base dos Dados / CNCA,12.86,True,,743,gold
2024,2604106,26,PE,Caruaru,58.37,59.11,municipio,Base dos Dados / CNCA,-0.740000000000002,False,,743,gold
2024,2917904,29,BA,Jandaíra,36.08,55.37,municipio,Base dos Dados / CNCA,-19.29,False,,743,gold
2024,3113305,31,MG,Carangola,60.84,55.64,municipio,Base dos Dados / CNCA,5.200000000000003,True,,743,gold
2024,5216403,52,GO,Paraúna,67.88,64.83,municipio,Base dos Dados / CNCA,3.049999999999997,True,,743,gold
2024,4213005,42,SC,Pinheiro Preto,79.31,62.71,municipio,Base dos Dados / CNCA,16.6,True,,743,gold
2024,2408102,24,RN,Natal,36.32,43.8,uf_fallback,Base dos Dados / CNCA,-7.479999999999997,False,,743,gold
2024,2501609,25,PB,Barra de Santa Rosa,45.83,60.31,municipio,Base dos Dados / CNCA,-14.480000000000004,False,,743,gold
2024,1200302,12,AC,Feijó,63.73,59.9,uf_fallback,Base dos Dados / CNCA,3.8299999999999983,True,,743,gold
2024,2600401,26,PE,Água Preta,55.57,64.26,municipio,Base dos Dados / CNCA,-8.690000000000005,False,,743,gold
2024,4103107,41,PR,Bocaiúva do Sul,57.37,54.2,municipio,Base dos Dados / CNCA,3.1699999999999946,True,,743,gold
2024,3305406,33,RJ,Sapucaia,65.37,67.94,municipio,Base dos Dados / CNCA,-2.569999999999993,False,,743,gold
2024,4320008,43,RS,Sapucaia do Sul,47.9,62.6,municipio,Base dos Dados / CNCA,-14.700000000000003,False,,743,gold
2024,2919058,29,BA,Lajedo do Tabocal,43.1,59.2,municipio,Base dos Dados / CNCA,-16.1,False,,743,gold
2024,3304003,33,RJ,Piraí,60.43,62.31,municipio,Base dos Dados / CNCA,-1.8800000000000026,False,,743,gold
2024,2100105,21,MA,Afonso Cunha,93.1,73.36,municipio,Base dos Dados / CNCA,19.739999999999995,True,,743,gold
2024,2704104,27,AL,Lagoa da Canoa,44.19,51.14,municipio,Base dos Dados / CNCA,-6.950000000000003,False,,743,gold
2024,2706406,27,AL,Pão de Açúcar,55.26,52.93,municipio,Base dos Dados / CNCA,2.3299999999999983,True,,743,gold
2024,2608750,26,PE,Lagoa Grande,67.55,58.93,municipio,Base dos Dados / CNCA,8.619999999999997,True,,743,gold
2024,1500347,15,PA,Água Azul do Norte,51.4,34.94,municipio,Base dos Dados / CNCA,16.46,True,,743,gold
2024,3521804,35,SP,Itaí,46.71,52.73,municipio,Base dos Dados / CNCA,-6.019999999999996,False,,743,gold
2024,2921005,29,BA,Mata de São João,56.92,58.32,municipio,Base dos Dados / CNCA,-1.3999999999999986,False,,743,gold
2024,2104081,21,MA,Fernando Falcão,77.76,36.99,municipio,Base dos Dados / CNCA,40.77,True,,743,gold
2024,2604304,26,PE,Cedro,63.12,52.32,municipio,Base dos Dados / CNCA,10.799999999999997,True,,743,gold
2024,2200251,22,PI,Alagoinha do Piauí,74.63,50.17,municipio,Base dos Dados / CNCA,24.459999999999994,True,,743,gold
2024,1600808,16,AP,Vitória do Jari,35.39,35.85,municipio,Base dos Dados / CNCA,-0.46000000000000085,False,,743,gold
2024,2908002,29,BA,Coaraci,39.13,43.8,municipio,Base dos Dados / CNCA,-4.669999999999995,False,,743,gold
2024,3136702,31,MG,Juiz de Fora,54.86,49.46,municipio,Base dos Dados / CNCA,5.399999999999999,True,,743,gold
2024,3122405,31,MG,Divisa Nova,67.64,66.86,municipio,Base dos Dados / CNCA,0.7800000000000011,True,,743,gold
2024,2109809,21,MA,Santa Helena,72.74,60.93,municipio,Base dos Dados / CNCA,11.809999999999995,True,,743,gold
2024,3144904,31,MG,Nova Módica,89.37,80.0,municipio,Base dos Dados / CNCA,9.370000000000005,True,,743,gold
2024,2404200,24,RN,Goianinha,35.33,29.73,municipio,Base dos Dados / CNCA,5.599999999999998,True,,743,gold
2024,1711902,17,TO,Lagoa da Confusão,35.66,33.23,municipio,Base dos Dados / CNCA,2.4299999999999997,True,,743,gold
2024,2211308,22,PI,Valença do Piauí,42.13,56.58,municipio,Base dos Dados / CNCA,-14.449999999999996,False,,743,gold
2024,2926301,29,BA,Riachão do Jacuípe,38.37,44.85,municipio,Base dos Dados / CNCA,-6.480000000000004,False,,743,gold
2024,3145059,31,MG,Nova Porteirinha,51.93,47.65,municipio,Base dos Dados / CNCA,4.280000000000001,True,,743,gold
2024,2108108,21,MA,Paulo Ramos,90.57,76.82,municipio,Base dos Dados / CNCA,13.75,True,,743,gold
2024,1100031,11,RO,Cabixi,75.88,70.85,municipio,Base dos Dados / CNCA,5.030000000000001,True,,743,gold
2024,2704401,27,AL,Major Isidoro,37.84,46.33,municipio,Base dos Dados / CNCA,-8.489999999999995,False,,743,gold
2024,2413607,24,RN,Severiano Melo,47.88,72.95,municipio,Base dos Dados / CNCA,-25.07,False,,743,gold
2024,3154606,31,MG,Ribeirão das Neves,60.14,59.14,municipio,Base dos Dados / CNCA,1.0,True,,743,gold
2024,4101002,41,PR,Ampére,70.06,67.87,municipio,Base dos Dados / CNCA,2.1899999999999977,True,,743,gold
2024,3554755,35,SP,Trabiju,47.37,80.0,municipio,Base dos Dados / CNCA,-32.63,False,,743,gold
2024,2903607,29,BA,Biritinga,29.82,29.4,municipio,Base dos Dados / CNCA,0.4200000000000017,True,,743,gold
2024,4314787,43,RS,Ponte Preta,57.9,63.31,municipio,Base dos Dados / CNCA,-5.410000000000004,False,,743,gold
2024,4313086,43,RS,Nova Pádua,57.9,80.0,municipio,Base dos Dados / CNCA,-22.1,False,,743,gold
2024,4217154,42,SC,São Miguel da Boa Vista,84.21,80.0,municipio,Base dos Dados / CNCA,4.209999999999994,True,,743,gold
2024,4209177,42,SC,Jupiá,57.89,64.5,uf_fallback,Base dos Dados / CNCA,-6.609999999999999,False,,743,gold
2024,4318200,43,RS,São Francisco de Paula,44.0,60.65,municipio,Base dos Dados / CNCA,-16.65,False,,743,gold
2024,2921302,29,BA,Milagres,46.05,40.72,municipio,Base dos Dados / CNCA,5.329999999999998,True,,743,gold
2024,3141900,31,MG,Minduri,76.32,56.53,municipio,Base dos Dados / CNCA,19.789999999999992,True,,743,gold
2024,4308052,43,RS,Faxinalzinho,51.9,78.45,municipio,Base dos Dados / CNCA,-26.550000000000004,False,,743,gold
2024,4215901,42,SC,São Bonifácio,73.68,64.5,uf_fallback,Base dos Dados / CNCA,9.180000000000007,True,,743,gold
2024,1703305,17,TO,Bom Jesus do Tocantins,28.56,33.34,municipio,Base dos Dados / CNCA,-4.780000000000005,False,,743,gold
2024,2405504,24,RN,Jardim de Angicos,31.58,23.43,municipio,Base dos Dados / CNCA,8.149999999999999,True,,743,gold
2024,2104057,21,MA,Estreito,59.79,59.05,municipio,Base dos Dados / CNCA,0.740000000000002,True,,743,gold
2024,2611002,26,PE,Petrolândia,66.17,56.52,municipio,Base dos Dados / CNCA,9.649999999999999,True,,743,gold
2024,3535200,35,SP,Palmeira d'Oeste,83.91,69.6,municipio,Base dos Dados / CNCA,14.310000000000002,True,,743,gold
2024,3138500,31,MG,Liberdade,71.21,60.12,municipio,Base dos Dados / CNCA,11.089999999999996,True,,743,gold
2024,2508505,25,PB,Livramento,55.32,49.62,municipio,Base dos Dados / CNCA,5.700000000000003,True,,743,gold
2024,3529708,35,SP,Miguelópolis,29.09,66.88,municipio,Base dos Dados / CNCA,-37.78999999999999,False,,743,gold
2024,3157708,31,MG,Santa Juliana,58.13,65.71,municipio,Base dos Dados / CNCA,-7.579999999999991,False,,743,gold
2024,3172103,31,MG,Volta Grande,76.28,55.59,municipio,Base dos Dados / CNCA,20.689999999999998,True,,743,gold
2024,4216008,42,SC,São Carlos,71.17,64.5,uf_fallback,Base dos Dados / CNCA,6.670000000000002,True,,743,gold
2024,4117255,41,PR,Nova Prata do Iguaçu,72.83,80.0,municipio,Base dos Dados / CNCA,-7.170000000000002,False,,743,gold
2024,4318309,43,RS,São Gabriel,39.1,64.25,municipio,Base dos Dados / CNCA,-25.15,False,,743,gold
2024,2600906,26,PE,Amaraji,55.29,70.55,municipio,Base dos Dados / CNCA,-15.259999999999998,False,,743,gold
2024,2908101,29,BA,Cocos,51.69,53.76,municipio,Base dos Dados / CNCA,-2.0700000000000003,False,,743,gold
2024,4118907,41,PR,Pérola,62.28,78.63,municipio,Base dos Dados / CNCA,-16.349999999999994,False,,743,gold
2024,3165404,31,MG,Sapucaí-Mirim,75.07,57.41,municipio,Base dos Dados / CNCA,17.659999999999997,True,,743,gold
2024,4304705,43,RS,Carazinho,46.5,66.52,municipio,Base dos Dados / CNCA,-20.019999999999996,False,,743,gold
2024,2501401,25,PB,Baía da Traição,44.76,28.9,municipio,Base dos Dados / CNCA,15.86,True,,743,gold
2024,4311403,43,RS,Lajeado,48.2,75.49,municipio,Base dos Dados / CNCA,-27.289999999999992,False,,743,gold
2024,4317806,43,RS,Santo Augusto,65.1,78.05,municipio,Base dos Dados / CNCA,-12.950000000000003,False,,743,gold
2024,5002803,50,MS,Caracol,55.67,54.48,municipio,Base dos Dados / CNCA,1.1900000000000048,True,,743,gold
2024,5205497,52,GO,Cidade Ocidental,61.82,56.04,municipio,Base dos Dados / CNCA,5.780000000000001,True,,743,gold
2024,2807204,28,SE,Siriri,52.4,52.43,municipio,Base dos Dados / CNCA,-0.030000000000001137,False,,743,gold
2024,1712801,17,TO,Maurilândia do Tocantins,20.67,26.36,municipio,Base dos Dados / CNCA,-5.689999999999998,False,,743,gold
2024,4211009,42,SC,Mondaí,57.95,70.43,municipio,Base dos Dados / CNCA,-12.480000000000004,False,,743,gold
2024,5002605,50,MS,Camapuã,58.24,39.17,municipio,Base dos Dados / CNCA,19.07,True,,743,gold
2024,3140555,31,MG,Mata Verde,67.41,59.04,municipio,Base dos Dados / CNCA,8.369999999999997,True,,743,gold
2024,4108957,41,PR,Guamiranga,71.55,79.6,municipio,Base dos Dados / CNCA,-8.049999999999997,False,,743,gold
2024,4306908,43,RS,Encruzilhada do Sul,50.5,66.52,municipio,Base dos Dados / CNCA,-16.019999999999996,False,,743,gold
2024,3170008,31,MG,Ubaí,61.54,71.8,municipio,Base dos Dados / CNCA,-10.259999999999998,False,,743,gold
2024,2613503,26,PE,São José do Belmonte,60.42,52.12,municipio,Base dos Dados / CNCA,8.300000000000004,True,,743,gold
2024,3302908,33,RJ,Miguel Pereira,70.49,61.15,municipio,Base dos Dados / CNCA,9.339999999999996,True,,743,gold
2024,2101004,21,MA,Arari,72.37,69.51,municipio,Base dos Dados / CNCA,2.8599999999999994,True,,743,gold
2024,2207702,22,PI,Parnaíba,38.42,38.04,municipio,Base dos Dados / CNCA,0.38000000000000256,True,,743,gold
2024,4202800,42,SC,Braço do Norte,58.11,63.84,municipio,Base dos Dados / CNCA,-5.730000000000004,False,,743,gold
2024,2500601,25,PB,Alhandra,30.75,61.09,municipio,Base dos Dados / CNCA,-30.340000000000003,False,,743,gold
2024,5206701,52,GO,Damianópolis,83.93,72.05,municipio,Base dos Dados / CNCA,11.88000000000001,True,,743,gold
2024,2103000,21,MA,Caxias,55.15,49.57,municipio,Base dos Dados / CNCA,5.579999999999998,True,,743,gold
2024,2604700,26,PE,Correntes,71.97,56.47,municipio,Base dos Dados / CNCA,15.5,True,,743,gold
2024,3122454,31,MG,Divisópolis,72.43,48.44,municipio,Base dos Dados / CNCA,23.99000000000001,True,,743,gold
2024,1100056,11,RO,Cerejeiras,66.81,62.09,municipio,Base dos Dados / CNCA,4.719999999999999,True,,743,gold
2024,4216800,42,SC,São José do Cerrito,59.02,77.0,municipio,Base dos Dados / CNCA,-17.979999999999997,False,,743,gold
2024,2614600,26,PE,Tabira,69.1,74.03,municipio,Base dos Dados / CNCA,-4.930000000000007,False,,743,gold
2024,4310330,43,RS,Imbé,37.2,66.2,uf_fallback,Base dos Dados / CNCA,-29.0,False,,743,gold
2024,1600154,16,AP,Pedra Branca do Amapari,44.22,68.48,municipio,Base dos Dados / CNCA,-24.260000000000005,False,,743,gold
2024,2410256,24,RN,Porto do Mangue,42.47,61.94,municipio,Base dos Dados / CNCA,-19.47,False,,743,gold
2024,4309407,43,RS,Guaporé,49.6,66.2,uf_fallback,Base dos Dados / CNCA,-16.6,False,,743,gold
2024,4115457,41,PR,Marquinho,82.18,74.92,municipio,Base dos Dados / CNCA,7.260000000000005,True,,743,gold
2024,4319604,43,RS,São Sepé,51.9,80.0,municipio,Base dos Dados / CNCA,-28.1,False,,743,gold
2024,1200609,12,AC,Tarauacá,49.87,59.9,uf_fallback,Base dos Dados / CNCA,-10.030000000000001,False,,743,gold
2024,2920601,29,BA,Maragogipe,54.49,52.74,municipio,Base dos Dados / CNCA,1.75,True,,743,gold
2024,3101706,31,MG,Almenara,55.06,45.59,municipio,Base dos Dados / CNCA,9.469999999999999,True,,743,gold
2024,3304151,33,RJ,Quissamã,70.11,68.46,municipio,Base dos Dados / CNCA,1.6500000000000057,True,,743,gold
2024,5221452,52,GO,Trombas,94.47,80.0,municipio,Base dos Dados / CNCA,14.469999999999999,True,,743,gold
2024,3513504,35,SP,Cubatão,45.16,53.65,municipio,Base dos Dados / CNCA,-8.490000000000002,False,,743,gold
2024,2901957,29,BA,Apuarema,43.24,43.58,municipio,Base dos Dados / CNCA,-0.3399999999999963,False,,743,gold
2024,3149952,31,MG,Periquito,44.47,50.92,municipio,Base dos Dados / CNCA,-6.450000000000003,False,,743,gold
2024,5107941,51,MT,Tabaporã,62.36,56.15,municipio,Base dos Dados / CNCA,6.210000000000001,True,,743,gold
2024,4213401,42,SC,Ponte Serrada,53.62,57.53,municipio,Base dos Dados / CNCA,-3.9100000000000037,False,,743,gold
2024,3121704,31,MG,Diogo de Vasconcelos,76.25,78.65,municipio,Base dos Dados / CNCA,-2.4000000000000057,False,,743,gold
2024,4126652,41,PR,Sulina,74.93,66.92,municipio,Base dos Dados / CNCA,8.010000000000005,True,,743,gold
2024,4320107,43,RS,Sarandi,49.9,72.81,municipio,Base dos Dados / CNCA,-22.910000000000004,False,,743,gold
2024,2516102,25,PB,Soledade,47.26,40.39,municipio,Base dos Dados / CNCA,6.869999999999997,True,,743,gold
2024,1200013,12,AC,Acrelândia,59.69,59.9,uf_fallback,Base dos Dados / CNCA,-0.21000000000000085,False,,743,gold
2024,4216404,42,SC,São João do Sul,76.69,64.5,uf_fallback,Base dos Dados / CNCA,12.189999999999998,True,,743,gold
2024,4216602,42,SC,São José,56.36,64.5,uf_fallback,Base dos Dados / CNCA,-8.14,False,,743,gold
2024,3116159,31,MG,Chapada Gaúcha,69.39,54.23,municipio,Base dos Dados / CNCA,15.160000000000004,True,,743,gold
2024,4115507,41,PR,Marumbi,75.85,61.37,municipio,Base dos Dados / CNCA,14.479999999999997,True,,743,gold
2024,2414803,24,RN,Vera Cruz,43.56,62.26,municipio,Base dos Dados / CNCA,-18.699999999999996,False,,743,gold
2024,2904308,29,BA,Brejões,47.62,57.86,municipio,Base dos Dados / CNCA,-10.240000000000002,False,,743,gold
2024,4115754,41,PR,Mauá da Serra,80.48,80.0,municipio,Base dos Dados / CNCA,0.480000000000004,True,,743,gold
2024,4209300,42,SC,Lages,52.3,53.71,municipio,Base dos Dados / CNCA,-1.4100000000000037,False,,743,gold
2024,2106102,21,MA,Loreto,66.12,45.2,municipio,Base dos Dados / CNCA,20.92,True,,743,gold
2024,4102406,41,PR,Bandeirantes,72.78,76.11,municipio,Base dos Dados / CNCA,-3.3299999999999983,False,,743,gold
2024,3141504,31,MG,Mendes Pimentel,60.0,79.7,municipio,Base dos Dados / CNCA,-19.700000000000003,False,,743,gold
2024,4111506,41,PR,Ivaiporã,72.39,68.76,municipio,Base dos Dados / CNCA,3.6299999999999955,True,,743,gold
2024,2101970,21,MA,Boa Vista do Gurupi,80.0,63.3,municipio,Base dos Dados / CNCA,16.700000000000003,True,,743,gold
2024,3150307,31,MG,Piedade do Rio Grande,63.16,36.5,municipio,Base dos Dados / CNCA,26.659999999999997,True,,743,gold
2024,2608305,26,PE,Jupi,68.61,63.87,municipio,Base dos Dados / CNCA,4.740000000000002,True,,743,gold
2024,2502003,25,PB,Belém do Brejo do Cruz,40.07,61.23,municipio,Base dos Dados / CNCA,-21.159999999999997,False,,743,gold
2024,2606002,26,PE,Garanhuns,69.75,56.86,municipio,Base dos Dados / CNCA,12.89,True,,743,gold
2024,2608057,26,PE,Jatobá,68.05,76.72,municipio,Base dos Dados / CNCA,-8.670000000000002,False,,743,gold
2024,3127305,31,MG,Galiléia,62.07,52.6,municipio,Base dos Dados / CNCA,9.469999999999999,True,,743,gold
2024,4316956,43,RS,Santa Maria do Herval,59.3,78.55,municipio,Base dos Dados / CNCA,-19.25,False,,743,gold
2024,3102803,31,MG,Andrelândia,67.03,63.2,uf_fallback,Base dos Dados / CNCA,3.8299999999999983,True,,743,gold
2024,3158508,31,MG,Santana de Pirapama,64.47,50.29,municipio,Base dos Dados / CNCA,14.18,True,,743,gold
2024,4211702,42,SC,Orleans,64.43,68.14,municipio,Base dos Dados / CNCA,-3.7099999999999937,False,,743,gold
2024,5002308,50,MS,Brasilândia,60.76,56.39,municipio,Base dos Dados / CNCA,4.369999999999997,True,,743,gold
2024,4112207,41,PR,Janiópolis,77.3,80.0,municipio,Base dos Dados / CNCA,-2.700000000000003,False,,743,gold
2024,4302105,43,RS,Bento Gonçalves,49.0,77.77,municipio,Base dos Dados / CNCA,-28.769999999999996,False,,743,gold
2024,2918357,29,BA,João Dourado,53.15,41.43,municipio,Base dos Dados / CNCA,11.719999999999999,True,,743,gold
2024,4211504,42,SC,Nova Trento,55.76,64.5,uf_fallback,Base dos Dados / CNCA,-8.740000000000002,False,,743,gold
2024,2705101,27,AL,Matriz de Camaragibe,48.77,41.99,municipio,Base dos Dados / CNCA,6.780000000000001,True,,743,gold
2024,2916500,29,BA,Itapicuru,51.23,35.25,municipio,Base dos Dados / CNCA,15.979999999999997,True,,743,gold
2024,4106902,41,PR,Curitiba,65.96,71.93,municipio,Base dos Dados / CNCA,-5.970000000000013,False,,743,gold
2024,2414407,24,RN,Touros,38.9,31.91,municipio,Base dos Dados / CNCA,6.989999999999998,True,,743,gold
2024,1708205,17,TO,Formoso do Araguaia,45.42,66.36,municipio,Base dos Dados / CNCA,-20.939999999999998,False,,743,gold
2024,2512754,25,PB,Riachão do Bacamarte,46.23,50.27,municipio,Base dos Dados / CNCA,-4.040000000000006,False,,743,gold
2024,2107209,21,MA,Nina Rodrigues,46.83,57.54,municipio,Base dos Dados / CNCA,-10.71,False,,743,gold
2024,4315701,43,RS,Rio Pardo,60.9,74.39,municipio,Base dos Dados / CNCA,-13.490000000000002,False,,743,gold
2024,4200408,42,SC,Água Doce,72.41,67.24,municipio,Base dos Dados / CNCA,5.170000000000002,True,,743,gold
2024,4117909,41,PR,Palotina,74.33,70.79,municipio,Base dos Dados / CNCA,3.539999999999992,True,,743,gold
2024,2101731,21,MA,Belágua,72.29,64.24,municipio,Base dos Dados / CNCA,8.050000000000011,True,,743,gold
2024,1502772,15,PA,Curionópolis,72.88,55.58,municipio,Base dos Dados / CNCA,17.299999999999997,True,,743,gold
2024,4310462,43,RS,Ipiranga do Sul,44.4,80.0,municipio,Base dos Dados / CNCA,-35.6,False,,743,gold
2024,3549250,35,SP,São João de Iracema,44.44,49.78,municipio,Base dos Dados / CNCA,-5.340000000000003,False,,743,gold
2024,2506806,25,PB,Ingá,47.24,61.08,municipio,Base dos Dados / CNCA,-13.839999999999996,False,,743,gold
2024,4201406,42,SC,Araranguá,61.19,64.5,uf_fallback,Base dos Dados / CNCA,-3.3100000000000023,False,,743,gold
2024,4118808,41,PR,Peabiru,74.24,71.16,municipio,Base dos Dados / CNCA,3.0799999999999983,True,,743,gold
2024,4316477,43,RS,Salvador das Missões,60.2,80.0,municipio,Base dos Dados / CNCA,-19.799999999999997,False,,743,gold
2024,4127965,41,PR,Turvo,84.81,80.0,municipio,Base dos Dados / CNCA,4.810000000000002,True,,743,gold
2024,4313490,43,RS,Novo Barreiro,36.8,65.03,municipio,Base dos Dados / CNCA,-28.230000000000004,False,,743,gold
2024,3161106,31,MG,São Francisco,61.46,51.71,municipio,Base dos Dados / CNCA,9.75,True,,743,gold
2024,3154457,31,MG,Riachinho,72.81,71.24,municipio,Base dos Dados / CNCA,1.5700000000000074,True,,743,gold
2024,4126801,41,PR,Tapejara,61.07,71.09,municipio,Base dos Dados / CNCA,-10.020000000000003,False,,743,gold
2024,2409704,24,RN,Pedro Avelino,34.73,26.54,municipio,Base dos Dados / CNCA,8.189999999999998,True,,743,gold
2024,5106257,51,MT,Nova Xavantina,45.12,72.93,municipio,Base dos Dados / CNCA,-27.81000000000001,False,,743,gold
2024,1505601,15,PA,Peixe-Boi,84.31,58.11,municipio,Base dos Dados / CNCA,26.200000000000003,True,,743,gold
2024,3128253,31,MG,Guaraciama,80.7,48.04,municipio,Base dos Dados / CNCA,32.660000000000004,True,,743,gold
2024,2804300,28,SE,Muribeca,22.01,15.64,municipio,Base dos Dados / CNCA,6.370000000000001,True,,743,gold
2024,3136959,31,MG,Juvenília,50.47,63.2,uf_fallback,Base dos Dados / CNCA,-12.730000000000004,False,,743,gold
2024,1706100,17,TO,Cristalândia,61.42,52.25,municipio,Base dos Dados / CNCA,9.170000000000002,True,,743,gold
2024,2905008,29,BA,Caculé,47.96,56.48,municipio,Base dos Dados / CNCA,-8.519999999999996,False,,743,gold
2024,3201308,32,ES,Cariacica,64.57,60.94,municipio,Base dos Dados / CNCA,3.6299999999999955,True,,743,gold
2024,1301803,13,AM,Ipixuna,64.32,56.8,uf_fallback,Base dos Dados / CNCA,7.519999999999996,True,,743,gold
2024,4109609,41,PR,Guaratuba,66.9,69.4,municipio,Base dos Dados / CNCA,-2.5,False,,743,gold
2024,1100189,11,RO,Pimenta Bueno,81.06,71.37,municipio,Base dos Dados / CNCA,9.689999999999998,True,,743,gold
2024,2405603,24,RN,Jardim de Piranhas,56.61,37.47,municipio,Base dos Dados / CNCA,19.14,True,,743,gold
2024,4203105,42,SC,Caibi,50.58,76.16,municipio,Base dos Dados / CNCA,-25.58,False,,743,gold
2024,4114906,41,PR,Marilândia do Sul,84.99,73.34,municipio,Base dos Dados / CNCA,11.649999999999991,True,,743,gold
2024,4124707,41,PR,São Jerônimo da Serra,71.33,80.0,municipio,Base dos Dados / CNCA,-8.670000000000002,False,,743,gold
2024,4321501,43,RS,Torres,47.9,65.68,municipio,Base dos Dados / CNCA,-17.78000000000001,False,,743,gold
2024,4317509,43,RS,Santo Ângelo,42.8,66.92,municipio,Base dos Dados / CNCA,-24.120000000000005,False,,743,gold
2024,2102556,21,MA,Campestre do Maranhão,61.7,67.22,municipio,Base dos Dados / CNCA,-5.519999999999996,False,,743,gold
2024,5000906,50,MS,Antônio João,56.2,58.37,municipio,Base dos Dados / CNCA,-2.1699999999999946,False,,743,gold
2024,4308078,43,RS,Fazenda Vilanova,65.0,80.0,municipio,Base dos Dados / CNCA,-15.0,False,,743,gold
2024,2614105,26,PE,Sertânia,56.65,62.6,municipio,Base dos Dados / CNCA,-5.950000000000003,False,,743,gold
2024,2615607,26,PE,Trindade,69.13,63.05,municipio,Base dos Dados / CNCA,6.079999999999998,True,,743,gold
2024,3171808,31,MG,Virginópolis,65.62,49.9,municipio,Base dos Dados / CNCA,15.720000000000006,True,,743,gold
2024,4127403,41,PR,Terra Roxa,76.19,70.39,municipio,Base dos Dados / CNCA,5.799999999999997,True,,743,gold
2024,2933257,29,BA,Vereda,35.85,69.8,municipio,Base dos Dados / CNCA,-33.949999999999996,False,,743,gold
2024,4315909,43,RS,Rodeio Bonito,54.2,80.0,municipio,Base dos Dados / CNCA,-25.799999999999997,False,,743,gold
2024,2903102,29,BA,Barra do Rocha,39.62,44.61,municipio,Base dos Dados / CNCA,-4.990000000000002,False,,743,gold
2024,3537602,35,SP,Peruíbe,46.81,45.94,municipio,Base dos Dados / CNCA,0.8700000000000045,True,,743,gold
2024,2613206,26,PE,São João,54.47,63.98,municipio,Base dos Dados / CNCA,-9.509999999999998,False,,743,gold
2024,4321907,43,RS,Três Passos,56.9,80.0,municipio,Base dos Dados / CNCA,-23.1,False,,743,gold
2024,2925931,29,BA,Quixabeira,75.47,45.13,municipio,Base dos Dados / CNCA,30.339999999999996,True,,743,gold
2024,3102407,31,MG,Alvorada de Minas,66.15,47.88,municipio,Base dos Dados / CNCA,18.270000000000003,True,,743,gold
2024,5220454,52,GO,Senador Canedo,60.34,53.68,municipio,Base dos Dados / CNCA,6.660000000000004,True,,743,gold
2024,1101708,11,RO,Urupá,61.28,72.36,municipio,Base dos Dados / CNCA,-11.079999999999998,False,,743,gold
2024,4100806,41,PR,Alvorada do Sul,72.48,71.09,municipio,Base dos Dados / CNCA,1.3900000000000006,True,,743,gold
2024,3139607,31,MG,Mantena,71.17,54.88,municipio,Base dos Dados / CNCA,16.29,True,,743,gold
2024,5106240,51,MT,Nova Ubiratã,58.41,74.28,municipio,Base dos Dados / CNCA,-15.870000000000005,False,,743,gold
2024,5004403,50,MS,Inocência,51.7,40.51,municipio,Base dos Dados / CNCA,11.190000000000005,True,,743,gold
2024,2708600,27,AL,São Miguel dos Campos,57.17,55.0,municipio,Base dos Dados / CNCA,2.1700000000000017,True,,743,gold
2024,4212650,42,SC,Pescaria Brava,45.95,46.6,municipio,Base dos Dados / CNCA,-0.6499999999999986,False,,743,gold
2024,4112959,41,PR,Juranda,63.48,63.12,municipio,Base dos Dados / CNCA,0.35999999999999943,True,,743,gold
2024,3300506,33,RJ,Bom Jardim,66.67,55.3,municipio,Base dos Dados / CNCA,11.370000000000005,True,,743,gold
2024,1100304,11,RO,Vilhena,71.66,67.96,municipio,Base dos Dados / CNCA,3.700000000000003,True,,743,gold
2024,4111001,41,PR,Itambaracá,80.58,79.25,municipio,Base dos Dados / CNCA,1.3299999999999983,True,,743,gold
2024,2202307,22,PI,Canto do Buriti,36.45,20.06,municipio,Base dos Dados / CNCA,16.390000000000004,True,,743,gold
2024,4302600,43,RS,Braga,41.1,46.27,municipio,Base dos Dados / CNCA,-5.170000000000002,False,,743,gold
2024,5107008,51,MT,Poxoréo,46.27,52.47,municipio,Base dos Dados / CNCA,-6.199999999999996,False,,743,gold
2024,3528403,35,SP,Mairinque,49.33,56.6,uf_fallback,Base dos Dados / CNCA,-7.270000000000003,False,,743,gold
2024,5210802,52,GO,Itajá,82.86,80.0,municipio,Base dos Dados / CNCA,2.8599999999999994,True,,743,gold
2024,3134509,31,MG,Itutinga,76.33,56.09,municipio,Base dos Dados / CNCA,20.239999999999995,True,,743,gold
2024,3149002,31,MG,Pedra Dourada,80.0,58.09,municipio,Base dos Dados / CNCA,21.909999999999997,True,,743,gold
2024,2107258,21,MA,Nova Colinas,77.14,80.0,municipio,Base dos Dados / CNCA,-2.8599999999999994,False,,743,gold
2024,2516755,25,PB,Tenório,48.73,65.1,municipio,Base dos Dados / CNCA,-16.369999999999997,False,,743,gold
2024,1718808,17,TO,Sampaio,43.25,49.44,municipio,Base dos Dados / CNCA,-6.189999999999998,False,,743,gold
2024,4211405,42,SC,Nova Erechim,72.86,70.89,municipio,Base dos Dados / CNCA,1.9699999999999989,True,,743,gold
2024,4317608,43,RS,Santo Antônio da Patrulha,58.8,77.72,municipio,Base dos Dados / CNCA,-18.92,False,,743,gold
2024,4219176,42,SC,Vargem Bonita,71.51,66.82,municipio,Base dos Dados / CNCA,4.690000000000012,True,,743,gold
2024,4119657,41,PR,Pitangueiras,83.19,80.0,municipio,Base dos Dados / CNCA,3.1899999999999977,True,,743,gold
2024,4316972,43,RS,Santa Margarida do Sul,25.7,48.4,municipio,Base dos Dados / CNCA,-22.7,False,,743,gold
2024,5105606,51,MT,Matupá,52.57,67.95,municipio,Base dos Dados / CNCA,-15.380000000000003,False,,743,gold
2024,2500106,25,PB,Água Branca,52.67,52.91,municipio,Base dos Dados / CNCA,-0.23999999999999488,False,,743,gold
2024,3204203,32,ES,Piúma,70.65,65.36,municipio,Base dos Dados / CNCA,5.290000000000006,True,,743,gold
2024,5207808,52,GO,Firminópolis,70.8,77.31,municipio,Base dos Dados / CNCA,-6.510000000000005,False,,743,gold
2024,5000807,50,MS,Anaurilândia,80.11,67.61,municipio,Base dos Dados / CNCA,12.5,True,,743,gold
2024,2107506,21,MA,Paço do Lumiar,55.55,55.54,municipio,Base dos Dados / CNCA,0.00999999999999801,True,,743,gold
2024,3144508,31,MG,Nazareno,85.36,80.0,municipio,Base dos Dados / CNCA,5.359999999999999,True,,743,gold
2024,3301603,33,RJ,Duas Barras,65.4,61.52,municipio,Base dos Dados / CNCA,3.8800000000000026,True,,743,gold
2024,5006358,50,MS,Paranhos,66.43,50.56,municipio,Base dos Dados / CNCA,15.870000000000005,True,,743,gold
2024,3511409,35,SP,Cerqueira César,39.99,49.79,municipio,Base dos Dados / CNCA,-9.799999999999997,False,,743,gold
2024,1600402,16,AP,Mazagão,44.22,36.5,municipio,Base dos Dados / CNCA,7.719999999999999,True,,743,gold
2024,2411205,24,RN,Santa Cruz,34.65,28.5,municipio,Base dos Dados / CNCA,6.149999999999999,True,,743,gold
2024,4202073,42,SC,Balneário Gaivota,50.69,64.5,uf_fallback,Base dos Dados / CNCA,-13.810000000000002,False,,743,gold
2024,2111102,21,MA,São João dos Patos,55.16,57.94,municipio,Base dos Dados / CNCA,-2.780000000000001,False,,743,gold
2024,4104204,41,PR,Campo Largo,69.19,74.37,municipio,Base dos Dados / CNCA,-5.180000000000007,False,,743,gold
2024,4321436,43,RS,Terra de Areia,56.6,69.02,municipio,Base dos Dados / CNCA,-12.419999999999995,False,,743,gold
2024,4319505,43,RS,São Sebastião do Caí,44.1,61.4,municipio,Base dos Dados / CNCA,-17.299999999999997,False,,743,gold
2024,2911709,29,BA,Guanambi,46.39,53.73,municipio,Base dos Dados / CNCA,-7.339999999999996,False,,743,gold
2024,2703908,27,AL,Jundiá,44.34,41.39,municipio,Base dos Dados / CNCA,2.950000000000003,True,,743,gold
2024,4209904,42,SC,Lontras,58.41,63.17,municipio,Base dos Dados / CNCA,-4.760000000000005,False,,743,gold
2024,2105807,21,MA,Lago do Junco,97.1,80.0,municipio,Base dos Dados / CNCA,17.099999999999994,True,,743,gold
2024,3520400,35,SP,Ilhabela,43.27,49.92,municipio,Base dos Dados / CNCA,-6.649999999999999,False,,743,gold
2024,4307450,43,RS,Esperança do Sul,80.1,80.0,municipio,Base dos Dados / CNCA,0.09999999999999432,True,,743,gold
2024,2913804,29,BA,Ipecaetá,46.51,41.61,municipio,Base dos Dados / CNCA,4.899999999999999,True,,743,gold
2024,2403806,24,RN,Florânia,39.8,42.91,municipio,Base dos Dados / CNCA,-3.1099999999999994,False,,743,gold
2024,1707009,17,TO,Dianópolis,61.27,56.47,municipio,Base dos Dados / CNCA,4.800000000000004,True,,743,gold
2024,3115300,31,MG,Cataguases,64.07,42.67,municipio,Base dos Dados / CNCA,21.39999999999999,True,,743,gold
2024,4124020,41,PR,Santa Tereza do Oeste,77.75,74.35,municipio,Base dos Dados / CNCA,3.4000000000000057,True,,743,gold
2024,2414704,24,RN,Várzea,45.68,24.12,municipio,Base dos Dados / CNCA,21.56,True,,743,gold
2024,3500501,35,SP,Águas de Lindóia,44.23,64.46,municipio,Base dos Dados / CNCA,-20.229999999999997,False,,743,gold
2024,3202207,32,ES,Fundão,62.28,64.41,municipio,Base dos Dados / CNCA,-2.1299999999999955,False,,743,gold
2024,4126678,41,PR,Tamarana,65.46,74.8,municipio,Base dos Dados / CNCA,-9.340000000000003,False,,743,gold
2024,2110906,21,MA,São Francisco do Maranhão,83.35,56.04,municipio,Base dos Dados / CNCA,27.309999999999995,True,,743,gold
2024,4125605,41,PR,São Mateus do Sul,70.57,80.0,municipio,Base dos Dados / CNCA,-9.430000000000007,False,,743,gold
2024,4301057,43,RS,Arroio do Sal,46.5,69.49,municipio,Base dos Dados / CNCA,-22.989999999999995,False,,743,gold
2024,4322525,43,RS,Vale Verde,47.1,80.0,municipio,Base dos Dados / CNCA,-32.9,False,,743,gold
2024,2928901,29,BA,São Desidério,54.07,50.38,municipio,Base dos Dados / CNCA,3.6899999999999977,True,,743,gold
2024,4212270,42,SC,Passos Maia,68.75,54.31,municipio,Base dos Dados / CNCA,14.439999999999998,True,,743,gold
2024,4113700,41,PR,Londrina,72.91,74.82,municipio,Base dos Dados / CNCA,-1.9099999999999966,False,,743,gold
2024,3500758,35,SP,Alambari,61.45,72.91,municipio,Base dos Dados / CNCA,-11.459999999999994,False,,743,gold
2024,5201801,52,GO,Aragoiânia,62.84,59.12,municipio,Base dos Dados / CNCA,3.720000000000006,True,,743,gold
2024,4121703,41,PR,Reserva,81.08,73.98,municipio,Base dos Dados / CNCA,7.099999999999994,True,,743,gold
2024,3547403,35,SP,Santa Rita d'Oeste,52.94,63.62,municipio,Base dos Dados / CNCA,-10.68,False,,743,gold
2024,4311643,43,RS,Linha Nova,41.2,80.0,municipio,Base dos Dados / CNCA,-38.8,False,,743,gold
2024,4309571,43,RS,Herveiras,35.3,66.2,uf_fallback,Base dos Dados / CNCA,-30.900000000000006,False,,743,gold
2024,4321493,43,RS,Toropi,38.7,80.0,municipio,Base dos Dados / CNCA,-41.3,False,,743,gold
2024,4306924,43,RS,Engenho Velho,41.2,77.38,municipio,Base dos Dados / CNCA,-36.17999999999999,False,,743,gold
2024,4323358,43,RS,Vila Lângaro,52.9,72.6,municipio,Base dos Dados / CNCA,-19.699999999999996,False,,743,gold
2024,3120102,31,MG,Couto de Magalhães de Minas,77.52,53.63,municipio,Base dos Dados / CNCA,23.889999999999993,True,,743,gold
2024,2921906,29,BA,Mucugê,38.82,47.73,municipio,Base dos Dados / CNCA,-8.909999999999997,False,,743,gold
2024,2915700,29,BA,Itamari,36.76,63.04,municipio,Base dos Dados / CNCA,-26.28,False,,743,gold
2024,4321469,43,RS,Tio Hugo,69.1,80.0,municipio,Base dos Dados / CNCA,-10.900000000000006,False,,743,gold
2024,4312252,43,RS,Minas do Leão,55.5,74.31,municipio,Base dos Dados / CNCA,-18.810000000000002,False,,743,gold
2024,3516002,35,SP,Flórida Paulista,54.56,80.0,municipio,Base dos Dados / CNCA,-25.439999999999998,False,,743,gold
2024,4310579,43,RS,Itapuca,76.5,80.0,municipio,Base dos Dados / CNCA,-3.5,False,,743,gold
2024,2924702,29,BA,Piripá,56.47,66.84,municipio,Base dos Dados / CNCA,-10.370000000000005,False,,743,gold
2024,3513306,35,SP,Cruzália,47.06,80.0,municipio,Base dos Dados / CNCA,-32.94,False,,743,gold
2024,3303005,33,RJ,Miracema,69.51,69.57,municipio,Base dos Dados / CNCA,-0.05999999999998806,False,,743,gold
2024,3555307,35,SP,Turmalina,70.59,51.04,municipio,Base dos Dados / CNCA,19.550000000000004,True,,743,gold
2024,3119005,31,MG,Cordislândia,73.53,52.49,municipio,Base dos Dados / CNCA,21.04,True,,743,gold
2024,2206407,22,PI,Monsenhor Gil,42.48,63.58,municipio,Base dos Dados / CNCA,-21.1,False,,743,gold
2024,3549607,35,SP,São José do Barreiro,52.78,44.38,municipio,Base dos Dados / CNCA,8.399999999999999,True,,743,gold
2024,4318101,43,RS,São Francisco de Assis,60.6,61.82,municipio,Base dos Dados / CNCA,-1.2199999999999989,False,,743,gold
2024,4211108,42,SC,Monte Castelo,53.91,64.5,uf_fallback,Base dos Dados / CNCA,-10.590000000000003,False,,743,gold
2024,3170107,31,MG,Uberaba,60.98,51.32,municipio,Base dos Dados / CNCA,9.659999999999997,True,,743,gold
2024,4319307,43,RS,São Paulo das Missões,61.1,78.07,municipio,Base dos Dados / CNCA,-16.96999999999999,False,,743,gold
2024,3105707,31,MG,Barra Longa,94.29,63.2,uf_fallback,Base dos Dados / CNCA,31.090000000000003,True,,743,gold
2024,4309654,43,RS,Hulha Negra,36.4,71.75,municipio,Base dos Dados / CNCA,-35.35,False,,743,gold
2024,4214805,42,SC,Rio do Sul,50.47,64.5,uf_fallback,Base dos Dados / CNCA,-14.030000000000001,False,,743,gold
2024,3132107,31,MG,Itacarambi,69.5,54.5,municipio,Base dos Dados / CNCA,15.0,True,,743,gold
2024,4119954,41,PR,Pontal do Paraná,61.28,72.58,municipio,Base dos Dados / CNCA,-11.299999999999997,False,,743,gold
2024,1701903,17,TO,Araguacema,49.27,45.04,municipio,Base dos Dados / CNCA,4.230000000000004,True,,743,gold
2024,5215231,52,GO,Novo Gama,57.35,56.87,municipio,Base dos Dados / CNCA,0.480000000000004,True,,743,gold
2024,2702355,27,AL,Craíbas,67.43,51.26,municipio,Base dos Dados / CNCA,16.17000000000001,True,,743,gold
2024,1507755,15,PA,Sapucaia,71.84,79.9,municipio,Base dos Dados / CNCA,-8.060000000000002,False,,743,gold
2024,4308607,43,RS,Garibaldi,58.0,75.26,municipio,Base dos Dados / CNCA,-17.260000000000005,False,,743,gold
2024,4218756,42,SC,Tunápolis,77.65,64.5,uf_fallback,Base dos Dados / CNCA,13.150000000000006,True,,743,gold
2024,2102002,21,MA,Bom Jardim,68.58,80.0,municipio,Base dos Dados / CNCA,-11.420000000000002,False,,743,gold
2024,4120804,41,PR,Quatro Barras,67.24,68.92,municipio,Base dos Dados / CNCA,-1.6800000000000068,False,,743,gold
2024,2914406,29,BA,Iraquara,44.24,45.26,municipio,Base dos Dados / CNCA,-1.019999999999996,False,,743,gold
2024,5221858,52,GO,Valparaíso de Goiás,64.23,60.56,municipio,Base dos Dados / CNCA,3.6700000000000017,True,,743,gold
2024,4109401,41,PR,Guarapuava,67.0,75.27,municipio,Base dos Dados / CNCA,-8.269999999999996,False,,743,gold
2024,3163201,31,MG,São José do Alegre,86.26,77.75,municipio,Base dos Dados / CNCA,8.510000000000005,True,,743,gold
2024,4321709,43,RS,Três Coroas,42.2,59.55,municipio,Base dos Dados / CNCA,-17.349999999999994,False,,743,gold
2024,4209706,42,SC,Lebon Régis,59.3,47.04,municipio,Base dos Dados / CNCA,12.259999999999998,True,,743,gold
2024,4101804,41,PR,Araucária,69.02,71.19,municipio,Base dos Dados / CNCA,-2.1700000000000017,False,,743,gold
2024,3167103,31,MG,Serro,66.49,63.2,uf_fallback,Base dos Dados / CNCA,3.289999999999992,True,,743,gold
2024,3304201,33,RJ,Resende,72.48,70.45,municipio,Base dos Dados / CNCA,2.030000000000001,True,,743,gold
2024,3505807,35,SP,Bastos,46.89,56.53,municipio,Base dos Dados / CNCA,-9.64,False,,743,gold
2024,3551504,35,SP,Serrana,43.97,51.47,municipio,Base dos Dados / CNCA,-7.5,False,,743,gold
2024,2700201,27,AL,Anadia,45.26,57.84,municipio,Base dos Dados / CNCA,-12.580000000000005,False,,743,gold
2024,4107900,41,PR,Floresta,74.01,76.93,municipio,Base dos Dados / CNCA,-2.9200000000000017,False,,743,gold
2024,4116604,41,PR,Nova América da Colina,78.8,65.42,municipio,Base dos Dados / CNCA,13.379999999999995,True,,743,gold
2024,4207403,42,SC,Imbuia,79.52,67.27,municipio,Base dos Dados / CNCA,12.25,True,,743,gold
2024,2924306,29,BA,Piatã,45.33,48.21,municipio,Base dos Dados / CNCA,-2.8800000000000026,False,,743,gold
2024,2602209,26,PE,Bom Jardim,69.15,64.09,municipio,Base dos Dados / CNCA,5.060000000000002,True,,743,gold
2024,5209200,52,GO,Guapó,70.28,66.78,municipio,Base dos Dados / CNCA,3.5,True,,743,gold
2024,4216057,42,SC,São Cristovão do Sul,50.76,64.5,uf_fallback,Base dos Dados / CNCA,-13.740000000000002,False,,743,gold
2024,3545308,35,SP,Salto de Pirapora,46.83,49.9,municipio,Base dos Dados / CNCA,-3.0700000000000003,False,,743,gold
2024,5100359,51,MT,Alto Boa Vista,48.84,80.0,municipio,Base dos Dados / CNCA,-31.159999999999997,False,,743,gold
2024,4313300,43,RS,Nova Prata,59.8,78.96,municipio,Base dos Dados / CNCA,-19.159999999999997,False,,743,gold
2024,4127858,41,PR,Três Barras do Paraná,75.42,79.46,municipio,Base dos Dados / CNCA,-4.039999999999992,False,,743,gold
2024,4307005,43,RS,Erechim,46.7,64.31,municipio,Base dos Dados / CNCA,-17.61,False,,743,gold
2024,4212403,42,SC,Pedras Grandes,69.2,80.0,municipio,Base dos Dados / CNCA,-10.799999999999997,False,,743,gold
2024,4300455,43,RS,Alegria,63.2,80.0,municipio,Base dos Dados / CNCA,-16.799999999999997,False,,743,gold
2024,3134202,31,MG,Ituiutaba,63.63,65.79,municipio,Base dos Dados / CNCA,-2.1600000000000037,False,,743,gold
2024,4206405,42,SC,Guaraciaba,83.69,80.0,municipio,Base dos Dados / CNCA,3.6899999999999977,True,,743,gold
2024,2919009,29,BA,Lajedinho,21.21,54.93,municipio,Base dos Dados / CNCA,-33.72,False,,743,gold
2024,2509404,25,PB,Mogeiro,60.61,74.26,municipio,Base dos Dados / CNCA,-13.650000000000006,False,,743,gold
2024,3136579,31,MG,Josenópolis,90.91,80.0,municipio,Base dos Dados / CNCA,10.909999999999997,True,,743,gold
2024,1101104,11,RO,Itapuã do Oeste,70.62,80.0,municipio,Base dos Dados / CNCA,-9.379999999999995,False,,743,gold
2024,4202701,42,SC,Botuverá,64.54,71.04,municipio,Base dos Dados / CNCA,-6.5,False,,743,gold
2024,5104807,51,MT,Jaciara,55.26,60.83,municipio,Base dos Dados / CNCA,-5.57,False,,743,gold
2024,3205002,32,ES,Serra,60.51,62.54,municipio,Base dos Dados / CNCA,-2.030000000000001,False,,743,gold
2024,1720309,17,TO,São Sebastião do Tocantins,58.96,33.77,municipio,Base dos Dados / CNCA,25.189999999999998,True,,743,gold
2024,1100452,11,RO,Buritis,72.32,54.78,municipio,Base dos Dados / CNCA,17.539999999999992,True,,743,gold
2024,1300102,13,AM,Anori,75.32,76.6,municipio,Base dos Dados / CNCA,-1.2800000000000011,False,,743,gold
2024,1600279,16,AP,Laranjal do Jari,39.8,45.64,municipio,Base dos Dados / CNCA,-5.840000000000003,False,,743,gold
2024,2102036,21,MA,Bom Jesus das Selvas,63.18,66.3,municipio,Base dos Dados / CNCA,-3.1199999999999974,False,,743,gold
2024,2112209,21,MA,Timon,75.74,69.77,municipio,Base dos Dados / CNCA,5.969999999999999,True,,743,gold
2024,4315800,43,RS,Roca Sales,45.0,76.28,municipio,Base dos Dados / CNCA,-31.28,False,,743,gold
2024,2904506,29,BA,Brotas de Macaúbas,60.98,43.4,uf_fallback,Base dos Dados / CNCA,17.58,True,,743,gold
2024,4302709,43,RS,Butiá,45.1,55.99,municipio,Base dos Dados / CNCA,-10.89,False,,743,gold
2024,2101251,21,MA,Bacabeira,53.73,56.2,municipio,Base dos Dados / CNCA,-2.470000000000006,False,,743,gold
2024,5200050,52,GO,Abadia de Goiás,64.46,63.18,municipio,Base dos Dados / CNCA,1.279999999999994,True,,743,gold
2024,4114807,41,PR,Marialva,73.09,74.29,municipio,Base dos Dados / CNCA,-1.2000000000000028,False,,743,gold
2024,3138682,31,MG,Luislândia,78.7,54.93,municipio,Base dos Dados / CNCA,23.770000000000003,True,,743,gold
2024,5204953,52,GO,Campos Verdes,82.8,66.38,municipio,Base dos Dados / CNCA,16.42,True,,743,gold
2024,4311304,43,RS,Lagoa Vermelha,52.3,64.16,municipio,Base dos Dados / CNCA,-11.86,False,,743,gold
2024,3128808,31,MG,Guidoval,58.58,64.83,municipio,Base dos Dados / CNCA,-6.25,False,,743,gold
2024,2412807,24,RN,São Rafael,25.47,26.88,municipio,Base dos Dados / CNCA,-1.4100000000000001,False,,743,gold
2024,3135605,31,MG,Jequitaí,70.71,46.21,municipio,Base dos Dados / CNCA,24.499999999999993,True,,743,gold
2024,2207900,22,PI,Pedro II,41.98,32.31,municipio,Base dos Dados / CNCA,9.669999999999995,True,,743,gold
2024,2605509,26,PE,Ferreiros,41.36,61.78,municipio,Base dos Dados / CNCA,-20.42,False,,743,gold
2024,1703800,17,TO,Buriti do Tocantins,50.39,49.5,uf_fallback,Base dos Dados / CNCA,0.8900000000000006,True,,743,gold
2024,3104809,31,MG,Augusto de Lima,48.8,53.39,municipio,Base dos Dados / CNCA,-4.590000000000003,False,,743,gold
2024,2600104,26,PE,Afogados da Ingazeira,70.19,68.77,municipio,Base dos Dados / CNCA,1.4200000000000017,True,,743,gold
2024,3140506,31,MG,Martinho Campos,78.23,60.0,municipio,Base dos Dados / CNCA,18.230000000000004,True,,743,gold
2024,2408805,24,RN,Parazinho,28.27,52.37,municipio,Base dos Dados / CNCA,-24.099999999999998,False,,743,gold
2024,2513703,25,PB,Santa Rita,39.39,47.0,municipio,Base dos Dados / CNCA,-7.609999999999999,False,,743,gold
2024,3113701,31,MG,Carlos Chagas,55.83,60.36,municipio,Base dos Dados / CNCA,-4.530000000000001,False,,743,gold
2024,4111100,41,PR,Itambé,86.9,80.0,municipio,Base dos Dados / CNCA,6.900000000000006,True,,743,gold
2024,2202901,22,PI,Corrente,37.78,53.03,municipio,Base dos Dados / CNCA,-15.25,False,,743,gold
2024,3153004,31,MG,Pratinha,52.8,80.0,municipio,Base dos Dados / CNCA,-27.200000000000003,False,,743,gold
2024,2931004,29,BA,Tanhaçu,47.42,62.26,municipio,Base dos Dados / CNCA,-14.839999999999996,False,,743,gold
2024,1100122,11,RO,Ji-Paraná,66.41,80.0,municipio,Base dos Dados / CNCA,-13.590000000000003,False,,743,gold
2024,4322251,43,RS,Tupandi,55.1,80.0,municipio,Base dos Dados / CNCA,-24.9,False,,743,gold
2024,4320909,43,RS,Tapejara,47.3,71.34,municipio,Base dos Dados / CNCA,-24.040000000000006,False,,743,gold
2024,2610905,26,PE,Pesqueira,64.38,63.02,municipio,Base dos Dados / CNCA,1.3599999999999923,True,,743,gold
2024,2413003,24,RN,São Vicente,49.95,65.76,municipio,Base dos Dados / CNCA,-15.810000000000002,False,,743,gold
2024,4322533,43,RS,Vale do Sol,55.9,80.0,municipio,Base dos Dados / CNCA,-24.1,False,,743,gold
2024,3144375,31,MG,Natalândia,64.21,54.28,municipio,Base dos Dados / CNCA,9.929999999999993,True,,743,gold
2024,1721208,17,TO,Tocantinópolis,35.44,41.22,municipio,Base dos Dados / CNCA,-5.780000000000001,False,,743,gold
2024,4201950,42,SC,Balneário Arroio do Silva,51.13,64.5,uf_fallback,Base dos Dados / CNCA,-13.369999999999997,False,,743,gold
2024,5220686,52,GO,Simolândia,77.79,80.0,municipio,Base dos Dados / CNCA,-2.2099999999999937,False,,743,gold
2024,4218905,42,SC,Urubici,76.9,63.46,municipio,Base dos Dados / CNCA,13.440000000000005,True,,743,gold
2024,4318903,43,RS,São Luiz Gonzaga,49.3,80.0,municipio,Base dos Dados / CNCA,-30.700000000000003,False,,743,gold
2024,2108504,21,MA,Pindaré-Mirim,51.09,47.1,municipio,Base dos Dados / CNCA,3.990000000000002,True,,743,gold
2024,4217253,42,SC,São Pedro de Alcântara,61.13,74.91,municipio,Base dos Dados / CNCA,-13.779999999999994,False,,743,gold
2024,5006200,50,MS,Nova Andradina,69.44,61.97,municipio,Base dos Dados / CNCA,7.469999999999999,True,,743,gold
2024,1720101,17,TO,São Bento do Tocantins,52.93,49.76,municipio,Base dos Dados / CNCA,3.1700000000000017,True,,743,gold
2024,3115508,31,MG,Caxambu,74.74,76.93,municipio,Base dos Dados / CNCA,-2.190000000000012,False,,743,gold
2024,4125100,41,PR,São João do Triunfo,79.45,78.79,municipio,Base dos Dados / CNCA,0.6599999999999966,True,,743,gold
2024,4210050,42,SC,Macieira,56.25,80.0,municipio,Base dos Dados / CNCA,-23.75,False,,743,gold
2024,3515194,35,SP,Espírito Santo do Turvo,56.14,62.12,municipio,Base dos Dados / CNCA,-5.979999999999997,False,,743,gold
2024,4317202,43,RS,Santa Rosa,51.2,73.6,municipio,Base dos Dados / CNCA,-22.39999999999999,False,,743,gold
2024,2904001,29,BA,Boninal,48.96,50.69,municipio,Base dos Dados / CNCA,-1.7299999999999969,False,,743,gold
2024,3126604,31,MG,Francisco Dumont,37.5,38.49,municipio,Base dos Dados / CNCA,-0.990000000000002,False,,743,gold
2024,3529658,35,SP,Mesópolis,56.25,41.56,municipio,Base dos Dados / CNCA,14.689999999999998,True,,743,gold
2024,4314068,43,RS,Passa Sete,75.0,80.0,municipio,Base dos Dados / CNCA,-5.0,False,,743,gold
2024,2922706,29,BA,Nova Canaã,50.0,36.6,municipio,Base dos Dados / CNCA,13.399999999999999,True,,743,gold
2024,2902302,29,BA,Aratuípe,60.0,53.15,municipio,Base dos Dados / CNCA,6.850000000000001,True,,743,gold
2024,2616506,26,PE,Xexéu,81.33,65.51,municipio,Base dos Dados / CNCA,15.819999999999993,True,,743,gold
2024,4106308,41,PR,Corbélia,85.26,75.44,municipio,Base dos Dados / CNCA,9.820000000000007,True,,743,gold
2024,2806909,28,SE,São Francisco,81.25,41.56,municipio,Base dos Dados / CNCA,39.69,True,,743,gold
2024,3101102,31,MG,Aimorés,61.99,53.9,municipio,Base dos Dados / CNCA,8.090000000000003,True,,743,gold
2024,3303856,33,RJ,Paty do Alferes,75.96,68.68,municipio,Base dos Dados / CNCA,7.279999999999987,True,,743,gold
2024,4115606,41,PR,Matelândia,71.4,74.52,municipio,Base dos Dados / CNCA,-3.1199999999999903,False,,743,gold
2024,3154002,31,MG,Raul Soares,83.91,69.16,municipio,Base dos Dados / CNCA,14.75,True,,743,gold
2024,3204302,32,ES,Presidente Kennedy,69.85,70.22,municipio,Base dos Dados / CNCA,-0.37000000000000455,False,,743,gold
2024,1100064,11,RO,Colorado do Oeste,71.69,65.67,municipio,Base dos Dados / CNCA,6.019999999999996,True,,743,gold
2024,4113809,41,PR,Lupionópolis,77.71,80.0,municipio,Base dos Dados / CNCA,-2.2900000000000063,False,,743,gold
2024,3107901,31,MG,Bom Repouso,68.27,60.44,municipio,Base dos Dados / CNCA,7.829999999999998,True,,743,gold
2024,3127404,31,MG,Gonçalves,77.02,65.09,municipio,Base dos Dados / CNCA,11.929999999999993,True,,743,gold
2024,4205308,42,SC,Faxinal dos Guedes,66.52,57.2,municipio,Base dos Dados / CNCA,9.319999999999993,True,,743,gold
2024,4112504,41,PR,Jardim Alegre,77.74,64.31,municipio,Base dos Dados / CNCA,13.429999999999993,True,,743,gold
2024,4128559,41,PR,Vera Cruz do Oeste,76.11,56.94,municipio,Base dos Dados / CNCA,19.17,True,,743,gold
2024,5001243,50,MS,Aral Moreira,73.43,74.85,municipio,Base dos Dados / CNCA,-1.4199999999999875,False,,743,gold
2024,2111029,21,MA,São João do Carú,70.68,67.59,municipio,Base dos Dados / CNCA,3.0900000000000034,True,,743,gold
2024,2403251,24,RN,Parnamirim,35.27,50.04,municipio,Base dos Dados / CNCA,-14.769999999999996,False,,743,gold
2024,2504306,25,PB,Catolé do Rocha,45.82,59.32,municipio,Base dos Dados / CNCA,-13.5,False,,743,gold
2024,2703007,27,AL,Ibateguara,54.43,80.0,municipio,Base dos Dados / CNCA,-25.57,False,,743,gold
2024,4104303,41,PR,Campo Mourão,76.77,77.95,municipio,Base dos Dados / CNCA,-1.1800000000000068,False,,743,gold
2024,2412906,24,RN,São Tomé,49.16,27.18,municipio,Base dos Dados / CNCA,21.979999999999997,True,,743,gold
2024,2516904,25,PB,Uiraúna,45.07,80.0,municipio,Base dos Dados / CNCA,-34.93,False,,743,gold
2024,2102150,21,MA,Brejo de Areia,49.3,40.15,municipio,Base dos Dados / CNCA,9.149999999999999,True,,743,gold
2024,2602308,26,PE,Bonito,79.75,60.58,municipio,Base dos Dados / CNCA,19.17,True,,743,gold
2024,2918803,29,BA,Laje,45.45,52.04,municipio,Base dos Dados / CNCA,-6.589999999999996,False,,743,gold
2024,1712454,17,TO,Luzinópolis,48.91,32.22,municipio,Base dos Dados / CNCA,16.689999999999998,True,,743,gold
2024,3123601,31,MG,Elói Mendes,64.98,61.57,municipio,Base dos Dados / CNCA,3.4100000000000037,True,,743,gold
2024,3550704,35,SP,São Sebastião,44.38,45.57,municipio,Base dos Dados / CNCA,-1.1899999999999977,False,,743,gold
2024,4112108,41,PR,Jandaia do Sul,68.64,77.44,municipio,Base dos Dados / CNCA,-8.799999999999997,False,,743,gold
2024,2608404,26,PE,Jurema,60.64,57.86,municipio,Base dos Dados / CNCA,2.780000000000001,True,,743,gold
2024,4109500,41,PR,Guaraqueçaba,57.18,71.7,municipio,Base dos Dados / CNCA,-14.520000000000003,False,,743,gold
2024,1713205,17,TO,Miracema do Tocantins,46.42,47.63,municipio,Base dos Dados / CNCA,-1.2100000000000009,False,,743,gold
2024,4306601,43,RS,Dom Pedrito,47.8,61.19,municipio,Base dos Dados / CNCA,-13.39,False,,743,gold
2024,2912509,29,BA,Ibipitanga,46.81,49.93,municipio,Base dos Dados / CNCA,-3.1199999999999974,False,,743,gold
2024,4206207,42,SC,Gravatal,66.2,57.16,municipio,Base dos Dados / CNCA,9.040000000000006,True,,743,gold
2024,4128203,41,PR,União da Vitória,73.17,75.71,municipio,Base dos Dados / CNCA,-2.539999999999992,False,,743,gold
2024,4123907,41,PR,Santa Mariana,83.73,74.63,municipio,Base dos Dados / CNCA,9.100000000000009,True,,743,gold
2024,2206720,22,PI,Nazária,52.15,78.0,municipio,Base dos Dados / CNCA,-25.85,False,,743,gold
2024,3531704,35,SP,Monteiro Lobato,50.9,68.77,municipio,Base dos Dados / CNCA,-17.869999999999997,False,,743,gold
2024,4309100,43,RS,Gramado,57.5,79.21,municipio,Base dos Dados / CNCA,-21.709999999999994,False,,743,gold
2024,4302808,43,RS,Caçapava do Sul,47.9,58.95,municipio,Base dos Dados / CNCA,-11.050000000000004,False,,743,gold
2024,4305355,43,RS,Charqueadas,51.4,66.43,municipio,Base dos Dados / CNCA,-15.030000000000008,False,,743,gold
2024,4104659,41,PR,Carambeí,69.2,75.84,municipio,Base dos Dados / CNCA,-6.640000000000001,False,,743,gold
2024,4102307,41,PR,Balsa Nova,75.18,76.46,municipio,Base dos Dados / CNCA,-1.279999999999987,False,,743,gold
2024,2706604,27,AL,Paulo Jacinto,38.46,43.67,municipio,Base dos Dados / CNCA,-5.210000000000001,False,,743,gold
2024,5006309,50,MS,Paranaíba,55.2,37.71,municipio,Base dos Dados / CNCA,17.490000000000002,True,,743,gold
2024,4316758,43,RS,Santa Clara do Sul,47.3,80.0,municipio,Base dos Dados / CNCA,-32.7,False,,743,gold
2024,2405009,24,RN,Jaçanã,42.68,52.38,municipio,Base dos Dados / CNCA,-9.700000000000003,False,,743,gold
2024,2109502,21,MA,Riachão,51.85,60.3,uf_fallback,Base dos Dados / CNCA,-8.449999999999996,False,,743,gold
2024,3123858,31,MG,Entre Folhas,77.45,78.84,municipio,Base dos Dados / CNCA,-1.3900000000000006,False,,743,gold
2024,3503505,35,SP,Areias,56.95,62.9,municipio,Base dos Dados / CNCA,-5.949999999999996,False,,743,gold
2024,3150109,31,MG,Piau,75.58,36.74,municipio,Base dos Dados / CNCA,38.839999999999996,True,,743,gold
2024,3140100,31,MG,Marilac,56.14,65.87,municipio,Base dos Dados / CNCA,-9.730000000000004,False,,743,gold
2024,5202155,52,GO,Araguapaz,68.98,49.16,municipio,Base dos Dados / CNCA,19.820000000000007,True,,743,gold
2024,1718204,17,TO,Porto Nacional,44.11,60.65,municipio,Base dos Dados / CNCA,-16.54,False,,743,gold
2024,3507803,35,SP,Brodowski,54.27,58.03,municipio,Base dos Dados / CNCA,-3.759999999999998,False,,743,gold
2024,3527009,35,SP,Lindóia,61.13,77.54,municipio,Base dos Dados / CNCA,-16.410000000000004,False,,743,gold
2024,2606309,26,PE,Granito,68.11,57.04,municipio,Base dos Dados / CNCA,11.07,True,,743,gold
2024,2608453,26,PE,Lagoa do Carro,59.78,53.55,municipio,Base dos Dados / CNCA,6.230000000000004,True,,743,gold
2024,4118006,41,PR,Paraíso do Norte,67.76,75.67,municipio,Base dos Dados / CNCA,-7.909999999999997,False,,743,gold
2024,4113205,41,PR,Lapa,74.83,80.0,municipio,Base dos Dados / CNCA,-5.170000000000002,False,,743,gold
2024,4209854,42,SC,Lindóia do Sul,84.61,80.0,municipio,Base dos Dados / CNCA,4.609999999999999,True,,743,gold
2024,4319752,43,RS,São Vendelino,41.9,80.0,municipio,Base dos Dados / CNCA,-38.1,False,,743,gold
2024,3101805,31,MG,Alpercata,70.83,51.63,municipio,Base dos Dados / CNCA,19.199999999999996,True,,743,gold
2024,2612604,26,PE,Santa Maria da Boa Vista,64.37,51.17,municipio,Base dos Dados / CNCA,13.200000000000003,True,,743,gold
2024,3113800,31,MG,Carmésia,62.5,36.86,municipio,Base dos Dados / CNCA,25.64,True,,743,gold
2024,2601805,26,PE,Betânia,76.97,71.97,municipio,Base dos Dados / CNCA,5.0,True,,743,gold
2024,4118600,41,PR,Paula Freitas,74.56,77.91,municipio,Base dos Dados / CNCA,-3.3499999999999943,False,,743,gold
2024,4217907,42,SC,Tangará,76.55,64.5,uf_fallback,Base dos Dados / CNCA,12.049999999999997,True,,743,gold
2024,4100905,41,PR,Amaporã,76.71,73.16,municipio,Base dos Dados / CNCA,3.549999999999997,True,,743,gold
2024,4204459,42,SC,Coronel Martins,90.43,74.66,municipio,Base dos Dados / CNCA,15.77000000000001,True,,743,gold
2024,4112900,41,PR,Jundiaí do Sul,55.42,60.68,municipio,Base dos Dados / CNCA,-5.259999999999998,False,,743,gold
2024,1705508,17,TO,Colinas do Tocantins,55.82,55.79,municipio,Base dos Dados / CNCA,0.030000000000001137,True,,743,gold
2024,4104402,41,PR,Cândido de Abreu,85.54,80.0,municipio,Base dos Dados / CNCA,5.540000000000006,True,,743,gold
2024,4124608,41,PR,São Carlos do Ivaí,73.36,78.54,municipio,Base dos Dados / CNCA,-5.180000000000007,False,,743,gold
2024,3537206,35,SP,Pedro de Toledo,45.97,41.87,municipio,Base dos Dados / CNCA,4.100000000000001,True,,743,gold
2024,2108207,21,MA,Pedreiras,64.51,70.02,municipio,Base dos Dados / CNCA,-5.509999999999991,False,,743,gold
2024,4305871,43,RS,Coronel Barros,67.8,80.0,municipio,Base dos Dados / CNCA,-12.200000000000003,False,,743,gold
2024,4302303,43,RS,Bom Jesus,41.6,73.75,municipio,Base dos Dados / CNCA,-32.15,False,,743,gold
2024,1720804,17,TO,Sítio Novo do Tocantins,50.64,45.85,municipio,Base dos Dados / CNCA,4.789999999999999,True,,743,gold
2024,5002001,50,MS,Batayporã,67.77,51.26,municipio,Base dos Dados / CNCA,16.509999999999998,True,,743,gold
2024,2206670,22,PI,Morro do Chapéu do Piauí,40.04,35.98,municipio,Base dos Dados / CNCA,4.060000000000002,True,,743,gold
2024,2414001,24,RN,Tangará,39.88,48.84,municipio,Base dos Dados / CNCA,-8.96,False,,743,gold
2024,5107180,51,MT,Ribeirão Cascalheira,70.87,66.14,municipio,Base dos Dados / CNCA,4.730000000000004,True,,743,gold
2024,4300208,43,RS,Ajuricaba,74.3,80.0,municipio,Base dos Dados / CNCA,-5.700000000000003,False,,743,gold
2024,2207777,22,PI,Patos do Piauí,63.04,80.0,municipio,Base dos Dados / CNCA,-16.96,False,,743,gold
2024,3110202,31,MG,Cajuri,69.57,66.8,municipio,Base dos Dados / CNCA,2.769999999999996,True,,743,gold
2024,3120003,31,MG,Córrego Novo,62.81,52.11,municipio,Base dos Dados / CNCA,10.700000000000003,True,,743,gold
2024,2111003,21,MA,São João Batista,58.4,36.65,municipio,Base dos Dados / CNCA,21.75,True,,743,gold
2024,2105963,21,MA,Lagoa Grande do Maranhão,97.12,80.0,municipio,Base dos Dados / CNCA,17.120000000000005,True,,743,gold
2024,2903409,29,BA,Belmonte,33.93,42.49,municipio,Base dos Dados / CNCA,-8.560000000000002,False,,743,gold
2024,5103304,51,MT,Comodoro,47.59,61.46,municipio,Base dos Dados / CNCA,-13.869999999999997,False,,743,gold
2024,4321808,43,RS,Três de Maio,52.1,79.17,municipio,Base dos Dados / CNCA,-27.07,False,,743,gold
2024,4316808,43,RS,Santa Cruz do Sul,48.4,67.32,municipio,Base dos Dados / CNCA,-18.919999999999995,False,,743,gold
2024,4205456,42,SC,Forquilhinha,63.24,62.24,municipio,Base dos Dados / CNCA,1.0,True,,743,gold
2024,4204202,42,SC,Chapecó,58.47,60.17,municipio,Base dos Dados / CNCA,-1.7000000000000028,False,,743,gold
2024,4109708,41,PR,Ibaiti,71.64,73.99,municipio,Base dos Dados / CNCA,-2.3499999999999943,False,,743,gold
2024,5222203,52,GO,Vila Boa,78.69,80.0,municipio,Base dos Dados / CNCA,-1.3100000000000023,False,,743,gold
2024,4304200,43,RS,Candelária,53.0,76.07,municipio,Base dos Dados / CNCA,-23.069999999999993,False,,743,gold
2024,2202406,22,PI,Capitão de Campos,54.01,58.04,municipio,Base dos Dados / CNCA,-4.030000000000001,False,,743,gold
2024,1100320,11,RO,São Miguel do Guaporé,69.13,69.73,municipio,Base dos Dados / CNCA,-0.6000000000000085,False,,743,gold
2024,4112801,41,PR,Joaquim Távora,85.12,80.0,municipio,Base dos Dados / CNCA,5.1200000000000045,True,,743,gold
2024,2706208,27,AL,Palestina,51.18,40.59,municipio,Base dos Dados / CNCA,10.589999999999996,True,,743,gold
2024,2108454,21,MA,Peritoró,70.53,61.07,municipio,Base dos Dados / CNCA,9.46,True,,743,gold
2024,5208004,52,GO,Formosa,64.02,66.03,municipio,Base dos Dados / CNCA,-2.010000000000005,False,,743,gold
2024,5204656,52,GO,Campinaçu,81.73,71.97,municipio,Base dos Dados / CNCA,9.760000000000005,True,,743,gold
2024,3201605,32,ES,Conceição da Barra,67.91,74.67,municipio,Base dos Dados / CNCA,-6.760000000000005,False,,743,gold
2024,4121109,41,PR,Quinta do Sol,74.15,77.24,municipio,Base dos Dados / CNCA,-3.089999999999989,False,,743,gold
2024,4126900,41,PR,Tapira,77.42,80.0,municipio,Base dos Dados / CNCA,-2.5799999999999983,False,,743,gold
2024,4207304,42,SC,Imbituba,56.24,64.5,uf_fallback,Base dos Dados / CNCA,-8.259999999999998,False,,743,gold
2024,3150158,31,MG,Piedade de Caratinga,74.09,57.33,municipio,Base dos Dados / CNCA,16.760000000000005,True,,743,gold
2024,2110302,21,MA,Santo Antônio dos Lopes,72.56,57.23,municipio,Base dos Dados / CNCA,15.330000000000005,True,,743,gold
2024,4204152,42,SC,Celso Ramos,75.67,77.74,municipio,Base dos Dados / CNCA,-2.069999999999993,False,,743,gold
2024,3546900,35,SP,Santa Lúcia,70.68,68.96,municipio,Base dos Dados / CNCA,1.720000000000013,True,,743,gold
2024,4219309,42,SC,Videira,63.83,61.06,municipio,Base dos Dados / CNCA,2.769999999999996,True,,743,gold
2024,5217203,52,GO,Piranhas,68.65,78.38,municipio,Base dos Dados / CNCA,-9.72999999999999,False,,743,gold
2024,3133600,31,MG,Itapeva,67.89,56.63,municipio,Base dos Dados / CNCA,11.259999999999998,True,,743,gold
2024,2201507,22,PI,Batalha,46.97,49.49,municipio,Base dos Dados / CNCA,-2.520000000000003,False,,743,gold
2024,3300225,33,RJ,Areal,63.64,65.34,municipio,Base dos Dados / CNCA,-1.7000000000000028,False,,743,gold
2024,3516804,35,SP,Gastão Vidigal,54.3,57.58,municipio,Base dos Dados / CNCA,-3.280000000000001,False,,743,gold
2024,3114402,31,MG,Carmo do Rio Claro,68.35,65.96,municipio,Base dos Dados / CNCA,2.3900000000000006,True,,743,gold
2024,4118105,41,PR,Paranacity,80.03,80.0,municipio,Base dos Dados / CNCA,0.030000000000001137,True,,743,gold
2024,3525508,35,SP,Joanópolis,57.3,73.15,municipio,Base dos Dados / CNCA,-15.850000000000009,False,,743,gold
2024,2400901,24,RN,Antônio Martins,51.06,32.45,municipio,Base dos Dados / CNCA,18.61,True,,743,gold
2024,4218400,42,SC,Treze de Maio,62.38,73.15,municipio,Base dos Dados / CNCA,-10.770000000000003,False,,743,gold
2024,5219902,52,GO,São Francisco de Goiás,75.57,62.43,municipio,Base dos Dados / CNCA,13.139999999999993,True,,743,gold
2024,4202453,42,SC,Bombinhas,68.24,64.5,uf_fallback,Base dos Dados / CNCA,3.739999999999995,True,,743,gold
2024,4306700,43,RS,Dona Francisca,26.7,80.0,municipio,Base dos Dados / CNCA,-53.3,False,,743,gold
2024,4315313,43,RS,Quatro Irmãos,40.0,57.42,municipio,Base dos Dados / CNCA,-17.42,False,,743,gold
2024,1718899,17,TO,Santa Rita do Tocantins,43.12,65.92,municipio,Base dos Dados / CNCA,-22.800000000000004,False,,743,gold
2024,1701002,17,TO,Ananás,46.69,46.22,municipio,Base dos Dados / CNCA,0.46999999999999886,True,,743,gold
2024,2702207,27,AL,Coqueiro Seco,54.67,41.33,municipio,Base dos Dados / CNCA,13.340000000000003,True,,743,gold
2024,3106101,31,MG,Belmiro Braga,57.69,63.2,uf_fallback,Base dos Dados / CNCA,-5.510000000000005,False,,743,gold
2024,4128302,41,PR,Uniflor,73.33,63.5,municipio,Base dos Dados / CNCA,9.829999999999998,True,,743,gold
2024,3555703,35,SP,União Paulista,80.0,56.6,uf_fallback,Base dos Dados / CNCA,23.4,True,,743,gold
2024,4304622,43,RS,Capão Bonito do Sul,60.0,58.18,municipio,Base dos Dados / CNCA,1.8200000000000003,True,,743,gold
2024,3161601,31,MG,São Geraldo da Piedade,70.0,70.95,municipio,Base dos Dados / CNCA,-0.9500000000000028,False,,743,gold
2024,4123600,41,PR,Santa Inês,100.0,80.0,municipio,Base dos Dados / CNCA,20.0,True,,743,gold
2024,5002407,50,MS,Caarapó,64.68,57.41,municipio,Base dos Dados / CNCA,7.27000000000001,True,,743,gold
2024,1200500,12,AC,Sena Madureira,64.87,59.9,uf_fallback,Base dos Dados / CNCA,4.970000000000006,True,,743,gold
2024,4209458,42,SC,Lajeado Grande,66.07,78.78,municipio,Base dos Dados / CNCA,-12.710000000000008,False,,743,gold
2024,5104526,51,MT,Ipiranga do Norte,59.46,64.83,municipio,Base dos Dados / CNCA,-5.369999999999997,False,,743,gold
2024,3121258,31,MG,Delta,47.77,55.77,municipio,Base dos Dados / CNCA,-8.0,False,,743,gold
2024,4320701,43,RS,Sobradinho,63.8,80.0,municipio,Base dos Dados / CNCA,-16.200000000000003,False,,743,gold
2024,4311007,43,RS,Jaguarão,47.3,53.41,municipio,Base dos Dados / CNCA,-6.109999999999999,False,,743,gold
2024,5212501,52,GO,Luziânia,66.27,66.66,municipio,Base dos Dados / CNCA,-0.39000000000000057,False,,743,gold
2024,4202859,42,SC,Braço do Trombudo,64.21,65.11,municipio,Base dos Dados / CNCA,-0.9000000000000057,False,,743,gold
2024,3119401,31,MG,Coronel Fabriciano,64.1,52.71,municipio,Base dos Dados / CNCA,11.389999999999993,True,,743,gold
2024,2615805,26,PE,Tupanatinga,68.38,70.41,municipio,Base dos Dados / CNCA,-2.030000000000001,False,,743,gold
2024,1722107,17,TO,Xambioá,42.82,29.18,municipio,Base dos Dados / CNCA,13.64,True,,743,gold
2024,2401404,24,RN,Baía Formosa,35.36,33.22,municipio,Base dos Dados / CNCA,2.1400000000000006,True,,743,gold
2024,3527207,35,SP,Lorena,47.82,48.46,municipio,Base dos Dados / CNCA,-0.6400000000000006,False,,743,gold
2024,3137601,31,MG,Lagoa Santa,73.13,64.72,municipio,Base dos Dados / CNCA,8.409999999999997,True,,743,gold
2024,1100700,11,RO,Campo Novo de Rondônia,71.94,62.75,municipio,Base dos Dados / CNCA,9.189999999999998,True,,743,gold
2024,3531100,35,SP,Mongaguá,41.39,53.74,municipio,Base dos Dados / CNCA,-12.350000000000001,False,,743,gold
2024,3540705,35,SP,Porto Ferreira,50.08,54.0,municipio,Base dos Dados / CNCA,-3.9200000000000017,False,,743,gold
2024,3548609,35,SP,São Bento do Sapucaí,57.89,64.92,municipio,Base dos Dados / CNCA,-7.030000000000001,False,,743,gold
2024,4308300,43,RS,Fontoura Xavier,65.9,65.01,municipio,Base dos Dados / CNCA,0.8900000000000006,True,,743,gold
2024,4120408,41,PR,Presidente Castelo Branco,62.98,76.81,municipio,Base dos Dados / CNCA,-13.830000000000005,False,,743,gold
2024,3145356,31,MG,Novo Oriente de Minas,67.04,50.62,municipio,Base dos Dados / CNCA,16.42000000000001,True,,743,gold
2024,4108320,41,PR,Francisco Alves,80.22,70.52,municipio,Base dos Dados / CNCA,9.700000000000003,True,,743,gold
2024,4123956,41,PR,Santa Mônica,80.22,78.86,municipio,Base dos Dados / CNCA,1.3599999999999994,True,,743,gold
2024,4202602,42,SC,Bom Retiro,46.31,39.4,municipio,Base dos Dados / CNCA,6.910000000000004,True,,743,gold
2024,2202000,22,PI,Buriti dos Lopes,61.68,47.6,municipio,Base dos Dados / CNCA,14.079999999999998,True,,743,gold
2024,4126207,41,PR,Sapopema,83.01,74.36,municipio,Base dos Dados / CNCA,8.650000000000006,True,,743,gold
2024,1717008,17,TO,Pindorama do Tocantins,33.88,52.73,municipio,Base dos Dados / CNCA,-18.849999999999994,False,,743,gold
2024,2806701,28,SE,São Cristóvão,67.6,59.87,municipio,Base dos Dados / CNCA,7.729999999999997,True,,743,gold
2024,2100956,21,MA,Arame,74.44,76.81,municipio,Base dos Dados / CNCA,-2.3700000000000045,False,,743,gold
2024,2612802,26,PE,Santa Terezinha,79.68,70.19,municipio,Base dos Dados / CNCA,9.490000000000009,True,,743,gold
2024,3124104,31,MG,Esmeraldas,68.41,55.55,municipio,Base dos Dados / CNCA,12.86,True,,743,gold
2024,3147709,31,MG,Passa Tempo,78.42,80.0,municipio,Base dos Dados / CNCA,-1.5799999999999983,False,,743,gold
2024,3171303,31,MG,Viçosa,78.22,65.52,municipio,Base dos Dados / CNCA,12.700000000000003,True,,743,gold
2024,2102077,21,MA,Bom Lugar,95.28,80.0,municipio,Base dos Dados / CNCA,15.280000000000001,True,,743,gold
2024,4215455,42,SC,Sangão,48.46,70.98,municipio,Base dos Dados / CNCA,-22.520000000000003,False,,743,gold
2024,3136009,31,MG,Joaíma,61.92,48.92,municipio,Base dos Dados / CNCA,13.0,True,,743,gold
2024,2111508,21,MA,São Mateus do Maranhão,66.16,67.09,municipio,Base dos Dados / CNCA,-0.9300000000000068,False,,743,gold
2024,3512605,35,SP,Coronel Macedo,38.69,51.76,municipio,Base dos Dados / CNCA,-13.07,False,,743,gold
2024,3531803,35,SP,Monte Mor,46.98,54.58,municipio,Base dos Dados / CNCA,-7.600000000000001,False,,743,gold
2024,3130705,31,MG,Indianópolis,53.9,49.02,municipio,Base dos Dados / CNCA,4.8799999999999955,True,,743,gold
2024,5204508,52,GO,Caldas Novas,62.94,62.34,municipio,Base dos Dados / CNCA,0.5999999999999943,True,,743,gold
2024,4219408,42,SC,Witmarsum,77.27,79.97,municipio,Base dos Dados / CNCA,-2.700000000000003,False,,743,gold
2024,2705507,27,AL,Murici,84.41,57.6,municipio,Base dos Dados / CNCA,26.809999999999995,True,,743,gold
2024,3115359,31,MG,Catas Altas,71.35,69.4,municipio,Base dos Dados / CNCA,1.9499999999999886,True,,743,gold
2024,5217302,52,GO,Pirenópolis,64.06,74.01,municipio,Base dos Dados / CNCA,-9.950000000000003,False,,743,gold
2024,4319109,43,RS,São Martinho,64.5,80.0,municipio,Base dos Dados / CNCA,-15.5,False,,743,gold
2024,3146750,31,MG,Palmópolis,70.64,45.12,municipio,Base dos Dados / CNCA,25.520000000000003,True,,743,gold
2024,5209705,52,GO,Hidrolândia,65.56,70.74,municipio,Base dos Dados / CNCA,-5.179999999999993,False,,743,gold
2024,5103353,51,MT,Confresa,54.24,42.31,municipio,Base dos Dados / CNCA,11.93,True,,743,gold
2024,4315206,43,RS,Putinga,82.8,80.0,municipio,Base dos Dados / CNCA,2.799999999999997,True,,743,gold
2024,5005707,50,MS,Naviraí,59.87,63.53,municipio,Base dos Dados / CNCA,-3.6600000000000037,False,,743,gold
2024,4201653,42,SC,Arvoredo,77.94,76.36,municipio,Base dos Dados / CNCA,1.5799999999999983,True,,743,gold
2024,3136652,31,MG,Juatuba,68.53,52.87,municipio,Base dos Dados / CNCA,15.660000000000004,True,,743,gold
2024,3122355,31,MG,Divisa Alegre,62.69,55.72,municipio,Base dos Dados / CNCA,6.969999999999999,True,,743,gold
2024,4114401,41,PR,Mangueirinha,66.1,73.44,municipio,Base dos Dados / CNCA,-7.340000000000003,False,,743,gold
2024,2401453,24,RN,Baraúna,44.48,38.99,municipio,Base dos Dados / CNCA,5.489999999999995,True,,743,gold
2024,2511509,25,PB,Pilar,38.07,74.43,municipio,Base dos Dados / CNCA,-36.36000000000001,False,,743,gold
2024,5107768,51,MT,Santa Rita do Trivelato,62.63,67.26,municipio,Base dos Dados / CNCA,-4.630000000000003,False,,743,gold
2024,3114709,31,MG,Carvalhópolis,100.0,77.41,municipio,Base dos Dados / CNCA,22.590000000000003,True,,743,gold
2024,3125408,31,MG,Felício dos Santos,79.38,80.0,municipio,Base dos Dados / CNCA,-0.6200000000000045,False,,743,gold
2024,3123205,31,MG,Dores do Indaiá,85.44,68.1,municipio,Base dos Dados / CNCA,17.340000000000003,True,,743,gold
2024,4120002,41,PR,Porecatu,87.25,75.21,municipio,Base dos Dados / CNCA,12.040000000000006,True,,743,gold
2024,3525102,35,SP,Jardinópolis,45.42,61.9,municipio,Base dos Dados / CNCA,-16.479999999999997,False,,743,gold
2024,2402006,24,RN,Caicó,47.28,42.3,municipio,Base dos Dados / CNCA,4.980000000000004,True,,743,gold
2024,4315750,43,RS,Riozinho,62.1,76.61,municipio,Base dos Dados / CNCA,-14.509999999999998,False,,743,gold
2024,2504157,25,PB,Casserengue,58.51,53.21,municipio,Base dos Dados / CNCA,5.299999999999997,True,,743,gold
2024,3528700,35,SP,Marabá Paulista,48.33,72.78,municipio,Base dos Dados / CNCA,-24.450000000000003,False,,743,gold
2024,5206503,52,GO,Cromínia,72.38,59.88,municipio,Base dos Dados / CNCA,12.499999999999993,True,,743,gold
2024,1100601,11,RO,Cacaulândia,78.84,58.84,municipio,Base dos Dados / CNCA,20.0,True,,743,gold
2024,3539400,35,SP,Piratininga,44.37,54.01,municipio,Base dos Dados / CNCA,-9.64,False,,743,gold
2024,2608206,26,PE,Joaquim Nabuco,47.34,54.58,municipio,Base dos Dados / CNCA,-7.239999999999995,False,,743,gold
2024,4217006,42,SC,São Ludgero,68.64,68.15,municipio,Base dos Dados / CNCA,0.4899999999999949,True,,743,gold
2024,4209607,42,SC,Lauro Muller,68.71,66.04,municipio,Base dos Dados / CNCA,2.6699999999999875,True,,743,gold
2024,3525201,35,SP,Jarinu,44.07,53.9,municipio,Base dos Dados / CNCA,-9.829999999999998,False,,743,gold
2024,3139805,31,MG,Mar de Espanha,68.1,59.0,municipio,Base dos Dados / CNCA,9.099999999999994,True,,743,gold
2024,3165206,31,MG,São Thomé das Letras,89.73,80.0,municipio,Base dos Dados / CNCA,9.730000000000004,True,,743,gold
2024,5220264,52,GO,São Miguel do Passa Quatro,67.1,80.0,municipio,Base dos Dados / CNCA,-12.900000000000006,False,,743,gold
2024,1706001,17,TO,Couto Magalhães,49.04,53.39,municipio,Base dos Dados / CNCA,-4.350000000000001,False,,743,gold
2024,2514305,25,PB,São José de Caiana,52.39,53.39,municipio,Base dos Dados / CNCA,-1.0,False,,743,gold
2024,4119400,41,PR,Piraí do Sul,74.06,74.08,municipio,Base dos Dados / CNCA,-0.01999999999999602,False,,743,gold
2024,3157401,31,MG,Santa Cruz do Escalvado,75.73,58.77,municipio,Base dos Dados / CNCA,16.96,True,,743,gold
2024,3518107,35,SP,Guarantã,47.49,69.04,municipio,Base dos Dados / CNCA,-21.550000000000004,False,,743,gold
2024,5105903,51,MT,Nobres,57.19,60.77,municipio,Base dos Dados / CNCA,-3.5800000000000054,False,,743,gold
2024,2110203,21,MA,Santa Rita,56.53,62.92,municipio,Base dos Dados / CNCA,-6.390000000000001,False,,743,gold
2024,3127388,31,MG,Goianá,80.51,75.76,municipio,Base dos Dados / CNCA,4.75,True,,743,gold
2024,4120200,41,PR,Porto Rico,71.94,63.64,municipio,Base dos Dados / CNCA,8.299999999999997,True,,743,gold
2024,3147600,31,MG,Passa Quatro,80.38,80.0,municipio,Base dos Dados / CNCA,0.37999999999999545,True,,743,gold
2024,3203205,32,ES,Linhares,67.84,66.76,municipio,Base dos Dados / CNCA,1.0799999999999983,True,,743,gold
2024,3167707,31,MG,Sobrália,75.93,68.72,municipio,Base dos Dados / CNCA,7.210000000000008,True,,743,gold
2024,3124203,31,MG,Espera Feliz,59.04,72.95,municipio,Base dos Dados / CNCA,-13.910000000000004,False,,743,gold
2024,2107357,21,MA,Nova Olinda do Maranhão,62.23,60.95,municipio,Base dos Dados / CNCA,1.279999999999994,True,,743,gold
2024,3130200,31,MG,Igaratinga,79.48,70.67,municipio,Base dos Dados / CNCA,8.810000000000002,True,,743,gold
2024,1702703,17,TO,Aurora do Tocantins,41.94,57.4,municipio,Base dos Dados / CNCA,-15.46,False,,743,gold
2024,3106705,31,MG,Betim,66.97,58.25,municipio,Base dos Dados / CNCA,8.719999999999999,True,,743,gold
2024,3164100,31,MG,São Pedro do Suaçuí,88.29,69.13,municipio,Base dos Dados / CNCA,19.16000000000001,True,,743,gold
2024,4101507,41,PR,Arapongas,70.97,76.59,municipio,Base dos Dados / CNCA,-5.6200000000000045,False,,743,gold
2024,4107108,41,PR,Diamante do Norte,78.26,74.08,municipio,Base dos Dados / CNCA,4.180000000000007,True,,743,gold
2024,3544608,35,SP,Sabino,46.98,58.64,municipio,Base dos Dados / CNCA,-11.660000000000004,False,,743,gold
2024,2413508,24,RN,Serrinha,48.08,60.14,municipio,Base dos Dados / CNCA,-12.060000000000002,False,,743,gold
2024,5200605,52,GO,Alto Paraíso de Goiás,60.2,80.0,municipio,Base dos Dados / CNCA,-19.799999999999997,False,,743,gold
2024,4204608,42,SC,Criciúma,59.81,62.54,municipio,Base dos Dados / CNCA,-2.729999999999997,False,,743,gold
2024,3158953,31,MG,Santana do Paraíso,69.95,71.41,municipio,Base dos Dados / CNCA,-1.4599999999999937,False,,743,gold
2024,4204103,42,SC,Caxambu do Sul,60.13,71.21,municipio,Base dos Dados / CNCA,-11.079999999999991,False,,743,gold
2024,3110004,31,MG,Caeté,70.95,74.49,municipio,Base dos Dados / CNCA,-3.539999999999992,False,,743,gold
2024,2615201,26,PE,Terra Nova,71.07,64.99,municipio,Base dos Dados / CNCA,6.079999999999998,True,,743,gold
2024,4123824,41,PR,Santa Lúcia,85.71,79.57,municipio,Base dos Dados / CNCA,6.140000000000001,True,,743,gold
2024,4300638,43,RS,Amaral Ferrador,56.6,72.06,municipio,Base dos Dados / CNCA,-15.46,False,,743,gold
2024,4209508,42,SC,Laurentino,60.32,66.86,municipio,Base dos Dados / CNCA,-6.539999999999999,False,,743,gold
2024,4321402,43,RS,Tenente Portela,62.2,69.61,municipio,Base dos Dados / CNCA,-7.409999999999997,False,,743,gold
2024,3134707,31,MG,Jacinto,55.44,50.97,municipio,Base dos Dados / CNCA,4.469999999999999,True,,743,gold
2024,3123528,31,MG,Durandé,71.43,78.46,municipio,Base dos Dados / CNCA,-7.029999999999987,False,,743,gold
2024,3300951,33,RJ,Comendador Levy Gasparian,66.11,56.32,municipio,Base dos Dados / CNCA,9.79,True,,743,gold
2024,4123709,41,PR,Santa Isabel do Ivaí,75.13,80.0,municipio,Base dos Dados / CNCA,-4.8700000000000045,False,,743,gold
2024,4311809,43,RS,Marau,46.2,68.78,municipio,Base dos Dados / CNCA,-22.58,False,,743,gold
2024,1713700,17,TO,Monte Santo do Tocantins,44.77,36.45,municipio,Base dos Dados / CNCA,8.32,True,,743,gold
2024,4106605,41,PR,Cruzeiro do Oeste,73.47,74.97,municipio,Base dos Dados / CNCA,-1.5,False,,743,gold
2024,2606507,26,PE,Iati,82.26,68.56,municipio,Base dos Dados / CNCA,13.700000000000003,True,,743,gold
2024,4126009,41,PR,São Sebastião da Amoreira,87.77,80.0,municipio,Base dos Dados / CNCA,7.769999999999996,True,,743,gold
2024,3536703,35,SP,Pederneiras,46.77,43.06,municipio,Base dos Dados / CNCA,3.710000000000001,True,,743,gold
2024,1709302,17,TO,Guaraí,48.16,42.74,municipio,Base dos Dados / CNCA,5.419999999999995,True,,743,gold
2024,4310702,43,RS,Itatiba do Sul,38.0,80.0,municipio,Base dos Dados / CNCA,-42.0,False,,743,gold
2024,2605301,26,PE,Exu,55.21,60.53,municipio,Base dos Dados / CNCA,-5.32,False,,743,gold
2024,5101308,51,MT,Arenápolis,58.62,65.24,municipio,Base dos Dados / CNCA,-6.619999999999997,False,,743,gold
2024,2403756,24,RN,Fernando Pedroza,62.51,39.77,municipio,Base dos Dados / CNCA,22.739999999999995,True,,743,gold
2024,2408201,24,RN,Nísia Floresta,49.02,39.14,municipio,Base dos Dados / CNCA,9.880000000000003,True,,743,gold
2024,2206050,22,PI,Massapê do Piauí,60.66,51.46,municipio,Base dos Dados / CNCA,9.199999999999996,True,,743,gold
2024,2601052,26,PE,Araçoiaba,53.49,51.26,municipio,Base dos Dados / CNCA,2.230000000000004,True,,743,gold
2024,4114609,41,PR,Marechal Cândido Rondon,76.44,76.01,municipio,Base dos Dados / CNCA,0.4299999999999926,True,,743,gold
2024,2605806,26,PE,Frei Miguelinho,70.68,69.96,municipio,Base dos Dados / CNCA,0.7200000000000131,True,,743,gold
2024,3164506,31,MG,São Sebastião do Maranhão,81.61,63.2,uf_fallback,Base dos Dados / CNCA,18.409999999999997,True,,743,gold
2024,3138401,31,MG,Leopoldina,65.12,62.21,municipio,Base dos Dados / CNCA,2.9100000000000037,True,,743,gold
2024,4313060,43,RS,Nova Hartz,45.1,73.32,municipio,Base dos Dados / CNCA,-28.21999999999999,False,,743,gold
2024,1702406,17,TO,Arraias,61.2,41.11,municipio,Base dos Dados / CNCA,20.090000000000003,True,,743,gold
2024,3152105,31,MG,Ponte Nova,78.64,57.17,municipio,Base dos Dados / CNCA,21.47,True,,743,gold
2024,2202778,22,PI,Colônia do Piauí,42.87,63.22,municipio,Base dos Dados / CNCA,-20.35,False,,743,gold
2024,4316709,43,RS,Santa Bárbara do Sul,42.8,68.31,municipio,Base dos Dados / CNCA,-25.510000000000005,False,,743,gold
2024,2605103,26,PE,Custódia,84.57,80.0,municipio,Base dos Dados / CNCA,4.569999999999993,True,,743,gold
2024,4127007,41,PR,Teixeira Soares,88.2,77.71,municipio,Base dos Dados / CNCA,10.490000000000009,True,,743,gold
2024,5006606,50,MS,Ponta Porã,67.74,61.45,municipio,Base dos Dados / CNCA,6.289999999999992,True,,743,gold
2024,3201209,32,ES,Cachoeiro de Itapemirim,71.69,67.7,municipio,Base dos Dados / CNCA,3.989999999999995,True,,743,gold
2024,4127957,41,PR,Tupãssi,79.06,72.18,municipio,Base dos Dados / CNCA,6.8799999999999955,True,,743,gold
2024,4127882,41,PR,Tunas do Paraná,75.01,66.18,municipio,Base dos Dados / CNCA,8.829999999999998,True,,743,gold
2024,3166204,31,MG,Senhora dos Remédios,80.52,80.0,municipio,Base dos Dados / CNCA,0.519999999999996,True,,743,gold
2024,2105104,21,MA,Icatu,68.98,68.75,municipio,Base dos Dados / CNCA,0.23000000000000398,True,,743,gold
2024,1101450,11,RO,Parecis,70.6,64.17,municipio,Base dos Dados / CNCA,6.429999999999993,True,,743,gold
2024,2412302,24,RN,São José do Campestre,49.57,25.0,municipio,Base dos Dados / CNCA,24.57,True,,743,gold
2024,4122156,41,PR,Rio Bonito do Iguaçu,75.32,80.0,municipio,Base dos Dados / CNCA,-4.680000000000007,False,,743,gold
2024,3168101,31,MG,Tapira,79.68,60.07,municipio,Base dos Dados / CNCA,19.610000000000007,True,,743,gold
2024,2404606,24,RN,Ielmo Marinho,30.36,47.4,municipio,Base dos Dados / CNCA,-17.04,False,,743,gold
2024,2406007,24,RN,José da Penha,49.94,43.8,uf_fallback,Base dos Dados / CNCA,6.140000000000001,True,,743,gold
2024,2101608,21,MA,Barra do Corda,64.05,67.82,municipio,Base dos Dados / CNCA,-3.769999999999996,False,,743,gold
2024,3152501,31,MG,Pouso Alegre,68.72,62.41,municipio,Base dos Dados / CNCA,6.310000000000002,True,,743,gold
2024,2607950,26,PE,Jaqueira,81.67,61.36,municipio,Base dos Dados / CNCA,20.310000000000002,True,,743,gold
2024,2607000,26,PE,Inajá,79.7,58.6,municipio,Base dos Dados / CNCA,21.1,True,,743,gold
2024,4107504,41,PR,Engenheiro Beltrão,82.06,80.0,municipio,Base dos Dados / CNCA,2.0600000000000023,True,,743,gold
2024,5105309,51,MT,Luciara,46.43,44.17,municipio,Base dos Dados / CNCA,2.259999999999998,True,,743,gold
2024,5204201,52,GO,Cachoeira de Goiás,64.29,67.45,municipio,Base dos Dados / CNCA,-3.1599999999999966,False,,743,gold
2024,5103700,51,MT,Feliz Natal,51.15,67.6,municipio,Base dos Dados / CNCA,-16.449999999999996,False,,743,gold
2024,4306130,43,RS,Cruzaltense,64.3,78.11,municipio,Base dos Dados / CNCA,-13.810000000000002,False,,743,gold
2024,4306551,43,RS,Dom Pedro de Alcântara,57.1,80.0,municipio,Base dos Dados / CNCA,-22.9,False,,743,gold
2024,2506202,25,PB,Frei Martinho,71.43,45.11,municipio,Base dos Dados / CNCA,26.320000000000007,True,,743,gold
2024,3540259,35,SP,Pontalinda,51.66,50.33,municipio,Base dos Dados / CNCA,1.3299999999999983,True,,743,gold
2024,4219606,42,SC,Xavantina,80.95,72.9,municipio,Base dos Dados / CNCA,8.049999999999997,True,,743,gold
2024,4314704,43,RS,Planalto,56.3,73.65,municipio,Base dos Dados / CNCA,-17.35000000000001,False,,743,gold
2024,4301552,43,RS,Áurea,56.5,80.0,municipio,Base dos Dados / CNCA,-23.5,False,,743,gold
2024,2109205,21,MA,Presidente Juscelino,57.94,43.48,municipio,Base dos Dados / CNCA,14.46,True,,743,gold
2024,4305504,43,RS,Ciríaco,84.0,80.0,municipio,Base dos Dados / CNCA,4.0,True,,743,gold
2024,3106655,31,MG,Berizal,83.33,70.18,municipio,Base dos Dados / CNCA,13.149999999999991,True,,743,gold
2024,4323606,43,RS,Vista Alegre do Prata,85.7,80.0,municipio,Base dos Dados / CNCA,5.700000000000003,True,,743,gold
2024,2705903,27,AL,Olho d'Água Grande,82.14,80.0,municipio,Base dos Dados / CNCA,2.1400000000000006,True,,743,gold
2024,2411601,24,RN,São Bento do Norte,32.17,61.45,municipio,Base dos Dados / CNCA,-29.28,False,,743,gold
2024,4207601,42,SC,Ipira,84.43,80.0,municipio,Base dos Dados / CNCA,4.430000000000007,True,,743,gold
2024,3156700,31,MG,Sabará,71.68,60.94,municipio,Base dos Dados / CNCA,10.740000000000009,True,,743,gold
2024,3511003,35,SP,Castilho,45.42,53.1,municipio,Base dos Dados / CNCA,-7.68,False,,743,gold
2024,5208509,52,GO,Goiandira,72.17,50.36,municipio,Base dos Dados / CNCA,21.810000000000002,True,,743,gold
2024,1720200,17,TO,São Miguel do Tocantins,36.9,34.18,municipio,Base dos Dados / CNCA,2.719999999999999,True,,743,gold
2024,3517406,35,SP,Guaíra,53.49,59.03,municipio,Base dos Dados / CNCA,-5.539999999999999,False,,743,gold
2024,3111606,31,MG,Campos Gerais,71.94,67.91,municipio,Base dos Dados / CNCA,4.030000000000001,True,,743,gold
2024,2401008,24,RN,Apodi,45.18,43.46,municipio,Base dos Dados / CNCA,1.7199999999999989,True,,743,gold
2024,5208400,52,GO,Goianápolis,68.02,75.26,municipio,Base dos Dados / CNCA,-7.240000000000009,False,,743,gold
2024,2106201,21,MA,Luís Domingues,84.97,77.39,municipio,Base dos Dados / CNCA,7.579999999999998,True,,743,gold
2024,2507705,25,PB,Juazeirinho,45.45,55.74,municipio,Base dos Dados / CNCA,-10.29,False,,743,gold
2024,4310207,43,RS,Ijuí,56.1,77.0,municipio,Base dos Dados / CNCA,-20.9,False,,743,gold
2024,2611804,26,PE,Ribeirão,65.68,64.61,municipio,Base dos Dados / CNCA,1.0700000000000074,True,,743,gold
2024,2903003,29,BA,Barra do Mendes,32.43,45.6,municipio,Base dos Dados / CNCA,-13.170000000000002,False,,743,gold
2024,3527405,35,SP,Lucélia,68.26,67.06,municipio,Base dos Dados / CNCA,1.2000000000000028,True,,743,gold
2024,3169109,31,MG,Toledo,89.2,65.89,municipio,Base dos Dados / CNCA,23.310000000000002,True,,743,gold
2024,3204906,32,ES,São Mateus,70.65,69.26,municipio,Base dos Dados / CNCA,1.3900000000000006,True,,743,gold
2024,3305703,33,RJ,Sumidouro,75.43,56.7,uf_fallback,Base dos Dados / CNCA,18.730000000000004,True,,743,gold
2024,3168606,31,MG,Teófilo Otoni,65.96,55.57,municipio,Base dos Dados / CNCA,10.389999999999993,True,,743,gold
2024,2107704,21,MA,Paraibano,74.65,79.02,municipio,Base dos Dados / CNCA,-4.36999999999999,False,,743,gold
2024,5007935,50,MS,Sonora,78.58,52.8,municipio,Base dos Dados / CNCA,25.78,True,,743,gold
2024,3513009,35,SP,Cotia,49.49,55.5,municipio,Base dos Dados / CNCA,-6.009999999999998,False,,743,gold
2024,4125308,41,PR,São Jorge do Ivaí,70.73,80.0,municipio,Base dos Dados / CNCA,-9.269999999999996,False,,743,gold
2024,4215208,42,SC,Romelândia,78.04,56.69,municipio,Base dos Dados / CNCA,21.35000000000001,True,,743,gold
2024,3139706,31,MG,Maravilhas,76.79,71.64,municipio,Base dos Dados / CNCA,5.150000000000006,True,,743,gold
2024,3304706,33,RJ,Santo Antônio de Pádua,73.82,68.58,municipio,Base dos Dados / CNCA,5.239999999999995,True,,743,gold
2024,4128708,41,PR,Vitorino,70.19,72.74,municipio,Base dos Dados / CNCA,-2.549999999999997,False,,743,gold
2024,3551009,35,SP,São Vicente,48.22,49.01,municipio,Base dos Dados / CNCA,-0.7899999999999991,False,,743,gold
2024,4307906,43,RS,Farroupilha,55.9,80.0,municipio,Base dos Dados / CNCA,-24.1,False,,743,gold
2024,3200169,32,ES,Água Doce do Norte,81.68,77.74,municipio,Base dos Dados / CNCA,3.940000000000012,True,,743,gold
2024,4108304,41,PR,Foz do Iguaçu,72.01,74.1,municipio,Base dos Dados / CNCA,-2.089999999999989,False,,743,gold
2024,2512077,25,PB,Poço de José de Moura,57.57,55.9,uf_fallback,Base dos Dados / CNCA,1.6700000000000017,True,,743,gold
2024,4212254,42,SC,Passo de Torres,59.86,64.5,uf_fallback,Base dos Dados / CNCA,-4.640000000000001,False,,743,gold
2024,4203600,42,SC,Campos Novos,63.67,66.86,municipio,Base dos Dados / CNCA,-3.1899999999999977,False,,743,gold
2024,4216305,42,SC,São João Batista,68.6,64.5,uf_fallback,Base dos Dados / CNCA,4.099999999999994,True,,743,gold
2024,2409506,24,RN,Pedra Grande,44.5,51.07,municipio,Base dos Dados / CNCA,-6.57,False,,743,gold
2024,3502309,35,SP,Anhembi,45.69,44.99,municipio,Base dos Dados / CNCA,0.6999999999999957,True,,743,gold
2024,2104628,21,MA,Governador Luiz Rocha,91.67,80.0,municipio,Base dos Dados / CNCA,11.670000000000002,True,,743,gold
2024,4306304,43,RS,David Canabarro,61.4,66.2,uf_fallback,Base dos Dados / CNCA,-4.800000000000004,False,,743,gold
2024,2702504,27,AL,Dois Riachos,64.23,51.92,municipio,Base dos Dados / CNCA,12.310000000000002,True,,743,gold
2024,3104908,31,MG,Baependi,77.43,71.83,municipio,Base dos Dados / CNCA,5.6000000000000085,True,,743,gold
2024,3526605,35,SP,Lavrinhas,46.14,57.18,municipio,Base dos Dados / CNCA,-11.04,False,,743,gold
2024,4104600,41,PR,Capitão Leônidas Marques,78.04,74.06,municipio,Base dos Dados / CNCA,3.980000000000004,True,,743,gold
2024,2511400,25,PB,Picuí,42.85,57.06,municipio,Base dos Dados / CNCA,-14.21,False,,743,gold
2024,5002951,50,MS,Chapadão do Sul,63.42,49.18,municipio,Base dos Dados / CNCA,14.240000000000002,True,,743,gold
2024,4118402,41,PR,Paranavaí,74.3,80.0,municipio,Base dos Dados / CNCA,-5.700000000000003,False,,743,gold
2024,4115739,41,PR,Mato Rico,92.5,74.2,uf_fallback,Base dos Dados / CNCA,18.299999999999997,True,,743,gold
2024,1718303,17,TO,Praia Norte,38.49,25.02,municipio,Base dos Dados / CNCA,13.470000000000002,True,,743,gold
2024,4313904,43,RS,Panambi,55.1,76.0,municipio,Base dos Dados / CNCA,-20.9,False,,743,gold
2024,3110509,31,MG,Camanducaia,58.56,58.85,municipio,Base dos Dados / CNCA,-0.28999999999999915,False,,743,gold
2024,3118601,31,MG,Contagem,70.1,58.08,municipio,Base dos Dados / CNCA,12.019999999999996,True,,743,gold
2024,4104808,41,PR,Cascavel,74.34,80.0,municipio,Base dos Dados / CNCA,-5.659999999999997,False,,743,gold
2024,3509957,35,SP,Canas,48.15,57.95,municipio,Base dos Dados / CNCA,-9.800000000000004,False,,743,gold
2024,3300605,33,RJ,Bom Jesus do Itabapoana,70.64,61.57,municipio,Base dos Dados / CNCA,9.07,True,,743,gold
2024,2615409,26,PE,Toritama,63.95,55.11,municipio,Base dos Dados / CNCA,8.840000000000003,True,,743,gold
2024,2605905,26,PE,Gameleira,77.37,62.1,municipio,Base dos Dados / CNCA,15.270000000000003,True,,743,gold
2024,3117801,31,MG,Conceição dos Ouros,77.03,64.92,municipio,Base dos Dados / CNCA,12.11,True,,743,gold
2024,2108009,21,MA,Pastos Bons,64.01,75.06,municipio,Base dos Dados / CNCA,-11.049999999999997,False,,743,gold
2024,3139250,31,MG,Mamonas,65.94,46.38,municipio,Base dos Dados / CNCA,19.559999999999995,True,,743,gold
2024,3302452,33,RJ,Macuco,77.99,66.31,municipio,Base dos Dados / CNCA,11.679999999999993,True,,743,gold
2024,5007307,50,MS,Rio Negro,53.05,57.54,municipio,Base dos Dados / CNCA,-4.490000000000002,False,,743,gold
2024,2507002,25,PB,Itaporanga,48.7,24.9,municipio,Base dos Dados / CNCA,23.800000000000004,True,,743,gold
2024,3509304,35,SP,Cajobi,60.42,64.32,municipio,Base dos Dados / CNCA,-3.8999999999999915,False,,743,gold
2024,2515971,25,PB,Sobrado,40.74,63.31,municipio,Base dos Dados / CNCA,-22.57,False,,743,gold
2024,1720937,17,TO,Taipas do Tocantins,55.56,59.86,municipio,Base dos Dados / CNCA,-4.299999999999997,False,,743,gold
2024,4319406,43,RS,São Pedro do Sul,57.4,77.57,municipio,Base dos Dados / CNCA,-20.169999999999995,False,,743,gold
2024,4108551,41,PR,Godoy Moreira,74.07,80.0,municipio,Base dos Dados / CNCA,-5.930000000000007,False,,743,gold
2024,1707405,17,TO,Esperantina,47.82,47.0,municipio,Base dos Dados / CNCA,0.8200000000000003,True,,743,gold
2024,3530102,35,SP,Mirandópolis,54.13,57.82,municipio,Base dos Dados / CNCA,-3.6899999999999977,False,,743,gold
2024,4313201,43,RS,Nova Petrópolis,56.2,80.0,municipio,Base dos Dados / CNCA,-23.799999999999997,False,,743,gold
2024,4202909,42,SC,Brusque,65.9,70.5,municipio,Base dos Dados / CNCA,-4.599999999999994,False,,743,gold
2024,3202306,32,ES,Guaçuí,76.71,74.96,municipio,Base dos Dados / CNCA,1.75,True,,743,gold
2024,1713809,17,TO,Palmeiras do Tocantins,49.53,25.06,municipio,Base dos Dados / CNCA,24.470000000000002,True,,743,gold
2024,4103024,41,PR,Boa Esperança do Iguaçu,93.1,75.76,municipio,Base dos Dados / CNCA,17.33999999999999,True,,743,gold
2024,3511904,35,SP,Clementina,54.12,55.83,municipio,Base dos Dados / CNCA,-1.7100000000000009,False,,743,gold
2024,3170057,31,MG,Ubaporanga,69.73,70.32,municipio,Base dos Dados / CNCA,-0.5899999999999892,False,,743,gold
2024,3161502,31,MG,São Geraldo,87.65,80.0,municipio,Base dos Dados / CNCA,7.650000000000006,True,,743,gold
2024,4318804,43,RS,São Lourenço do Sul,57.2,79.22,municipio,Base dos Dados / CNCA,-22.019999999999996,False,,743,gold
2024,3153608,31,MG,Prudente de Morais,63.8,57.41,municipio,Base dos Dados / CNCA,6.390000000000001,True,,743,gold
2024,3150604,31,MG,Piracema,76.35,69.08,municipio,Base dos Dados / CNCA,7.269999999999996,True,,743,gold
2024,4201257,42,SC,Apiúna,70.88,66.35,municipio,Base dos Dados / CNCA,4.530000000000001,True,,743,gold
2024,2408003,24,RN,Mossoró,43.7,44.54,municipio,Base dos Dados / CNCA,-0.8399999999999963,False,,743,gold
2024,2403103,24,RN,Currais Novos,46.22,47.33,municipio,Base dos Dados / CNCA,-1.1099999999999994,False,,743,gold
2024,2922300,29,BA,Muritiba,51.72,30.55,municipio,Base dos Dados / CNCA,21.169999999999998,True,,743,gold
2024,3157906,31,MG,Santa Margarida,60.93,73.24,municipio,Base dos Dados / CNCA,-12.309999999999995,False,,743,gold
2024,3139201,31,MG,Malacacheta,75.44,77.62,municipio,Base dos Dados / CNCA,-2.180000000000007,False,,743,gold
2024,5105580,51,MT,Marcelândia,65.36,65.23,municipio,Base dos Dados / CNCA,0.12999999999999545,True,,743,gold
2024,4306809,43,RS,Encantado,56.4,80.0,municipio,Base dos Dados / CNCA,-23.6,False,,743,gold
2024,2109403,21,MA,Primeira Cruz,68.97,76.22,municipio,Base dos Dados / CNCA,-7.25,False,,743,gold
2024,3151206,31,MG,Pirapora,69.43,54.52,municipio,Base dos Dados / CNCA,14.910000000000004,True,,743,gold
2024,3148202,31,MG,Patrocínio do Muriaé,80.53,73.79,municipio,Base dos Dados / CNCA,6.739999999999995,True,,743,gold
2024,3534401,35,SP,Osasco,49.13,51.47,municipio,Base dos Dados / CNCA,-2.3399999999999963,False,,743,gold
2024,2708204,27,AL,São Brás,70.72,69.26,municipio,Base dos Dados / CNCA,1.4599999999999937,True,,743,gold
2024,5213806,52,GO,Morrinhos,65.87,65.2,municipio,Base dos Dados / CNCA,0.6700000000000017,True,,743,gold
2024,5006903,50,MS,Porto Murtinho,67.46,37.55,municipio,Base dos Dados / CNCA,29.909999999999997,True,,743,gold
2024,4206504,42,SC,Guaramirim,64.09,71.87,municipio,Base dos Dados / CNCA,-7.780000000000001,False,,743,gold
2024,3109303,31,MG,Buritis,63.51,56.75,municipio,Base dos Dados / CNCA,6.759999999999998,True,,743,gold
2024,4104006,41,PR,Campina Grande do Sul,66.84,71.94,municipio,Base dos Dados / CNCA,-5.099999999999994,False,,743,gold
2024,1600303,16,AP,Macapá,44.85,49.2,municipio,Base dos Dados / CNCA,-4.350000000000001,False,,743,gold
2024,4320263,43,RS,Segredo,76.2,75.76,municipio,Base dos Dados / CNCA,0.4399999999999977,True,,743,gold
2024,3157609,31,MG,Santa Fé de Minas,72.51,40.26,municipio,Base dos Dados / CNCA,32.25000000000001,True,,743,gold
2024,2613602,26,PE,São José do Egito,73.38,69.54,municipio,Base dos Dados / CNCA,3.839999999999989,True,,743,gold
2024,4104907,41,PR,Castro,74.56,75.14,municipio,Base dos Dados / CNCA,-0.5799999999999983,False,,743,gold
2024,4107009,41,PR,Curiúva,68.88,80.0,municipio,Base dos Dados / CNCA,-11.120000000000005,False,,743,gold
2024,2105989,21,MA,Lajeado Novo,65.92,63.83,municipio,Base dos Dados / CNCA,2.0900000000000034,True,,743,gold
2024,2504801,25,PB,Coremas,48.71,69.16,municipio,Base dos Dados / CNCA,-20.449999999999996,False,,743,gold
2024,3170701,31,MG,Varginha,71.53,55.51,municipio,Base dos Dados / CNCA,16.020000000000003,True,,743,gold
2024,2402303,24,RN,Caraúbas,41.75,32.45,municipio,Base dos Dados / CNCA,9.299999999999997,True,,743,gold
2024,4206009,42,SC,Governador Celso Ramos,67.19,64.5,uf_fallback,Base dos Dados / CNCA,2.6899999999999977,True,,743,gold
2024,3127206,31,MG,Funilândia,68.6,56.12,municipio,Base dos Dados / CNCA,12.479999999999997,True,,743,gold
2024,4116703,41,PR,Nova Aurora,74.99,80.0,municipio,Base dos Dados / CNCA,-5.010000000000005,False,,743,gold
2024,2603504,26,PE,Camocim de São Félix,68.51,59.74,municipio,Base dos Dados / CNCA,8.770000000000003,True,,743,gold
2024,3144607,31,MG,Nepomuceno,77.99,58.03,municipio,Base dos Dados / CNCA,19.959999999999994,True,,743,gold
2024,2508604,25,PB,Lucena,44.96,52.54,municipio,Base dos Dados / CNCA,-7.579999999999998,False,,743,gold
2024,3546009,35,SP,Santa Branca,49.71,46.96,municipio,Base dos Dados / CNCA,2.75,True,,743,gold
2024,2612000,26,PE,Sairé,81.01,69.69,municipio,Base dos Dados / CNCA,11.320000000000007,True,,743,gold
2024,4123402,41,PR,Santa Fé,64.71,62.22,municipio,Base dos Dados / CNCA,2.489999999999995,True,,743,gold
2024,4206900,42,SC,Ibirama,71.81,69.5,municipio,Base dos Dados / CNCA,2.3100000000000023,True,,743,gold
2024,3552809,35,SP,Taboão da Serra,49.2,51.16,municipio,Base dos Dados / CNCA,-1.9599999999999937,False,,743,gold
2024,5219407,52,GO,Santa Rita do Araguaia,83.33,78.93,municipio,Base dos Dados / CNCA,4.3999999999999915,True,,743,gold
2024,4116059,41,PR,Missal,83.28,80.0,municipio,Base dos Dados / CNCA,3.280000000000001,True,,743,gold
2024,3170305,31,MG,Umburatiba,52.43,66.38,municipio,Base dos Dados / CNCA,-13.949999999999996,False,,743,gold
2024,3542701,35,SP,Restinga,55.18,71.82,municipio,Base dos Dados / CNCA,-16.639999999999993,False,,743,gold
2024,3141702,31,MG,Mesquita,63.47,57.61,municipio,Base dos Dados / CNCA,5.859999999999999,True,,743,gold
2024,4102109,41,PR,Astorga,75.21,79.63,municipio,Base dos Dados / CNCA,-4.420000000000002,False,,743,gold
2024,4110102,41,PR,Imbituva,78.04,80.0,municipio,Base dos Dados / CNCA,-1.9599999999999937,False,,743,gold
2024,2103158,21,MA,Centro do Guilherme,87.93,80.0,municipio,Base dos Dados / CNCA,7.930000000000007,True,,743,gold
2024,3518701,35,SP,Guarujá,48.38,53.43,municipio,Base dos Dados / CNCA,-5.049999999999997,False,,743,gold
2024,2607307,26,PE,Ipubi,70.08,73.25,municipio,Base dos Dados / CNCA,-3.1700000000000017,False,,743,gold
2024,4203956,42,SC,Capivari de Baixo,59.64,64.5,uf_fallback,Base dos Dados / CNCA,-4.859999999999999,False,,743,gold
2024,4208450,42,SC,Itapoá,53.37,64.5,uf_fallback,Base dos Dados / CNCA,-11.130000000000003,False,,743,gold
2024,4211207,42,SC,Morro da Fumaça,68.09,69.95,municipio,Base dos Dados / CNCA,-1.8599999999999994,False,,743,gold
2024,3115458,31,MG,Catuji,67.78,42.58,municipio,Base dos Dados / CNCA,25.200000000000003,True,,743,gold
2024,2512903,25,PB,Rio Tinto,46.3,78.16,municipio,Base dos Dados / CNCA,-31.86,False,,743,gold
2024,2100055,21,MA,Açailândia,62.76,45.9,municipio,Base dos Dados / CNCA,16.86,True,,743,gold
2024,4203006,42,SC,Caçador,65.72,71.48,municipio,Base dos Dados / CNCA,-5.760000000000005,False,,743,gold
2024,4322558,43,RS,Vanini,69.2,80.0,municipio,Base dos Dados / CNCA,-10.799999999999997,False,,743,gold
2024,2408409,24,RN,Olho-d'Água do Borges,30.77,31.39,municipio,Base dos Dados / CNCA,-0.620000000000001,False,,743,gold
2024,1717503,17,TO,Pium,43.07,29.05,municipio,Base dos Dados / CNCA,14.02,True,,743,gold
2024,3503158,35,SP,Arapeí,37.41,53.27,municipio,Base dos Dados / CNCA,-15.860000000000007,False,,743,gold
2024,3160207,31,MG,Santo Antônio do Itambé,47.84,52.34,municipio,Base dos Dados / CNCA,-4.5,False,,743,gold
2024,2911006,29,BA,Floresta Azul,41.03,21.74,municipio,Base dos Dados / CNCA,19.290000000000003,True,,743,gold
2024,2412104,24,RN,São João do Sabugi,66.5,54.48,municipio,Base dos Dados / CNCA,12.020000000000003,True,,743,gold
2024,4217758,42,SC,Sul Brasil,73.21,76.76,municipio,Base dos Dados / CNCA,-3.5500000000000114,False,,743,gold
2024,3170602,31,MG,Vargem Bonita,69.23,62.33,municipio,Base dos Dados / CNCA,6.900000000000006,True,,743,gold
2024,4109302,41,PR,Guaraniaçu,71.17,80.0,municipio,Base dos Dados / CNCA,-8.829999999999998,False,,743,gold
2024,2206308,22,PI,Miguel Leão,84.62,52.65,municipio,Base dos Dados / CNCA,31.970000000000006,True,,743,gold
2024,4312625,43,RS,Muliterno,69.2,66.2,uf_fallback,Base dos Dados / CNCA,3.0,True,,743,gold
2024,4318432,43,RS,São João do Polêsine,92.3,66.2,uf_fallback,Base dos Dados / CNCA,26.099999999999994,True,,743,gold
2024,3537008,35,SP,Pedregulho,51.67,64.02,municipio,Base dos Dados / CNCA,-12.349999999999994,False,,743,gold
2024,3507456,35,SP,Borebi,53.42,64.23,municipio,Base dos Dados / CNCA,-10.810000000000002,False,,743,gold
2024,3516408,35,SP,Franco da Rocha,48.3,55.69,municipio,Base dos Dados / CNCA,-7.390000000000001,False,,743,gold
2024,2707800,27,AL,Roteiro,45.95,66.92,municipio,Base dos Dados / CNCA,-20.97,False,,743,gold
2024,4316105,43,RS,Ronda Alta,52.8,76.01,municipio,Base dos Dados / CNCA,-23.210000000000008,False,,743,gold
2024,4214300,42,SC,Rancho Queimado,80.8,73.86,municipio,Base dos Dados / CNCA,6.939999999999998,True,,743,gold
2024,4105508,41,PR,Cianorte,74.95,79.62,municipio,Base dos Dados / CNCA,-4.670000000000002,False,,743,gold
2024,5102504,51,MT,Cáceres,51.27,52.83,municipio,Base dos Dados / CNCA,-1.5599999999999952,False,,743,gold
2024,4207809,42,SC,Irani,65.74,74.83,municipio,Base dos Dados / CNCA,-9.090000000000003,False,,743,gold
2024,3142700,31,MG,Montalvânia,66.9,53.65,municipio,Base dos Dados / CNCA,13.250000000000007,True,,743,gold
2024,3169505,31,MG,Tumiritinga,74.58,50.96,municipio,Base dos Dados / CNCA,23.619999999999997,True,,743,gold
2024,3108107,31,MG,Bonfim,85.95,70.99,municipio,Base dos Dados / CNCA,14.960000000000008,True,,743,gold
2024,3148608,31,MG,Peçanha,74.72,67.16,municipio,Base dos Dados / CNCA,7.560000000000002,True,,743,gold
2024,3113404,31,MG,Caratinga,67.42,55.16,municipio,Base dos Dados / CNCA,12.260000000000005,True,,743,gold
2024,5106307,51,MT,Paranatinga,60.98,50.99,municipio,Base dos Dados / CNCA,9.989999999999995,True,,743,gold
2024,4211751,42,SC,Otacílio Costa,66.44,59.2,municipio,Base dos Dados / CNCA,7.239999999999995,True,,743,gold
2024,3553807,35,SP,Taquarituba,56.67,57.07,municipio,Base dos Dados / CNCA,-0.3999999999999986,False,,743,gold
2024,3162906,31,MG,São João Nepomuceno,69.83,70.39,municipio,Base dos Dados / CNCA,-0.5600000000000023,False,,743,gold
2024,2919306,29,BA,Lençóis,37.66,42.83,municipio,Base dos Dados / CNCA,-5.170000000000002,False,,743,gold
2024,4204806,42,SC,Curitibanos,56.96,53.71,municipio,Base dos Dados / CNCA,3.25,True,,743,gold
2024,1702307,17,TO,Arapoema,68.32,43.86,municipio,Base dos Dados / CNCA,24.459999999999994,True,,743,gold
2024,3161650,31,MG,São Geraldo do Baixio,76.32,72.56,municipio,Base dos Dados / CNCA,3.759999999999991,True,,743,gold
2024,4213609,42,SC,Porto União,67.7,72.02,municipio,Base dos Dados / CNCA,-4.319999999999993,False,,743,gold
2024,4309605,43,RS,Horizontina,57.2,72.61,municipio,Base dos Dados / CNCA,-15.409999999999997,False,,743,gold
2024,2107100,21,MA,Morros,66.98,80.0,municipio,Base dos Dados / CNCA,-13.019999999999996,False,,743,gold
2024,1300201,13,AM,Atalaia do Norte,84.07,58.48,municipio,Base dos Dados / CNCA,25.589999999999996,True,,743,gold
2024,4304689,43,RS,Capela de Santana,54.3,69.65,municipio,Base dos Dados / CNCA,-15.350000000000009,False,,743,gold
2024,2207504,22,PI,Palmeirais,46.19,55.7,municipio,Base dos Dados / CNCA,-9.510000000000005,False,,743,gold
2024,5003454,50,MS,Deodápolis,66.24,80.0,municipio,Base dos Dados / CNCA,-13.760000000000005,False,,743,gold
2024,3509452,35,SP,Campina do Monte Alegre,43.46,51.32,municipio,Base dos Dados / CNCA,-7.859999999999999,False,,743,gold
2024,3162948,31,MG,São José da Barra,75.22,80.0,municipio,Base dos Dados / CNCA,-4.780000000000001,False,,743,gold
2024,4123808,41,PR,Santa Izabel do Oeste,82.63,80.0,municipio,Base dos Dados / CNCA,2.6299999999999955,True,,743,gold
2024,2402501,24,RN,Carnaubais,48.37,34.58,municipio,Base dos Dados / CNCA,13.79,True,,743,gold
2024,4126355,41,PR,Serranópolis do Iguaçu,82.66,80.0,municipio,Base dos Dados / CNCA,2.6599999999999966,True,,743,gold
2024,4319000,43,RS,São Marcos,44.4,80.0,municipio,Base dos Dados / CNCA,-35.6,False,,743,gold
2024,4309704,43,RS,Humaitá,60.8,80.0,municipio,Base dos Dados / CNCA,-19.200000000000003,False,,743,gold
2024,2404408,24,RN,Grossos,67.44,46.65,municipio,Base dos Dados / CNCA,20.79,True,,743,gold
2024,4314076,43,RS,Passo do Sobrado,57.9,80.0,municipio,Base dos Dados / CNCA,-22.1,False,,743,gold
2024,2615102,26,PE,Terezinha,76.08,70.15,municipio,Base dos Dados / CNCA,5.929999999999993,True,,743,gold
2024,3556206,35,SP,Valinhos,48.21,55.55,municipio,Base dos Dados / CNCA,-7.339999999999996,False,,743,gold
2024,4312450,43,RS,Morro Redondo,49.5,74.06,municipio,Base dos Dados / CNCA,-24.560000000000002,False,,743,gold
2024,4320404,43,RS,Serafina Corrêa,53.2,80.0,municipio,Base dos Dados / CNCA,-26.799999999999997,False,,743,gold
2024,3131703,31,MG,Itabira,69.81,60.96,municipio,Base dos Dados / CNCA,8.850000000000001,True,,743,gold
2024,3162401,31,MG,São João da Ponte,63.51,67.96,municipio,Base dos Dados / CNCA,-4.449999999999996,False,,743,gold
2024,4110656,41,PR,Iracema do Oeste,85.71,80.0,municipio,Base dos Dados / CNCA,5.709999999999994,True,,743,gold
2024,5103403,51,MT,Cuiabá,46.6,58.26,municipio,Base dos Dados / CNCA,-11.659999999999997,False,,743,gold
2024,3152402,31,MG,Poté,69.67,47.81,municipio,Base dos Dados / CNCA,21.86,True,,743,gold
2024,3102852,31,MG,Angelândia,84.97,63.08,municipio,Base dos Dados / CNCA,21.89,True,,743,gold
2024,3163003,31,MG,São José da Safira,52.73,73.69,municipio,Base dos Dados / CNCA,-20.96,False,,743,gold
2024,4305702,43,RS,Condor,61.9,80.0,municipio,Base dos Dados / CNCA,-18.1,False,,743,gold
2024,2111789,21,MA,Serrano do Maranhão,53.62,69.93,municipio,Base dos Dados / CNCA,-16.31000000000001,False,,743,gold
2024,4300109,43,RS,Agudo,56.9,60.08,municipio,Base dos Dados / CNCA,-3.1799999999999997,False,,743,gold
2024,4122404,41,PR,Rolândia,71.84,74.42,municipio,Base dos Dados / CNCA,-2.5799999999999983,False,,743,gold
2024,2911253,29,BA,Gavião,47.37,63.7,municipio,Base dos Dados / CNCA,-16.330000000000005,False,,743,gold
2024,2929750,29,BA,Saubara,52.63,49.07,municipio,Base dos Dados / CNCA,3.5600000000000023,True,,743,gold
2024,4218707,42,SC,Tubarão,60.48,71.86,municipio,Base dos Dados / CNCA,-11.380000000000003,False,,743,gold
2024,4308201,43,RS,Flores da Cunha,59.4,79.15,municipio,Base dos Dados / CNCA,-19.750000000000007,False,,743,gold
2024,2409407,24,RN,Pau dos Ferros,41.08,45.25,municipio,Base dos Dados / CNCA,-4.170000000000002,False,,743,gold
2024,3203809,32,ES,Muqui,75.56,66.19,municipio,Base dos Dados / CNCA,9.370000000000005,True,,743,gold
2024,4312906,43,RS,Nova Bassano,61.1,78.22,municipio,Base dos Dados / CNCA,-17.119999999999997,False,,743,gold
2024,3138005,31,MG,Laranjal,82.11,46.49,municipio,Base dos Dados / CNCA,35.62,True,,743,gold
2024,3141009,31,MG,Mato Verde,71.71,70.78,municipio,Base dos Dados / CNCA,0.9299999999999926,True,,743,gold
2024,5108600,51,MT,Vila Rica,55.24,53.14,municipio,Base dos Dados / CNCA,2.1000000000000014,True,,743,gold
2024,4116901,41,PR,Nova Esperança,74.65,75.03,municipio,Base dos Dados / CNCA,-0.37999999999999545,False,,743,gold
2024,2304004,23,CE,Coreaú,100.0,80.0,municipio,Base dos Dados / CNCA,20.0,True,,743,gold
2024,3554904,35,SP,Três Fronteiras,69.58,80.0,municipio,Base dos Dados / CNCA,-10.420000000000002,False,,743,gold
2024,3165552,31,MG,Setubinha,68.57,53.85,municipio,Base dos Dados / CNCA,14.719999999999992,True,,743,gold
2024,3135803,31,MG,Jequitinhonha,61.47,49.76,municipio,Base dos Dados / CNCA,11.71,True,,743,gold
2024,3124807,31,MG,Estrela do Sul,75.81,52.24,municipio,Base dos Dados / CNCA,23.57,True,,743,gold
2024,5106273,51,MT,Novo Horizonte do Norte,69.12,65.77,municipio,Base dos Dados / CNCA,3.3500000000000085,True,,743,gold
2024,5001003,50,MS,Aparecida do Taboado,57.5,56.16,municipio,Base dos Dados / CNCA,1.3400000000000034,True,,743,gold
2024,4204301,42,SC,Concórdia,71.3,76.94,municipio,Base dos Dados / CNCA,-5.640000000000001,False,,743,gold
2024,4116406,41,PR,Nossa Senhora das Graças,94.81,79.27,municipio,Base dos Dados / CNCA,15.540000000000006,True,,743,gold
2024,5103379,51,MT,Cotriguaçu,62.71,61.94,municipio,Base dos Dados / CNCA,0.7700000000000031,True,,743,gold
2024,5107800,51,MT,Santo Antônio do Leverger,48.07,59.2,uf_fallback,Base dos Dados / CNCA,-11.130000000000003,False,,743,gold
2024,3146107,31,MG,Ouro Preto,74.25,59.55,municipio,Base dos Dados / CNCA,14.700000000000003,True,,743,gold
2024,4107736,41,PR,Fernandes Pinheiro,79.81,80.0,municipio,Base dos Dados / CNCA,-0.18999999999999773,False,,743,gold
2024,2404507,24,RN,Guamaré,43.15,43.8,uf_fallback,Base dos Dados / CNCA,-0.6499999999999986,False,,743,gold
2024,2406106,24,RN,Jucurutu,46.3,34.74,municipio,Base dos Dados / CNCA,11.559999999999995,True,,743,gold
2024,3105004,31,MG,Baldim,89.89,75.13,municipio,Base dos Dados / CNCA,14.760000000000005,True,,743,gold
2024,2513851,25,PB,Santo André,35.81,50.76,municipio,Base dos Dados / CNCA,-14.949999999999996,False,,743,gold
2024,5006408,50,MS,Pedro Gomes,55.86,40.53,municipio,Base dos Dados / CNCA,15.329999999999998,True,,743,gold
2024,3120904,31,MG,Curvelo,72.55,67.73,municipio,Base dos Dados / CNCA,4.819999999999993,True,,743,gold
2024,5107156,51,MT,Reserva do Cabaçal,83.86,76.82,municipio,Base dos Dados / CNCA,7.040000000000006,True,,743,gold
2024,3515152,35,SP,Engenheiro Coelho,47.86,57.75,municipio,Base dos Dados / CNCA,-9.89,False,,743,gold
2024,3509601,35,SP,Campo Limpo Paulista,48.77,54.81,municipio,Base dos Dados / CNCA,-6.039999999999999,False,,743,gold
2024,3526308,35,SP,Lagoinha,65.02,53.85,municipio,Base dos Dados / CNCA,11.169999999999995,True,,743,gold
2024,3106200,31,MG,Belo Horizonte,70.13,61.33,municipio,Base dos Dados / CNCA,8.799999999999997,True,,743,gold
2024,2904803,29,BA,Caatiba,50.0,53.62,municipio,Base dos Dados / CNCA,-3.6199999999999974,False,,743,gold
2024,2207355,22,PI,Pajeú do Piauí,64.0,68.29,municipio,Base dos Dados / CNCA,-4.290000000000006,False,,743,gold
2024,3515657,35,SP,Fernão,44.0,80.0,municipio,Base dos Dados / CNCA,-36.0,False,,743,gold
2024,5106372,51,MT,Pedra Preta,65.1,60.59,municipio,Base dos Dados / CNCA,4.509999999999991,True,,743,gold
2024,3202405,32,ES,Guarapari,75.99,73.1,municipio,Base dos Dados / CNCA,2.8900000000000006,True,,743,gold
2024,2707503,27,AL,Porto Real do Colégio,82.07,69.69,municipio,Base dos Dados / CNCA,12.379999999999995,True,,743,gold
2024,3153103,31,MG,Presidente Bernardes,88.0,60.93,municipio,Base dos Dados / CNCA,27.07,True,,743,gold
2024,3168051,31,MG,Taparuba,80.0,49.89,municipio,Base dos Dados / CNCA,30.11,True,,743,gold
2024,3139508,31,MG,Manhumirim,68.84,70.43,municipio,Base dos Dados / CNCA,-1.5900000000000034,False,,743,gold
2024,4207858,42,SC,Irati,87.82,80.0,municipio,Base dos Dados / CNCA,7.819999999999993,True,,743,gold
2024,1721257,17,TO,Tupirama,66.67,43.0,municipio,Base dos Dados / CNCA,23.67,True,,743,gold
2024,4303509,43,RS,Camaquã,59.6,62.16,municipio,Base dos Dados / CNCA,-2.559999999999995,False,,743,gold
2024,3170206,31,MG,Uberlândia,64.57,55.71,municipio,Base dos Dados / CNCA,8.859999999999992,True,,743,gold
2024,3140001,31,MG,Mariana,67.81,58.12,municipio,Base dos Dados / CNCA,9.690000000000005,True,,743,gold
2024,2703304,27,AL,Inhapi,80.16,67.49,municipio,Base dos Dados / CNCA,12.670000000000002,True,,743,gold
2024,3163508,31,MG,São José do Jacuri,81.45,59.37,municipio,Base dos Dados / CNCA,22.080000000000005,True,,743,gold
2024,4218608,42,SC,Trombudo Central,63.31,70.04,municipio,Base dos Dados / CNCA,-6.730000000000004,False,,743,gold
2024,2608602,26,PE,Lagoa do Ouro,85.39,73.78,municipio,Base dos Dados / CNCA,11.61,True,,743,gold
2024,4127502,41,PR,Tibagi,77.79,78.09,municipio,Base dos Dados / CNCA,-0.29999999999999716,False,,743,gold
2024,4106803,41,PR,Cruz Machado,84.49,80.0,municipio,Base dos Dados / CNCA,4.489999999999995,True,,743,gold
2024,2207959,22,PI,Nova Santa Rita,49.11,53.26,municipio,Base dos Dados / CNCA,-4.149999999999999,False,,743,gold
2024,2206100,22,PI,Matias Olímpio,52.06,31.65,municipio,Base dos Dados / CNCA,20.410000000000004,True,,743,gold
2024,4317400,43,RS,Santiago,60.2,73.95,municipio,Base dos Dados / CNCA,-13.75,False,,743,gold
2024,4215703,42,SC,Santo Amaro da Imperatriz,62.84,61.81,municipio,Base dos Dados / CNCA,1.0300000000000011,True,,743,gold
2024,3171006,31,MG,Vazante,65.3,49.64,municipio,Base dos Dados / CNCA,15.659999999999997,True,,743,gold
2024,4205902,42,SC,Gaspar,65.16,64.5,uf_fallback,Base dos Dados / CNCA,0.6599999999999966,True,,743,gold
2024,4120150,41,PR,Porto Barreiro,86.29,80.0,municipio,Base dos Dados / CNCA,6.290000000000006,True,,743,gold
2024,5201405,52,GO,Aparecida de Goiânia,69.22,63.87,municipio,Base dos Dados / CNCA,5.350000000000001,True,,743,gold
2024,3200607,32,ES,Aracruz,74.36,72.36,municipio,Base dos Dados / CNCA,2.0,True,,743,gold
2024,3129608,31,MG,Ibiaí,76.41,60.78,municipio,Base dos Dados / CNCA,15.629999999999995,True,,743,gold
2024,2802403,28,SE,Gararu,36.4,26.47,municipio,Base dos Dados / CNCA,9.93,True,,743,gold
2024,5106653,51,MT,Pontal do Araguaia,51.2,71.32,municipio,Base dos Dados / CNCA,-20.11999999999999,False,,743,gold
2024,4307609,43,RS,Estância Velha,43.4,69.31,municipio,Base dos Dados / CNCA,-25.910000000000004,False,,743,gold
2024,5211008,52,GO,Itapirapuã,73.21,41.17,municipio,Base dos Dados / CNCA,32.03999999999999,True,,743,gold
2024,4121752,41,PR,Reserva do Iguaçu,83.13,78.22,municipio,Base dos Dados / CNCA,4.909999999999997,True,,743,gold
2024,2201101,22,PI,Avelino Lopes,44.97,47.14,municipio,Base dos Dados / CNCA,-2.1700000000000017,False,,743,gold
2024,4306403,43,RS,Dois Irmãos,57.8,78.68,municipio,Base dos Dados / CNCA,-20.88000000000001,False,,743,gold
2024,5205307,52,GO,Cavalcante,84.5,63.47,municipio,Base dos Dados / CNCA,21.03,True,,743,gold
2024,3109907,31,MG,Caetanópolis,72.48,59.24,municipio,Base dos Dados / CNCA,13.240000000000002,True,,743,gold
2024,4201703,42,SC,Ascurra,61.66,80.0,municipio,Base dos Dados / CNCA,-18.340000000000003,False,,743,gold
2024,3130507,31,MG,Ilicínea,65.15,51.49,municipio,Base dos Dados / CNCA,13.660000000000004,True,,743,gold
2024,3167202,31,MG,Sete Lagoas,71.22,57.97,municipio,Base dos Dados / CNCA,13.25,True,,743,gold
2024,5221809,52,GO,Urutaí,66.86,78.38,municipio,Base dos Dados / CNCA,-11.519999999999996,False,,743,gold
2024,1707306,17,TO,Dueré,68.54,41.72,municipio,Base dos Dados / CNCA,26.820000000000007,True,,743,gold
2024,4219358,42,SC,Vitor Meireles,76.12,50.26,municipio,Base dos Dados / CNCA,25.860000000000007,True,,743,gold
2024,3506300,35,SP,Bernardino de Campos,47.5,70.21,municipio,Base dos Dados / CNCA,-22.709999999999994,False,,743,gold
2024,2505352,25,PB,Damião,50.86,44.24,municipio,Base dos Dados / CNCA,6.619999999999997,True,,743,gold
2024,3550605,35,SP,São Roque,51.51,56.9,municipio,Base dos Dados / CNCA,-5.390000000000001,False,,743,gold
2024,3129806,31,MG,Ibirité,66.46,56.29,municipio,Base dos Dados / CNCA,10.169999999999995,True,,743,gold
2024,3157807,31,MG,Santa Luzia,70.02,56.2,municipio,Base dos Dados / CNCA,13.819999999999993,True,,743,gold
2024,5208301,52,GO,Divinópolis de Goiás,80.42,79.92,municipio,Base dos Dados / CNCA,0.5,True,,743,gold
2024,2210938,22,PI,Sussuapara,55.84,34.28,municipio,Base dos Dados / CNCA,21.560000000000002,True,,743,gold
2024,3137536,31,MG,Lagoa Grande,76.48,80.0,municipio,Base dos Dados / CNCA,-3.519999999999996,False,,743,gold
2024,1707108,17,TO,Divinópolis do Tocantins,60.78,45.46,municipio,Base dos Dados / CNCA,15.32,True,,743,gold
2024,3147006,31,MG,Paracatu,68.16,68.02,municipio,Base dos Dados / CNCA,0.14000000000000057,True,,743,gold
2024,2502151,25,PB,Boa Vista,49.49,70.41,municipio,Base dos Dados / CNCA,-20.919999999999995,False,,743,gold
2024,2205706,22,PI,Luís Correia,51.6,65.03,municipio,Base dos Dados / CNCA,-13.43,False,,743,gold
2024,5007802,50,MS,Selvíria,59.83,33.87,municipio,Base dos Dados / CNCA,25.96,True,,743,gold
2024,5006275,50,MS,Paraíso das Águas,78.5,76.92,municipio,Base dos Dados / CNCA,1.5799999999999983,True,,743,gold
2024,2201408,22,PI,Barro Duro,40.17,44.76,municipio,Base dos Dados / CNCA,-4.589999999999996,False,,743,gold
2024,4306932,43,RS,Entre-Ijuís,47.6,66.2,uf_fallback,Base dos Dados / CNCA,-18.6,False,,743,gold
2024,3541000,35,SP,Praia Grande,51.25,55.55,municipio,Base dos Dados / CNCA,-4.299999999999997,False,,743,gold
2024,4304507,43,RS,Canguçu,56.4,79.74,municipio,Base dos Dados / CNCA,-23.339999999999996,False,,743,gold
2024,4310801,43,RS,Ivoti,56.9,77.79,municipio,Base dos Dados / CNCA,-20.890000000000008,False,,743,gold
2024,4119004,41,PR,Pérola d'Oeste,88.78,80.0,municipio,Base dos Dados / CNCA,8.780000000000001,True,,743,gold
2024,2401305,24,RN,Campo Grande,43.77,42.79,municipio,Base dos Dados / CNCA,0.980000000000004,True,,743,gold
2024,4316600,43,RS,Sananduva,53.3,75.28,municipio,Base dos Dados / CNCA,-21.980000000000004,False,,743,gold
2024,2915007,29,BA,Itaeté,45.45,47.43,municipio,Base dos Dados / CNCA,-1.9799999999999969,False,,743,gold
2024,4213500,42,SC,Porto Belo,62.57,64.5,uf_fallback,Base dos Dados / CNCA,-1.9299999999999997,False,,743,gold
2024,3153905,31,MG,Raposos,69.66,53.57,municipio,Base dos Dados / CNCA,16.089999999999996,True,,743,gold
2024,3539806,35,SP,Poá,51.72,58.69,municipio,Base dos Dados / CNCA,-6.969999999999999,False,,743,gold
2024,2509396,25,PB,Maturéia,60.76,55.48,municipio,Base dos Dados / CNCA,5.280000000000001,True,,743,gold
2024,2412401,24,RN,São José do Seridó,56.41,42.95,municipio,Base dos Dados / CNCA,13.459999999999994,True,,743,gold
2024,4207502,42,SC,Indaial,66.7,59.31,municipio,Base dos Dados / CNCA,7.390000000000001,True,,743,gold
2024,2926707,29,BA,Rio de Contas,55.74,55.31,municipio,Base dos Dados / CNCA,0.4299999999999997,True,,743,gold
2024,3152006,31,MG,Pompéu,66.01,67.62,municipio,Base dos Dados / CNCA,-1.6099999999999994,False,,743,gold
2024,3204500,32,ES,Santa Leopoldina,74.54,80.0,municipio,Base dos Dados / CNCA,-5.459999999999994,False,,743,gold
2024,2407807,24,RN,Monte Alegre,50.97,62.63,municipio,Base dos Dados / CNCA,-11.660000000000004,False,,743,gold
2024,3156007,31,MG,Rio Vermelho,64.55,49.66,municipio,Base dos Dados / CNCA,14.89,True,,743,gold
2024,3114600,31,MG,Carrancas,89.76,71.89,municipio,Base dos Dados / CNCA,17.870000000000005,True,,743,gold
2024,3522109,35,SP,Itanhaém,48.05,58.59,municipio,Base dos Dados / CNCA,-10.540000000000006,False,,743,gold
2024,3102605,31,MG,Andradas,75.04,60.22,municipio,Base dos Dados / CNCA,14.820000000000007,True,,743,gold
2024,4219507,42,SC,Xanxerê,70.05,68.79,municipio,Base dos Dados / CNCA,1.259999999999991,True,,743,gold
2024,2414605,24,RN,Upanema,36.67,43.8,uf_fallback,Base dos Dados / CNCA,-7.1299999999999955,False,,743,gold
2024,2509305,25,PB,Mataraca,50.43,80.0,municipio,Base dos Dados / CNCA,-29.57,False,,743,gold
2024,5206206,52,GO,Cristalina,69.1,69.87,municipio,Base dos Dados / CNCA,-0.7700000000000102,False,,743,gold
2024,4128658,41,PR,Virmond,81.54,78.88,municipio,Base dos Dados / CNCA,2.660000000000011,True,,743,gold
2024,3510302,35,SP,Capela do Alto,47.64,52.82,municipio,Base dos Dados / CNCA,-5.18,False,,743,gold
2024,3525003,35,SP,Jandira,51.39,50.54,municipio,Base dos Dados / CNCA,0.8500000000000014,True,,743,gold
2024,2515500,25,PB,Serra Branca,54.35,61.29,municipio,Base dos Dados / CNCA,-6.939999999999998,False,,743,gold
2024,3131505,31,MG,Ipuiúna,63.82,57.35,municipio,Base dos Dados / CNCA,6.469999999999999,True,,743,gold
2024,3141405,31,MG,Medina,64.77,71.82,municipio,Base dos Dados / CNCA,-7.049999999999997,False,,743,gold
2024,3300902,33,RJ,Cambuci,64.38,70.76,municipio,Base dos Dados / CNCA,-6.38000000000001,False,,743,gold
2024,3154200,31,MG,Resende Costa,82.11,61.52,municipio,Base dos Dados / CNCA,20.589999999999996,True,,743,gold
2024,3523206,35,SP,Itararé,53.17,59.9,municipio,Base dos Dados / CNCA,-6.729999999999997,False,,743,gold
2024,4310504,43,RS,Iraí,59.4,69.28,municipio,Base dos Dados / CNCA,-9.880000000000003,False,,743,gold
2024,3522901,35,SP,Itapuí,53.04,41.78,municipio,Base dos Dados / CNCA,11.259999999999998,True,,743,gold
2024,5004304,50,MS,Iguatemi,60.02,44.73,municipio,Base dos Dados / CNCA,15.290000000000006,True,,743,gold
2024,3525607,35,SP,João Ramalho,65.42,80.0,municipio,Base dos Dados / CNCA,-14.579999999999998,False,,743,gold
2024,3547106,35,SP,Santa Mercedes,81.08,80.0,municipio,Base dos Dados / CNCA,1.0799999999999983,True,,743,gold
2024,3515004,35,SP,Embu das Artes,48.71,39.54,municipio,Base dos Dados / CNCA,9.170000000000002,True,,743,gold
2024,4200507,42,SC,Águas de Chapecó,66.39,73.48,municipio,Base dos Dados / CNCA,-7.090000000000003,False,,743,gold
2024,4108809,41,PR,Guaíra,69.53,65.99,municipio,Base dos Dados / CNCA,3.5400000000000063,True,,743,gold
2024,3117108,31,MG,Conceição da Aparecida,78.53,72.31,municipio,Base dos Dados / CNCA,6.219999999999999,True,,743,gold
2024,3508603,35,SP,Cachoeira Paulista,41.8,55.01,municipio,Base dos Dados / CNCA,-13.21,False,,743,gold
2024,4304713,43,RS,Caraá,62.4,80.0,municipio,Base dos Dados / CNCA,-17.6,False,,743,gold
2024,5203906,52,GO,Buriti Alegre,64.95,70.78,municipio,Base dos Dados / CNCA,-5.829999999999998,False,,743,gold
2024,3138625,31,MG,Limeira do Oeste,59.7,67.61,municipio,Base dos Dados / CNCA,-7.909999999999997,False,,743,gold
2024,2104503,21,MA,Governador Archer,78.21,80.0,municipio,Base dos Dados / CNCA,-1.7900000000000063,False,,743,gold
2024,2401107,24,RN,Areia Branca,41.2,56.82,municipio,Base dos Dados / CNCA,-15.619999999999997,False,,743,gold
2024,2400208,24,RN,Açu,40.37,48.18,municipio,Base dos Dados / CNCA,-7.810000000000002,False,,743,gold
2024,4312179,43,RS,Mato Queimado,58.3,80.0,municipio,Base dos Dados / CNCA,-21.700000000000003,False,,743,gold
2024,4209805,42,SC,Leoberto Leal,62.5,75.76,municipio,Base dos Dados / CNCA,-13.260000000000005,False,,743,gold
2024,4302253,43,RS,Boa Vista do Sul,75.0,74.36,municipio,Base dos Dados / CNCA,0.6400000000000006,True,,743,gold
2024,3132800,31,MG,Itambé do Mato Dentro,83.33,78.11,municipio,Base dos Dados / CNCA,5.219999999999999,True,,743,gold
2024,4322806,43,RS,Veranópolis,57.0,77.57,municipio,Base dos Dados / CNCA,-20.569999999999993,False,,743,gold
2024,3158409,31,MG,Santana de Cataguases,73.26,80.0,municipio,Base dos Dados / CNCA,-6.739999999999995,False,,743,gold
2024,2919405,29,BA,Licínio de Almeida,65.48,75.76,municipio,Base dos Dados / CNCA,-10.280000000000001,False,,743,gold
2024,2901502,29,BA,Anguera,55.95,45.15,municipio,Base dos Dados / CNCA,10.800000000000004,True,,743,gold
2024,3150901,31,MG,Piranguçu,78.97,68.5,municipio,Base dos Dados / CNCA,10.469999999999999,True,,743,gold
2024,4320321,43,RS,Senador Salgado Filho,50.0,80.0,municipio,Base dos Dados / CNCA,-30.0,False,,743,gold
2024,5218052,52,GO,Porteirão,75.38,80.0,municipio,Base dos Dados / CNCA,-4.6200000000000045,False,,743,gold
2024,4102000,41,PR,Assis Chateaubriand,80.31,80.0,municipio,Base dos Dados / CNCA,0.3100000000000023,True,,743,gold
2024,4106852,41,PR,Cruzmaltina,94.52,80.0,municipio,Base dos Dados / CNCA,14.519999999999996,True,,743,gold
2024,4215687,42,SC,Santa Terezinha do Progresso,95.83,58.41,municipio,Base dos Dados / CNCA,37.42,True,,743,gold
2024,4116950,41,PR,Nova Esperança do Sudoeste,88.59,80.0,municipio,Base dos Dados / CNCA,8.590000000000003,True,,743,gold
2024,3160504,31,MG,Santo Antônio do Rio Abaixo,91.67,63.31,municipio,Base dos Dados / CNCA,28.36,True,,743,gold
2024,3111804,31,MG,Canápolis,70.31,51.07,municipio,Base dos Dados / CNCA,19.240000000000002,True,,743,gold
2024,4128534,41,PR,Ventania,77.17,75.01,municipio,Base dos Dados / CNCA,2.1599999999999966,True,,743,gold
2024,5208707,52,GO,Goiânia,69.49,68.74,municipio,Base dos Dados / CNCA,0.75,True,,743,gold
2024,4208500,42,SC,Ituporanga,71.3,66.76,municipio,Base dos Dados / CNCA,4.539999999999992,True,,743,gold
2024,4311734,43,RS,Mampituba,55.2,68.47,municipio,Base dos Dados / CNCA,-13.269999999999996,False,,743,gold
2024,4105904,41,PR,Colorado,78.22,80.0,municipio,Base dos Dados / CNCA,-1.7800000000000011,False,,743,gold
2024,4207007,42,SC,Içara,69.13,71.39,municipio,Base dos Dados / CNCA,-2.260000000000005,False,,743,gold
2024,5000203,50,MS,Água Clara,77.03,71.75,municipio,Base dos Dados / CNCA,5.280000000000001,True,,743,gold
2024,3136306,31,MG,João Pinheiro,74.07,63.39,municipio,Base dos Dados / CNCA,10.679999999999993,True,,743,gold
2024,2201960,22,PI,Brasileira,42.58,40.07,municipio,Base dos Dados / CNCA,2.509999999999998,True,,743,gold
2024,4207106,42,SC,Ilhota,46.23,64.5,uf_fallback,Base dos Dados / CNCA,-18.270000000000003,False,,743,gold
2024,2114007,21,MA,Zé Doca,72.3,80.0,municipio,Base dos Dados / CNCA,-7.700000000000003,False,,743,gold
2024,4121604,41,PR,Renascença,82.55,72.28,municipio,Base dos Dados / CNCA,10.269999999999996,True,,743,gold
2024,4300505,43,RS,Alpestre,66.5,75.71,municipio,Base dos Dados / CNCA,-9.209999999999994,False,,743,gold
2024,2604809,26,PE,Cortês,70.4,64.81,municipio,Base dos Dados / CNCA,5.590000000000003,True,,743,gold
2024,4206306,42,SC,Guabiruba,73.93,71.73,municipio,Base dos Dados / CNCA,2.200000000000003,True,,743,gold
2024,2707602,27,AL,Quebrangulo,61.05,61.22,municipio,Base dos Dados / CNCA,-0.1700000000000017,False,,743,gold
2024,2603108,26,PE,Cachoeirinha,63.59,60.56,municipio,Base dos Dados / CNCA,3.030000000000001,True,,743,gold
2024,4215000,42,SC,Rio Negrinho,67.56,63.42,municipio,Base dos Dados / CNCA,4.140000000000001,True,,743,gold
2024,2105906,21,MA,Lago Verde,76.73,65.07,municipio,Base dos Dados / CNCA,11.66000000000001,True,,743,gold
2024,1719004,17,TO,Santa Tereza do Tocantins,24.65,53.31,municipio,Base dos Dados / CNCA,-28.660000000000004,False,,743,gold
2024,3124401,31,MG,Espírito Santo do Dourado,66.53,68.68,municipio,Base dos Dados / CNCA,-2.1500000000000057,False,,743,gold
2024,3113008,31,MG,Caraí,70.04,48.07,municipio,Base dos Dados / CNCA,21.970000000000006,True,,743,gold
2024,4127304,41,PR,Terra Rica,81.46,70.78,municipio,Base dos Dados / CNCA,10.679999999999993,True,,743,gold
2024,2108306,21,MA,Penalva,63.88,59.53,municipio,Base dos Dados / CNCA,4.350000000000001,True,,743,gold
2024,3114006,31,MG,Carmo da Mata,68.1,79.19,municipio,Base dos Dados / CNCA,-11.090000000000003,False,,743,gold
2024,3107802,31,MG,Bom Jesus do Galho,77.48,80.0,municipio,Base dos Dados / CNCA,-2.519999999999996,False,,743,gold
2024,4106209,41,PR,Contenda,77.37,78.62,municipio,Base dos Dados / CNCA,-1.25,False,,743,gold
2024,3553856,35,SP,Taquarivaí,47.19,65.02,municipio,Base dos Dados / CNCA,-17.83,False,,743,gold
2024,4205605,42,SC,Galvão,70.47,80.0,municipio,Base dos Dados / CNCA,-9.530000000000001,False,,743,gold
2024,3149309,31,MG,Pedro Leopoldo,75.11,62.5,municipio,Base dos Dados / CNCA,12.61,True,,743,gold
2024,3146404,31,MG,Paineiras,82.34,79.1,municipio,Base dos Dados / CNCA,3.240000000000009,True,,743,gold
2024,3506706,35,SP,Boa Esperança do Sul,55.34,48.12,municipio,Base dos Dados / CNCA,7.220000000000006,True,,743,gold
2024,2931053,29,BA,Tanque Novo,61.8,66.17,municipio,Base dos Dados / CNCA,-4.3700000000000045,False,,743,gold
2024,2108058,21,MA,Paulino Neves,68.89,67.34,municipio,Base dos Dados / CNCA,1.5499999999999972,True,,743,gold
2024,4213807,42,SC,Praia Grande,71.88,67.96,municipio,Base dos Dados / CNCA,3.9200000000000017,True,,743,gold
2024,3171204,31,MG,Vespasiano,70.72,58.37,municipio,Base dos Dados / CNCA,12.350000000000001,True,,743,gold
2024,2110500,21,MA,São Bento,79.26,80.0,municipio,Base dos Dados / CNCA,-0.7399999999999949,False,,743,gold
2024,3107406,31,MG,Bom Despacho,73.33,48.79,municipio,Base dos Dados / CNCA,24.54,True,,743,gold
2024,4103354,41,PR,Braganey,85.11,80.0,municipio,Base dos Dados / CNCA,5.109999999999999,True,,743,gold
2024,3509007,35,SP,Caieiras,52.16,49.69,municipio,Base dos Dados / CNCA,2.469999999999999,True,,743,gold
2024,3170404,31,MG,Unaí,67.21,60.33,municipio,Base dos Dados / CNCA,6.8799999999999955,True,,743,gold
2024,2206696,22,PI,Murici dos Portelas,65.17,69.05,municipio,Base dos Dados / CNCA,-3.8799999999999955,False,,743,gold
2024,3138203,31,MG,Lavras,68.67,60.18,municipio,Base dos Dados / CNCA,8.490000000000002,True,,743,gold
2024,1302108,13,AM,Japurá,90.51,77.7,municipio,Base dos Dados / CNCA,12.810000000000002,True,,743,gold
2024,3125002,31,MG,Ewbank da Câmara,64.41,42.36,municipio,Base dos Dados / CNCA,22.049999999999997,True,,743,gold
2024,4215356,42,SC,Saltinho,75.29,80.0,municipio,Base dos Dados / CNCA,-4.709999999999994,False,,743,gold
2024,1101476,11,RO,Primavera de Rondônia,57.63,80.0,municipio,Base dos Dados / CNCA,-22.369999999999997,False,,743,gold
2024,4103701,41,PR,Cambé,76.35,79.24,municipio,Base dos Dados / CNCA,-2.8900000000000006,False,,743,gold
2024,4315107,43,RS,Porto Xavier,56.9,73.05,municipio,Base dos Dados / CNCA,-16.15,False,,743,gold
2024,1702208,17,TO,Araguatins,50.5,41.9,municipio,Base dos Dados / CNCA,8.600000000000001,True,,743,gold
2024,2500775,25,PB,Aparecida,62.41,48.47,municipio,Base dos Dados / CNCA,13.939999999999998,True,,743,gold
2024,3128709,31,MG,Guaxupé,66.93,57.85,municipio,Base dos Dados / CNCA,9.080000000000005,True,,743,gold
2024,4111209,41,PR,Itapejara d'Oeste,75.37,76.17,municipio,Base dos Dados / CNCA,-0.7999999999999972,False,,743,gold
2024,3129509,31,MG,Ibiá,78.1,57.07,municipio,Base dos Dados / CNCA,21.029999999999994,True,,743,gold
2024,2609501,26,PE,Nazaré da Mata,56.96,58.93,municipio,Base dos Dados / CNCA,-1.9699999999999989,False,,743,gold
2024,2513927,25,PB,São Bentinho,60.02,68.26,municipio,Base dos Dados / CNCA,-8.240000000000002,False,,743,gold
2024,4213351,42,SC,Ponte Alta do Norte,70.19,66.7,municipio,Base dos Dados / CNCA,3.489999999999995,True,,743,gold
2024,3534302,35,SP,Orlândia,57.15,50.6,municipio,Base dos Dados / CNCA,6.549999999999997,True,,743,gold
2024,3305133,33,RJ,São José de Ubá,80.39,75.86,municipio,Base dos Dados / CNCA,4.530000000000001,True,,743,gold
2024,3530607,35,SP,Mogi das Cruzes,47.88,52.01,municipio,Base dos Dados / CNCA,-4.1299999999999955,False,,743,gold
2024,4302352,43,RS,Bom Princípio,50.7,74.68,municipio,Base dos Dados / CNCA,-23.980000000000004,False,,743,gold
2024,3128303,31,MG,Guaranésia,65.21,74.61,municipio,Base dos Dados / CNCA,-9.400000000000006,False,,743,gold
2024,2612901,26,PE,São Benedito do Sul,71.07,41.36,municipio,Base dos Dados / CNCA,29.709999999999994,True,,743,gold
2024,3540754,35,SP,Potim,46.58,47.02,municipio,Base dos Dados / CNCA,-0.44000000000000483,False,,743,gold
2024,3117836,31,MG,Cônego Marinho,66.13,63.2,uf_fallback,Base dos Dados / CNCA,2.9299999999999926,True,,743,gold
2024,2709152,27,AL,Teotônio Vilela,57.59,57.03,municipio,Base dos Dados / CNCA,0.5600000000000023,True,,743,gold
2024,3205101,32,ES,Viana,68.8,71.71,municipio,Base dos Dados / CNCA,-2.9099999999999966,False,,743,gold
2024,2503555,25,PB,Cacimbas,47.9,39.49,municipio,Base dos Dados / CNCA,8.409999999999997,True,,743,gold
2024,2612307,26,PE,Saloá,78.66,61.72,municipio,Base dos Dados / CNCA,16.939999999999998,True,,743,gold
2024,2923035,29,BA,Novo Horizonte,73.17,63.79,municipio,Base dos Dados / CNCA,9.380000000000003,True,,743,gold
2024,3552007,35,SP,Silveiras,47.27,51.4,municipio,Base dos Dados / CNCA,-4.1299999999999955,False,,743,gold
2024,3108305,31,MG,Borda da Mata,80.39,67.91,municipio,Base dos Dados / CNCA,12.480000000000004,True,,743,gold
2024,3523800,35,SP,Itobi,69.34,56.6,uf_fallback,Base dos Dados / CNCA,12.740000000000002,True,,743,gold
2024,4310009,43,RS,Ibirubá,62.7,63.28,municipio,Base dos Dados / CNCA,-0.5799999999999983,False,,743,gold
2024,4320800,43,RS,Soledade,63.1,68.48,municipio,Base dos Dados / CNCA,-5.380000000000003,False,,743,gold
2024,2211506,22,PI,Vera Mendes,48.57,80.0,municipio,Base dos Dados / CNCA,-31.43,False,,743,gold
2024,4306957,43,RS,Entre Rios do Sul,72.0,79.55,municipio,Base dos Dados / CNCA,-7.549999999999997,False,,743,gold
2024,3554003,35,SP,Tatuí,53.92,55.87,municipio,Base dos Dados / CNCA,-1.9499999999999957,False,,743,gold
2024,2211704,22,PI,Wall Ferraz,54.29,44.12,municipio,Base dos Dados / CNCA,10.170000000000002,True,,743,gold
2024,2511905,25,PB,Pitimbu,51.59,76.57,municipio,Base dos Dados / CNCA,-24.97999999999999,False,,743,gold
2024,3138302,31,MG,Leandro Ferreira,74.29,63.2,uf_fallback,Base dos Dados / CNCA,11.090000000000003,True,,743,gold
2024,3204708,32,ES,São Gabriel da Palha,80.69,73.64,municipio,Base dos Dados / CNCA,7.049999999999997,True,,743,gold
2024,3127370,31,MG,Goiabeira,91.43,69.73,municipio,Base dos Dados / CNCA,21.700000000000003,True,,743,gold
2024,2101707,21,MA,Barreirinhas,78.52,55.23,municipio,Base dos Dados / CNCA,23.29,True,,743,gold
2024,3143401,31,MG,Monte Sião,74.18,58.25,municipio,Base dos Dados / CNCA,15.930000000000007,True,,743,gold
2024,4318408,43,RS,São Jerônimo,60.5,80.0,municipio,Base dos Dados / CNCA,-19.5,False,,743,gold
2024,2512002,25,PB,Pocinhos,54.09,48.17,municipio,Base dos Dados / CNCA,5.920000000000002,True,,743,gold
2024,4304002,43,RS,Campo Novo,46.1,65.72,municipio,Base dos Dados / CNCA,-19.619999999999997,False,,743,gold
2024,5209952,52,GO,Indiara,82.75,69.23,municipio,Base dos Dados / CNCA,13.519999999999996,True,,743,gold
2024,3205010,32,ES,Sooretama,70.81,69.28,municipio,Base dos Dados / CNCA,1.5300000000000011,True,,743,gold
2024,4204350,42,SC,Cordilheira Alta,65.36,64.5,uf_fallback,Base dos Dados / CNCA,0.8599999999999994,True,,743,gold
2024,4121208,41,PR,Quitandinha,75.8,73.05,municipio,Base dos Dados / CNCA,2.75,True,,743,gold
2024,4125209,41,PR,São Jorge d'Oeste,84.59,80.0,municipio,Base dos Dados / CNCA,4.590000000000003,True,,743,gold
2024,4314456,43,RS,Pinhal,33.2,60.36,municipio,Base dos Dados / CNCA,-27.159999999999997,False,,743,gold
2024,3518800,35,SP,Guarulhos,49.23,45.75,municipio,Base dos Dados / CNCA,3.479999999999997,True,,743,gold
2024,4210035,42,SC,Luzerna,79.74,74.01,municipio,Base dos Dados / CNCA,5.72999999999999,True,,743,gold
2024,4111407,41,PR,Ivaí,82.65,80.0,municipio,Base dos Dados / CNCA,2.6500000000000057,True,,743,gold
2024,3133709,31,MG,Itatiaiuçu,79.41,73.57,municipio,Base dos Dados / CNCA,5.840000000000003,True,,743,gold
2024,3501152,35,SP,Alumínio,53.68,53.71,municipio,Base dos Dados / CNCA,-0.030000000000001137,False,,743,gold
2024,5107305,51,MT,São José do Rio Claro,60.28,74.23,municipio,Base dos Dados / CNCA,-13.950000000000003,False,,743,gold
2024,1501758,15,PA,Brejo Grande do Araguaia,75.7,64.62,municipio,Base dos Dados / CNCA,11.079999999999998,True,,743,gold
2024,4304671,43,RS,Capivari do Sul,43.9,47.38,municipio,Base dos Dados / CNCA,-3.480000000000004,False,,743,gold
2024,4117701,41,PR,Palmeira,65.93,72.95,municipio,Base dos Dados / CNCA,-7.019999999999996,False,,743,gold
2024,1600550,16,AP,Pracuúba,30.66,43.05,municipio,Base dos Dados / CNCA,-12.389999999999997,False,,743,gold
2024,3508504,35,SP,Caçapava,44.26,57.51,municipio,Base dos Dados / CNCA,-13.25,False,,743,gold
2024,3524402,35,SP,Jacareí,51.48,51.14,municipio,Base dos Dados / CNCA,0.3399999999999963,True,,743,gold
2024,2612703,26,PE,Santa Maria do Cambucá,70.05,80.0,municipio,Base dos Dados / CNCA,-9.950000000000003,False,,743,gold
2024,3149200,31,MG,Pedrinópolis,79.95,63.06,municipio,Base dos Dados / CNCA,16.89,True,,743,gold
2024,4117206,41,PR,Nova Olímpia,91.63,79.33,municipio,Base dos Dados / CNCA,12.299999999999997,True,,743,gold
2024,3104700,31,MG,Ataléia,55.28,69.2,municipio,Base dos Dados / CNCA,-13.920000000000002,False,,743,gold
2024,4113007,41,PR,Jussara,66.03,73.48,municipio,Base dos Dados / CNCA,-7.450000000000003,False,,743,gold
2024,3539905,35,SP,Poloni,57.87,56.6,uf_fallback,Base dos Dados / CNCA,1.269999999999996,True,,743,gold
2024,2203909,22,PI,Floriano,53.36,54.22,municipio,Base dos Dados / CNCA,-0.8599999999999994,False,,743,gold
2024,2406601,24,RN,Lagoa Salgada,63.42,30.02,municipio,Base dos Dados / CNCA,33.400000000000006,True,,743,gold
2024,3110905,31,MG,Campanha,64.8,48.0,municipio,Base dos Dados / CNCA,16.799999999999997,True,,743,gold
2024,2102705,21,MA,Cantanhede,70.83,57.5,municipio,Base dos Dados / CNCA,13.329999999999998,True,,743,gold
2024,5000252,50,MS,Alcinópolis,63.77,77.19,municipio,Base dos Dados / CNCA,-13.419999999999995,False,,743,gold
2024,4205001,42,SC,Dionísio Cerqueira,69.14,63.02,municipio,Base dos Dados / CNCA,6.119999999999997,True,,743,gold
2024,4323507,43,RS,Vista Alegre,71.0,80.0,municipio,Base dos Dados / CNCA,-9.0,False,,743,gold
2024,2611101,26,PE,Petrolina,70.25,68.42,municipio,Base dos Dados / CNCA,1.8299999999999983,True,,743,gold
2024,4316436,43,RS,Saldanha Marinho,69.6,48.79,municipio,Base dos Dados / CNCA,20.809999999999995,True,,743,gold
2024,2209450,22,PI,Santo Antônio dos Milagres,78.26,80.0,municipio,Base dos Dados / CNCA,-1.7399999999999949,False,,743,gold
2024,2204501,22,PI,Guadalupe,68.54,54.0,municipio,Base dos Dados / CNCA,14.540000000000006,True,,743,gold
2024,2516409,25,PB,Tacima,77.72,59.92,municipio,Base dos Dados / CNCA,17.799999999999997,True,,743,gold
2024,2501500,25,PB,Bananeiras,54.93,55.82,municipio,Base dos Dados / CNCA,-0.8900000000000006,False,,743,gold
2024,3200359,32,ES,Alto Rio Novo,83.48,67.16,municipio,Base dos Dados / CNCA,16.320000000000007,True,,743,gold
2024,4123501,41,PR,Santa Helena,79.37,79.32,municipio,Base dos Dados / CNCA,0.05000000000001137,True,,743,gold
2024,4208708,42,SC,Jacinto Machado,67.22,57.49,municipio,Base dos Dados / CNCA,9.729999999999997,True,,743,gold
2024,3205200,32,ES,Vila Velha,67.75,70.0,municipio,Base dos Dados / CNCA,-2.25,False,,743,gold
2024,1702109,17,TO,Araguaína,50.51,42.16,municipio,Base dos Dados / CNCA,8.350000000000001,True,,743,gold
2024,4128500,41,PR,Wenceslau Braz,74.37,80.0,municipio,Base dos Dados / CNCA,-5.6299999999999955,False,,743,gold
2024,2202554,22,PI,Caridade do Piauí,58.14,64.49,municipio,Base dos Dados / CNCA,-6.349999999999994,False,,743,gold
2024,5107909,51,MT,Sinop,54.01,60.84,municipio,Base dos Dados / CNCA,-6.830000000000005,False,,743,gold
2024,3514106,35,SP,Dois Córregos,57.41,64.5,municipio,Base dos Dados / CNCA,-7.090000000000003,False,,743,gold
2024,3549953,35,SP,São Lourenço da Serra,58.4,64.46,municipio,Base dos Dados / CNCA,-6.059999999999995,False,,743,gold
2024,2502409,25,PB,Bonito de Santa Fé,60.93,47.04,municipio,Base dos Dados / CNCA,13.89,True,,743,gold
2024,3103504,31,MG,Araguari,65.37,53.17,municipio,Base dos Dados / CNCA,12.200000000000003,True,,743,gold
2024,3143807,31,MG,Munhoz,82.36,78.23,municipio,Base dos Dados / CNCA,4.1299999999999955,True,,743,gold
2024,4117107,41,PR,Nova Londrina,74.05,78.01,municipio,Base dos Dados / CNCA,-3.960000000000008,False,,743,gold
2024,1720259,17,TO,São Salvador do Tocantins,59.09,52.91,municipio,Base dos Dados / CNCA,6.180000000000007,True,,743,gold
2024,4314159,43,RS,Paverama,47.5,66.28,municipio,Base dos Dados / CNCA,-18.78,False,,743,gold
2024,4305207,43,RS,Cerro Largo,49.2,75.82,municipio,Base dos Dados / CNCA,-26.61999999999999,False,,743,gold
2024,3154903,31,MG,Rio Casca,62.76,63.0,municipio,Base dos Dados / CNCA,-0.240000000000002,False,,743,gold
2024,4103909,41,PR,Campina da Lagoa,77.67,80.0,municipio,Base dos Dados / CNCA,-2.3299999999999983,False,,743,gold
2024,4201604,42,SC,Arroio Trinta,76.24,80.0,municipio,Base dos Dados / CNCA,-3.760000000000005,False,,743,gold
2024,3162104,31,MG,São Gotardo,75.31,57.5,municipio,Base dos Dados / CNCA,17.810000000000002,True,,743,gold
2024,3169901,31,MG,Ubá,78.84,67.05,municipio,Base dos Dados / CNCA,11.790000000000006,True,,743,gold
2024,4107603,41,PR,Faxinal,71.76,80.0,municipio,Base dos Dados / CNCA,-8.239999999999995,False,,743,gold
2024,3155405,31,MG,Rio Novo,65.4,45.41,municipio,Base dos Dados / CNCA,19.99000000000001,True,,743,gold
2024,5000609,50,MS,Amambai,69.72,48.04,municipio,Base dos Dados / CNCA,21.68,True,,743,gold
2024,5004007,50,MS,Glória de Dourados,73.2,79.07,municipio,Base dos Dados / CNCA,-5.86999999999999,False,,743,gold
2024,5108907,51,MT,Nova Maringá,62.38,64.76,municipio,Base dos Dados / CNCA,-2.3800000000000026,False,,743,gold
2024,2510501,25,PB,Olivedos,41.57,58.53,municipio,Base dos Dados / CNCA,-16.96,False,,743,gold
2024,2507606,25,PB,Juarez Távora,35.79,36.0,municipio,Base dos Dados / CNCA,-0.21000000000000085,False,,743,gold
2024,4112405,41,PR,Japurá,80.87,74.44,municipio,Base dos Dados / CNCA,6.430000000000007,True,,743,gold
2024,3162807,31,MG,São João Evangelista,70.27,80.0,municipio,Base dos Dados / CNCA,-9.730000000000004,False,,743,gold
2024,3120870,31,MG,Curral de Dentro,80.36,79.36,municipio,Base dos Dados / CNCA,1.0,True,,743,gold
2024,2310951,23,CE,Pires Ferreira,100.0,80.0,municipio,Base dos Dados / CNCA,20.0,True,,743,gold
2024,5220702,52,GO,Sítio d'Abadia,79.41,61.35,municipio,Base dos Dados / CNCA,18.059999999999995,True,,743,gold
2024,2400505,24,RN,Alexandria,58.98,24.68,municipio,Base dos Dados / CNCA,34.3,True,,743,gold
2024,2407005,24,RN,Luís Gomes,38.98,33.44,municipio,Base dos Dados / CNCA,5.539999999999999,True,,743,gold
2024,3524105,35,SP,Ituverava,49.94,53.56,municipio,Base dos Dados / CNCA,-3.6200000000000045,False,,743,gold
2024,3127008,31,MG,Fronteira,76.16,57.36,municipio,Base dos Dados / CNCA,18.799999999999997,True,,743,gold
2024,2205458,22,PI,Joca Marques,43.83,44.75,municipio,Base dos Dados / CNCA,-0.9200000000000017,False,,743,gold
2024,3148707,31,MG,Pedra Azul,60.74,60.83,municipio,Base dos Dados / CNCA,-0.0899999999999963,False,,743,gold
2024,4126603,41,PR,Siqueira Campos,82.88,80.0,municipio,Base dos Dados / CNCA,2.8799999999999955,True,,743,gold
2024,4305959,43,RS,Cotiporã,44.2,74.92,municipio,Base dos Dados / CNCA,-30.72,False,,743,gold
2024,3102902,31,MG,Antônio Carlos,71.47,78.32,municipio,Base dos Dados / CNCA,-6.849999999999994,False,,743,gold
2024,2924652,29,BA,Pintadas,55.7,50.59,municipio,Base dos Dados / CNCA,5.109999999999999,True,,743,gold
2024,4102703,41,PR,Barra do Jacaré,72.41,65.76,municipio,Base dos Dados / CNCA,6.6499999999999915,True,,743,gold
2024,3552502,35,SP,Suzano,51.13,48.1,municipio,Base dos Dados / CNCA,3.030000000000001,True,,743,gold
2024,3125952,31,MG,Fervedouro,76.31,68.38,municipio,Base dos Dados / CNCA,7.930000000000007,True,,743,gold
2024,3533601,35,SP,Nuporanga,64.88,71.14,municipio,Base dos Dados / CNCA,-6.260000000000005,False,,743,gold
2024,3516309,35,SP,Francisco Morato,50.92,55.48,municipio,Base dos Dados / CNCA,-4.559999999999995,False,,743,gold
2024,2209377,22,PI,Santa Rosa do Piauí,51.64,64.16,municipio,Base dos Dados / CNCA,-12.519999999999996,False,,743,gold
2024,2205516,22,PI,Juazeiro do Piauí,71.43,70.51,municipio,Base dos Dados / CNCA,0.9200000000000017,True,,743,gold
2024,5208103,52,GO,Formoso,86.67,72.26,municipio,Base dos Dados / CNCA,14.409999999999997,True,,743,gold
2024,5216452,52,GO,Perolândia,77.78,77.97,municipio,Base dos Dados / CNCA,-0.18999999999999773,False,,743,gold
2024,2600807,26,PE,Altinho,68.08,61.99,municipio,Base dos Dados / CNCA,6.089999999999996,True,,743,gold
2024,2615300,26,PE,Timbaúba,77.57,75.02,municipio,Base dos Dados / CNCA,2.549999999999997,True,,743,gold
2024,3172004,31,MG,Visconde do Rio Branco,74.81,60.26,municipio,Base dos Dados / CNCA,14.550000000000004,True,,743,gold
2024,3116209,31,MG,Chiador,76.01,77.9,municipio,Base dos Dados / CNCA,-1.8900000000000006,False,,743,gold
2024,3128006,31,MG,Guanhães,72.64,61.34,municipio,Base dos Dados / CNCA,11.299999999999997,True,,743,gold
2024,2701407,27,AL,Campo Alegre,67.45,67.86,municipio,Base dos Dados / CNCA,-0.4099999999999966,False,,743,gold
2024,2104701,21,MA,Graça Aranha,75.68,73.9,municipio,Base dos Dados / CNCA,1.7800000000000011,True,,743,gold
2024,2204402,22,PI,Gilbués,39.2,38.32,municipio,Base dos Dados / CNCA,0.8800000000000026,True,,743,gold
2024,1600600,16,AP,Santana,53.14,47.82,municipio,Base dos Dados / CNCA,5.32,True,,743,gold
2024,2103109,21,MA,Cedral,66.85,71.43,municipio,Base dos Dados / CNCA,-4.5800000000000125,False,,743,gold
2024,3551801,35,SP,Sete Barras,52.1,68.93,municipio,Base dos Dados / CNCA,-16.830000000000005,False,,743,gold
2024,2208007,22,PI,Picos,54.93,57.43,municipio,Base dos Dados / CNCA,-2.5,False,,743,gold
2024,4128401,41,PR,Uraí,66.07,77.07,municipio,Base dos Dados / CNCA,-11.0,False,,743,gold
2024,3117702,31,MG,Conceição do Rio Verde,78.17,80.0,municipio,Base dos Dados / CNCA,-1.8299999999999983,False,,743,gold
2024,3527603,35,SP,Luís Antônio,43.03,47.62,municipio,Base dos Dados / CNCA,-4.589999999999996,False,,743,gold
2024,4103305,41,PR,Borrazópolis,75.03,80.0,municipio,Base dos Dados / CNCA,-4.969999999999999,False,,743,gold
2024,4103958,41,PR,Campina do Simão,84.25,80.0,municipio,Base dos Dados / CNCA,4.25,True,,743,gold
2024,3538105,35,SP,Pindorama,63.37,51.97,municipio,Base dos Dados / CNCA,11.399999999999999,True,,743,gold
2024,4209102,42,SC,Joinville,68.58,68.23,municipio,Base dos Dados / CNCA,0.3499999999999943,True,,743,gold
2024,1702554,17,TO,Augustinópolis,59.95,54.94,municipio,Base dos Dados / CNCA,5.010000000000005,True,,743,gold
2024,4311106,43,RS,Jaguari,61.3,67.37,municipio,Base dos Dados / CNCA,-6.070000000000007,False,,743,gold
2024,4119905,41,PR,Ponta Grossa,75.9,76.43,municipio,Base dos Dados / CNCA,-0.5300000000000011,False,,743,gold
2024,1703206,17,TO,Bernardo Sayão,59.26,57.3,municipio,Base dos Dados / CNCA,1.9600000000000009,True,,743,gold
2024,5201702,52,GO,Aragarças,72.16,66.26,municipio,Base dos Dados / CNCA,5.8999999999999915,True,,743,gold
2024,3148509,31,MG,Pavão,83.75,80.0,municipio,Base dos Dados / CNCA,3.75,True,,743,gold
2024,3547700,35,SP,Santo Anastácio,79.01,79.99,municipio,Base dos Dados / CNCA,-0.9799999999999898,False,,743,gold
2024,4103404,41,PR,Cafeara,63.42,80.0,municipio,Base dos Dados / CNCA,-16.58,False,,743,gold
2024,3111309,31,MG,Campo do Meio,76.54,69.55,municipio,Base dos Dados / CNCA,6.990000000000009,True,,743,gold
2024,3148806,31,MG,Pedra do Anta,85.51,80.0,municipio,Base dos Dados / CNCA,5.510000000000005,True,,743,gold
2024,3553906,35,SP,Tarabai,67.98,78.69,municipio,Base dos Dados / CNCA,-10.709999999999994,False,,743,gold
2024,3138609,31,MG,Lima Duarte,69.51,51.94,municipio,Base dos Dados / CNCA,17.570000000000007,True,,743,gold
2024,4125456,41,PR,São José das Palmeiras,74.36,80.0,municipio,Base dos Dados / CNCA,-5.640000000000001,False,,743,gold
2024,2605608,26,PE,Flores,68.28,75.14,municipio,Base dos Dados / CNCA,-6.859999999999999,False,,743,gold
2024,3135100,31,MG,Janaúba,67.7,54.63,municipio,Base dos Dados / CNCA,13.07,True,,743,gold
2024,4121802,41,PR,Ribeirão Claro,85.68,75.41,municipio,Base dos Dados / CNCA,10.27000000000001,True,,743,gold
2024,2916856,29,BA,Itatim,54.22,56.29,municipio,Base dos Dados / CNCA,-2.0700000000000003,False,,743,gold
2024,3164605,31,MG,São Sebastião do Oeste,76.46,72.84,municipio,Base dos Dados / CNCA,3.6199999999999903,True,,743,gold
2024,3118908,31,MG,Cordisburgo,79.85,70.99,municipio,Base dos Dados / CNCA,8.86,True,,743,gold
2024,4312807,43,RS,Nova Araçá,60.6,80.0,municipio,Base dos Dados / CNCA,-19.4,False,,743,gold
2024,4202404,42,SC,Blumenau,64.14,66.53,municipio,Base dos Dados / CNCA,-2.3900000000000006,False,,743,gold
2024,5106182,51,MT,Nova Lacerda,67.64,59.29,municipio,Base dos Dados / CNCA,8.350000000000001,True,,743,gold
2024,4128005,41,PR,Ubiratã,77.6,80.0,municipio,Base dos Dados / CNCA,-2.4000000000000057,False,,743,gold
2024,4215307,42,SC,Salete,67.36,78.29,municipio,Base dos Dados / CNCA,-10.930000000000007,False,,743,gold
2024,5220108,52,GO,São Luís de Montes Belos,76.27,68.7,municipio,Base dos Dados / CNCA,7.569999999999993,True,,743,gold
2024,3144102,31,MG,Muzambinho,75.51,49.23,municipio,Base dos Dados / CNCA,26.28000000000001,True,,743,gold
2024,3162005,31,MG,São Gonçalo do Sapucaí,76.3,76.83,municipio,Base dos Dados / CNCA,-0.5300000000000011,False,,743,gold
2024,2101103,21,MA,Axixá,71.88,80.0,municipio,Base dos Dados / CNCA,-8.120000000000005,False,,743,gold
2024,5107701,51,MT,Rosário Oeste,56.37,58.02,municipio,Base dos Dados / CNCA,-1.6500000000000057,False,,743,gold
2024,3127107,31,MG,Frutal,73.59,58.24,municipio,Base dos Dados / CNCA,15.350000000000001,True,,743,gold
2024,4104501,41,PR,Capanema,79.5,78.69,municipio,Base dos Dados / CNCA,0.8100000000000023,True,,743,gold
2024,4114005,41,PR,Mamborê,74.68,80.0,municipio,Base dos Dados / CNCA,-5.319999999999993,False,,743,gold
2024,3164472,31,MG,São Sebastião do Anta,81.32,61.81,municipio,Base dos Dados / CNCA,19.50999999999999,True,,743,gold
2024,3162658,31,MG,São João do Pacuí,86.4,75.08,municipio,Base dos Dados / CNCA,11.320000000000007,True,,743,gold
2024,3159803,31,MG,Santa Vitória,62.91,72.24,municipio,Base dos Dados / CNCA,-9.329999999999998,False,,743,gold
2024,3529500,35,SP,Mendonça,77.56,71.55,municipio,Base dos Dados / CNCA,6.010000000000005,True,,743,gold
2024,3135308,31,MG,Japaraíba,80.89,72.45,municipio,Base dos Dados / CNCA,8.439999999999998,True,,743,gold
2024,4106407,41,PR,Cornélio Procópio,73.21,77.26,municipio,Base dos Dados / CNCA,-4.050000000000011,False,,743,gold
2024,3515806,35,SP,Flora Rica,27.27,37.09,municipio,Base dos Dados / CNCA,-9.820000000000004,False,,743,gold
2024,3167301,31,MG,Silveirânia,86.36,80.0,municipio,Base dos Dados / CNCA,6.359999999999999,True,,743,gold
2024,3147808,31,MG,Passa-Vinte,77.27,64.23,municipio,Base dos Dados / CNCA,13.039999999999992,True,,743,gold
2024,2513968,25,PB,São Domingos,54.55,80.0,municipio,Base dos Dados / CNCA,-25.450000000000003,False,,743,gold
2024,2210805,22,PI,Simplício Mendes,67.45,80.0,municipio,Base dos Dados / CNCA,-12.549999999999997,False,,743,gold
2024,4300554,43,RS,Alto Alegre,63.6,66.2,uf_fallback,Base dos Dados / CNCA,-2.6000000000000014,False,,743,gold
2024,3145208,31,MG,Nova Serrana,72.47,59.11,municipio,Base dos Dados / CNCA,13.36,True,,743,gold
2024,3128501,31,MG,Guarará,72.73,80.0,municipio,Base dos Dados / CNCA,-7.269999999999996,False,,743,gold
2024,4219150,42,SC,Vargem,69.58,80.0,municipio,Base dos Dados / CNCA,-10.420000000000002,False,,743,gold
2024,3157377,31,MG,Santa Cruz de Salinas,72.73,80.0,municipio,Base dos Dados / CNCA,-7.269999999999996,False,,743,gold
2024,2406700,24,RN,Lajes,33.68,36.25,municipio,Base dos Dados / CNCA,-2.5700000000000003,False,,743,gold
2024,5218391,52,GO,Professor Jamil,77.25,80.0,municipio,Base dos Dados / CNCA,-2.75,False,,743,gold
2024,2404101,24,RN,Galinhos,55.2,44.78,municipio,Base dos Dados / CNCA,10.420000000000002,True,,743,gold
2024,5105507,51,MT,Vila Bela da Santíssima Trindade,47.61,52.17,municipio,Base dos Dados / CNCA,-4.560000000000002,False,,743,gold
2024,3160900,31,MG,São Brás do Suaçuí,81.31,70.24,municipio,Base dos Dados / CNCA,11.070000000000007,True,,743,gold
2024,3521002,35,SP,Iperó,44.75,47.07,municipio,Base dos Dados / CNCA,-2.3200000000000003,False,,743,gold
2024,4302402,43,RS,Bom Retiro do Sul,65.1,78.46,municipio,Base dos Dados / CNCA,-13.36,False,,743,gold
2024,3152204,31,MG,Porteirinha,71.77,66.24,municipio,Base dos Dados / CNCA,5.530000000000001,True,,743,gold
2024,3203320,32,ES,Marataízes,69.4,74.32,municipio,Base dos Dados / CNCA,-4.9199999999999875,False,,743,gold
2024,3142601,31,MG,Monsenhor Paulo,78.89,65.54,municipio,Base dos Dados / CNCA,13.349999999999994,True,,743,gold
2024,3131604,31,MG,Iraí de Minas,77.81,44.85,municipio,Base dos Dados / CNCA,32.96,True,,743,gold
2024,5206404,52,GO,Crixás,78.62,68.88,municipio,Base dos Dados / CNCA,9.740000000000009,True,,743,gold
2024,4127700,41,PR,Toledo,81.69,79.64,municipio,Base dos Dados / CNCA,2.049999999999997,True,,743,gold
2024,3156809,31,MG,Sabinópolis,75.0,46.78,municipio,Base dos Dados / CNCA,28.22,True,,743,gold
2024,2613909,26,PE,Serra Talhada,77.92,76.71,municipio,Base dos Dados / CNCA,1.210000000000008,True,,743,gold
2024,3143450,31,MG,Montezuma,88.98,58.49,municipio,Base dos Dados / CNCA,30.490000000000002,True,,743,gold
2024,5104609,51,MT,Itiquira,58.16,48.53,municipio,Base dos Dados / CNCA,9.629999999999995,True,,743,gold
2024,4207700,42,SC,Ipumirim,62.84,58.28,municipio,Base dos Dados / CNCA,4.560000000000002,True,,743,gold
2024,4207759,42,SC,Iraceminha,70.07,63.74,municipio,Base dos Dados / CNCA,6.329999999999991,True,,743,gold
2024,3142403,31,MG,Moema,81.94,80.0,municipio,Base dos Dados / CNCA,1.9399999999999977,True,,743,gold
2024,3507605,35,SP,Bragança Paulista,53.36,56.64,municipio,Base dos Dados / CNCA,-3.280000000000001,False,,743,gold
2024,3537503,35,SP,Pereiras,66.7,56.11,municipio,Base dos Dados / CNCA,10.590000000000003,True,,743,gold
2024,2706000,27,AL,Olivença,80.79,54.93,municipio,Base dos Dados / CNCA,25.860000000000007,True,,743,gold
2024,4113429,41,PR,Lidianópolis,83.47,80.0,municipio,Base dos Dados / CNCA,3.469999999999999,True,,743,gold
2024,4120358,41,PR,Pranchita,79.55,80.0,municipio,Base dos Dados / CNCA,-0.45000000000000284,False,,743,gold
2024,2929107,29,BA,São Felipe,41.13,51.43,municipio,Base dos Dados / CNCA,-10.299999999999997,False,,743,gold
2024,2406809,24,RN,Lajes Pintadas,47.42,43.8,uf_fallback,Base dos Dados / CNCA,3.6200000000000045,True,,743,gold
2024,3535903,35,SP,Paranapuã,82.89,39.38,municipio,Base dos Dados / CNCA,43.51,True,,743,gold
2024,2513901,25,PB,São Bento,46.87,48.44,municipio,Base dos Dados / CNCA,-1.5700000000000003,False,,743,gold
2024,2502805,25,PB,Brejo do Cruz,51.6,57.95,municipio,Base dos Dados / CNCA,-6.350000000000001,False,,743,gold
2024,3119500,31,MG,Coronel Murta,67.56,68.05,municipio,Base dos Dados / CNCA,-0.4899999999999949,False,,743,gold
2024,3106309,31,MG,Belo Oriente,65.94,60.9,municipio,Base dos Dados / CNCA,5.039999999999999,True,,743,gold
2024,2709202,27,AL,Traipu,47.49,38.63,municipio,Base dos Dados / CNCA,8.86,True,,743,gold
2024,4313706,43,RS,Palmeira das Missões,51.9,53.85,municipio,Base dos Dados / CNCA,-1.9500000000000028,False,,743,gold
2024,2700805,27,AL,Belém,64.57,59.21,municipio,Base dos Dados / CNCA,5.359999999999992,True,,743,gold
2024,2509909,25,PB,Natuba,47.23,62.3,municipio,Base dos Dados / CNCA,-15.07,False,,743,gold
2024,3124302,31,MG,Espinosa,72.28,66.83,municipio,Base dos Dados / CNCA,5.450000000000003,True,,743,gold
2024,4110409,41,PR,Indianópolis,69.81,80.0,municipio,Base dos Dados / CNCA,-10.189999999999998,False,,743,gold
2024,2202059,22,PI,Cabeceiras do Piauí,52.34,26.93,municipio,Base dos Dados / CNCA,25.410000000000004,True,,743,gold
2024,3204252,32,ES,Ponto Belo,80.01,80.0,municipio,Base dos Dados / CNCA,0.010000000000005116,True,,743,gold
2024,3104007,31,MG,Araxá,75.35,70.59,municipio,Base dos Dados / CNCA,4.759999999999991,True,,743,gold
2024,4113452,41,PR,Lindoeste,72.9,80.0,municipio,Base dos Dados / CNCA,-7.099999999999994,False,,743,gold
2024,4212908,42,SC,Pinhalzinho,75.07,78.51,municipio,Base dos Dados / CNCA,-3.440000000000012,False,,743,gold
2024,3131109,31,MG,Inimutaba,77.8,46.85,municipio,Base dos Dados / CNCA,30.949999999999996,True,,743,gold
2024,3507902,35,SP,Brotas,56.01,64.89,municipio,Base dos Dados / CNCA,-8.880000000000003,False,,743,gold
2024,2202539,22,PI,Caraúbas do Piauí,68.17,44.94,municipio,Base dos Dados / CNCA,23.230000000000004,True,,743,gold
2024,3507100,35,SP,Bom Jesus dos Perdões,53.92,71.48,municipio,Base dos Dados / CNCA,-17.560000000000002,False,,743,gold
2024,2202208,22,PI,Campo Maior,54.48,56.83,municipio,Base dos Dados / CNCA,-2.3500000000000014,False,,743,gold
2024,2403301,24,RN,Encanto,67.02,52.83,municipio,Base dos Dados / CNCA,14.189999999999998,True,,743,gold
2024,4219705,42,SC,Xaxim,59.72,68.78,municipio,Base dos Dados / CNCA,-9.060000000000002,False,,743,gold
2024,3534104,35,SP,Oriente,39.53,62.91,municipio,Base dos Dados / CNCA,-23.379999999999995,False,,743,gold
2024,3140159,31,MG,Mário Campos,74.09,71.88,municipio,Base dos Dados / CNCA,2.210000000000008,True,,743,gold
2024,5214507,52,GO,Nerópolis,71.18,70.0,municipio,Base dos Dados / CNCA,1.1800000000000068,True,,743,gold
2024,3203403,32,ES,Mimoso do Sul,65.32,69.97,municipio,Base dos Dados / CNCA,-4.650000000000006,False,,743,gold
2024,2105203,21,MA,Igarapé Grande,89.11,80.0,municipio,Base dos Dados / CNCA,9.11,True,,743,gold
2024,3519600,35,SP,Ibitinga,49.2,54.7,municipio,Base dos Dados / CNCA,-5.5,False,,743,gold
2024,4208302,42,SC,Itapema,68.62,64.5,uf_fallback,Base dos Dados / CNCA,4.1200000000000045,True,,743,gold
2024,3168903,31,MG,Tiros,81.76,62.7,municipio,Base dos Dados / CNCA,19.060000000000002,True,,743,gold
2024,2109007,21,MA,Porto Franco,74.09,61.72,municipio,Base dos Dados / CNCA,12.370000000000005,True,,743,gold
2024,4321451,43,RS,Teutônia,63.0,80.0,municipio,Base dos Dados / CNCA,-17.0,False,,743,gold
2024,3531506,35,SP,Monte Azul Paulista,55.38,74.01,municipio,Base dos Dados / CNCA,-18.630000000000003,False,,743,gold
2024,4205803,42,SC,Garuva,66.73,58.9,municipio,Base dos Dados / CNCA,7.830000000000005,True,,743,gold
2024,4203907,42,SC,Capinzal,69.54,73.49,municipio,Base dos Dados / CNCA,-3.9499999999999886,False,,743,gold
2024,3105905,31,MG,Barroso,83.24,74.67,municipio,Base dos Dados / CNCA,8.569999999999993,True,,743,gold
2024,5105622,51,MT,Mirassol d'Oeste,57.5,56.36,municipio,Base dos Dados / CNCA,1.1400000000000006,True,,743,gold
2024,1709500,17,TO,Gurupi,54.37,50.17,municipio,Base dos Dados / CNCA,4.199999999999996,True,,743,gold
2024,2211001,22,PI,Teresina,57.56,53.41,municipio,Base dos Dados / CNCA,4.150000000000006,True,,743,gold
2024,2201200,22,PI,Barras,60.13,59.72,municipio,Base dos Dados / CNCA,0.4100000000000037,True,,743,gold
2024,2207306,22,PI,Paes Landim,45.31,56.42,municipio,Base dos Dados / CNCA,-11.11,False,,743,gold
2024,2923050,29,BA,Novo Triunfo,39.06,28.92,municipio,Base dos Dados / CNCA,10.14,True,,743,gold
2024,3519709,35,SP,Ibiúna,53.06,50.42,municipio,Base dos Dados / CNCA,2.6400000000000006,True,,743,gold
2024,4318481,43,RS,São José do Hortêncio,43.8,78.94,municipio,Base dos Dados / CNCA,-35.14,False,,743,gold
2024,3169000,31,MG,Tocantins,71.46,61.96,municipio,Base dos Dados / CNCA,9.499999999999993,True,,743,gold
2024,2504702,25,PB,Congo,40.66,54.36,municipio,Base dos Dados / CNCA,-13.700000000000003,False,,743,gold
2024,5106232,51,MT,Nova Olímpia,57.29,55.56,municipio,Base dos Dados / CNCA,1.7299999999999969,True,,743,gold
2024,4309555,43,RS,Harmonia,67.5,80.0,municipio,Base dos Dados / CNCA,-12.5,False,,743,gold
2024,4217600,42,SC,Siderópolis,56.07,64.7,municipio,Base dos Dados / CNCA,-8.630000000000003,False,,743,gold
2024,3512803,35,SP,Cosmópolis,59.61,57.43,municipio,Base dos Dados / CNCA,2.1799999999999997,True,,743,gold
2024,5103502,51,MT,Diamantino,60.5,56.72,municipio,Base dos Dados / CNCA,3.780000000000001,True,,743,gold
2024,5108857,51,MT,Nova Marilândia,80.62,49.91,municipio,Base dos Dados / CNCA,30.710000000000008,True,,743,gold
2024,2605152,26,PE,Dormentes,83.37,67.39,municipio,Base dos Dados / CNCA,15.980000000000004,True,,743,gold
2024,3157658,31,MG,Santa Helena de Minas,88.15,62.75,municipio,Base dos Dados / CNCA,25.400000000000006,True,,743,gold
2024,2209203,22,PI,Santa Filomena,62.47,34.92,municipio,Base dos Dados / CNCA,27.549999999999997,True,,743,gold
2024,2508307,25,PB,Lagoa Seca,46.71,68.72,municipio,Base dos Dados / CNCA,-22.009999999999998,False,,743,gold
2024,4309902,43,RS,Ibiraiaras,49.1,78.69,municipio,Base dos Dados / CNCA,-29.589999999999996,False,,743,gold
2024,4301701,43,RS,Barão de Cotegipe,75.9,80.0,municipio,Base dos Dados / CNCA,-4.099999999999994,False,,743,gold
2024,5217104,52,GO,Piracanjuba,71.69,69.9,municipio,Base dos Dados / CNCA,1.789999999999992,True,,743,gold
2024,5217609,52,GO,Planaltina,75.11,67.87,municipio,Base dos Dados / CNCA,7.239999999999995,True,,743,gold
2024,3157005,31,MG,Salinas,77.17,74.1,municipio,Base dos Dados / CNCA,3.0700000000000074,True,,743,gold
2024,2500908,25,PB,Arara,52.9,42.08,municipio,Base dos Dados / CNCA,10.82,True,,743,gold
2024,2104651,21,MA,Governador Newton Bello,78.08,70.87,municipio,Base dos Dados / CNCA,7.209999999999994,True,,743,gold
2024,3502507,35,SP,Aparecida,53.75,49.33,municipio,Base dos Dados / CNCA,4.420000000000002,True,,743,gold
2024,3148756,31,MG,Pedra Bonita,79.15,64.45,municipio,Base dos Dados / CNCA,14.700000000000003,True,,743,gold
2024,2613305,26,PE,São Joaquim do Monte,72.13,70.35,municipio,Base dos Dados / CNCA,1.7800000000000011,True,,743,gold
2024,5216007,52,GO,Panamá,84.18,76.04,municipio,Base dos Dados / CNCA,8.14,True,,743,gold
2024,1716505,17,TO,Pedro Afonso,56.7,57.52,municipio,Base dos Dados / CNCA,-0.8200000000000003,False,,743,gold
2024,5207907,52,GO,Flores de Goiás,65.41,68.9,municipio,Base dos Dados / CNCA,-3.490000000000009,False,,743,gold
2024,4103008,41,PR,Boa Esperança,92.95,80.0,municipio,Base dos Dados / CNCA,12.950000000000003,True,,743,gold
2024,5108808,51,MT,Nova Guarita,67.3,69.95,municipio,Base dos Dados / CNCA,-2.6500000000000057,False,,743,gold
2024,1716653,17,TO,Pequizeiro,61.79,41.97,municipio,Base dos Dados / CNCA,19.82,True,,743,gold
2024,3520426,35,SP,Ilha Comprida,67.6,56.64,municipio,Base dos Dados / CNCA,10.959999999999994,True,,743,gold
2024,3141801,31,MG,Minas Novas,78.82,71.72,municipio,Base dos Dados / CNCA,7.099999999999994,True,,743,gold
2024,3129905,31,MG,Ibitiúra de Minas,78.04,44.57,municipio,Base dos Dados / CNCA,33.470000000000006,True,,743,gold
2024,4312658,43,RS,Não-Me-Toque,59.6,68.38,municipio,Base dos Dados / CNCA,-8.779999999999994,False,,743,gold
2024,3138708,31,MG,Luminárias,97.5,69.32,municipio,Base dos Dados / CNCA,28.180000000000007,True,,743,gold
2024,3200805,32,ES,Baixo Guandu,74.59,70.62,municipio,Base dos Dados / CNCA,3.969999999999999,True,,743,gold
2024,3512001,35,SP,Colina,57.89,49.61,municipio,Base dos Dados / CNCA,8.280000000000001,True,,743,gold
2024,3101607,31,MG,Alfenas,73.41,62.52,municipio,Base dos Dados / CNCA,10.889999999999993,True,,743,gold
2024,2500502,25,PB,Alagoinha,53.1,61.06,municipio,Base dos Dados / CNCA,-7.960000000000001,False,,743,gold
2024,3510500,35,SP,Caraguatatuba,58.19,58.59,municipio,Base dos Dados / CNCA,-0.4000000000000057,False,,743,gold
2024,2200707,22,PI,Anísio de Abreu,57.02,51.99,municipio,Base dos Dados / CNCA,5.030000000000001,True,,743,gold
2024,3540002,35,SP,Pompéia,60.32,65.04,municipio,Base dos Dados / CNCA,-4.720000000000006,False,,743,gold
2024,5211909,52,GO,Jataí,69.92,66.63,municipio,Base dos Dados / CNCA,3.2900000000000063,True,,743,gold
2024,4321667,43,RS,Três Cachoeiras,53.6,80.0,municipio,Base dos Dados / CNCA,-26.4,False,,743,gold
2024,3503901,35,SP,Arujá,60.67,55.66,municipio,Base dos Dados / CNCA,5.010000000000005,True,,743,gold
2024,3556008,35,SP,Urupês,65.68,80.0,municipio,Base dos Dados / CNCA,-14.319999999999993,False,,743,gold
2024,4122701,41,PR,Sabáudia,78.98,80.0,municipio,Base dos Dados / CNCA,-1.019999999999996,False,,743,gold
2024,5108105,51,MT,Tesouro,52.38,59.2,uf_fallback,Base dos Dados / CNCA,-6.82,False,,743,gold
2024,2910206,29,BA,Dom Macedo Costa,52.38,80.0,municipio,Base dos Dados / CNCA,-27.619999999999997,False,,743,gold
2024,3124609,31,MG,Estrela Dalva,66.67,80.0,municipio,Base dos Dados / CNCA,-13.329999999999998,False,,743,gold
2024,5103858,51,MT,Gaúcha do Norte,59.6,50.68,municipio,Base dos Dados / CNCA,8.920000000000002,True,,743,gold
2024,2602506,26,PE,Brejinho,79.05,72.8,municipio,Base dos Dados / CNCA,6.25,True,,743,gold
2024,2505907,25,PB,Emas,38.1,67.81,municipio,Base dos Dados / CNCA,-29.71,False,,743,gold
2024,4312153,43,RS,Mato Leitão,62.1,80.0,municipio,Base dos Dados / CNCA,-17.9,False,,743,gold
2024,5107743,51,MT,Santa Cruz do Xingu,73.81,57.91,municipio,Base dos Dados / CNCA,15.900000000000006,True,,743,gold
2024,4213906,42,SC,Presidente Castello Branco,61.9,52.43,municipio,Base dos Dados / CNCA,9.469999999999999,True,,743,gold
2024,4110078,41,PR,Imbaú,70.26,73.19,municipio,Base dos Dados / CNCA,-2.9299999999999926,False,,743,gold
2024,4315008,43,RS,Porto Lucena,85.7,78.78,municipio,Base dos Dados / CNCA,6.920000000000002,True,,743,gold
2024,3140704,31,MG,Mateus Leme,75.26,60.63,municipio,Base dos Dados / CNCA,14.630000000000003,True,,743,gold
2024,3170503,31,MG,Urucânia,81.2,59.62,municipio,Base dos Dados / CNCA,21.580000000000005,True,,743,gold
2024,4304697,43,RS,Capitão,58.6,80.0,municipio,Base dos Dados / CNCA,-21.4,False,,743,gold
2024,3556503,35,SP,Várzea Paulista,53.24,53.85,municipio,Base dos Dados / CNCA,-0.6099999999999994,False,,743,gold
2024,3543808,35,SP,Rinópolis,63.16,56.6,uf_fallback,Base dos Dados / CNCA,6.559999999999995,True,,743,gold
2024,4115853,41,PR,Mercedes,93.06,80.0,municipio,Base dos Dados / CNCA,13.060000000000002,True,,743,gold
2024,3167806,31,MG,Soledade de Minas,88.35,74.19,municipio,Base dos Dados / CNCA,14.159999999999997,True,,743,gold
2024,3120706,31,MG,Cruzeiro da Fortaleza,80.92,65.32,municipio,Base dos Dados / CNCA,15.600000000000009,True,,743,gold
2024,4306734,43,RS,Doutor Maurício Cardoso,63.3,77.35,municipio,Base dos Dados / CNCA,-14.049999999999997,False,,743,gold
2024,1713304,17,TO,Miranorte,63.01,57.09,municipio,Base dos Dados / CNCA,5.919999999999995,True,,743,gold
2024,3154408,31,MG,Ressaquinha,82.0,59.64,municipio,Base dos Dados / CNCA,22.36,True,,743,gold
2024,4302006,43,RS,Barros Cassal,61.5,55.82,municipio,Base dos Dados / CNCA,5.68,True,,743,gold
2024,3524006,35,SP,Itupeva,48.94,50.55,municipio,Base dos Dados / CNCA,-1.6099999999999994,False,,743,gold
2024,3505500,35,SP,Barretos,58.42,63.04,municipio,Base dos Dados / CNCA,-4.619999999999997,False,,743,gold
2024,2606903,26,PE,Iguaraci,83.67,73.75,municipio,Base dos Dados / CNCA,9.920000000000002,True,,743,gold
2024,2106409,21,MA,Mata Roma,76.86,71.33,municipio,Base dos Dados / CNCA,5.530000000000001,True,,743,gold
2024,3522307,35,SP,Itapetininga,54.05,48.17,municipio,Base dos Dados / CNCA,5.8799999999999955,True,,743,gold
2024,3552205,35,SP,Sorocaba,54.67,53.15,municipio,Base dos Dados / CNCA,1.5200000000000031,True,,743,gold
2024,2207801,22,PI,Paulistana,50.47,50.71,municipio,Base dos Dados / CNCA,-0.240000000000002,False,,743,gold
2024,4113734,41,PR,Luiziana,86.61,80.0,municipio,Base dos Dados / CNCA,6.609999999999999,True,,743,gold
2024,5104104,51,MT,Guarantã do Norte,54.22,63.98,municipio,Base dos Dados / CNCA,-9.759999999999998,False,,743,gold
2024,3305901,33,RJ,Trajano de Moraes,79.23,77.65,municipio,Base dos Dados / CNCA,1.5799999999999983,True,,743,gold
2024,3544301,35,SP,Roseira,67.2,66.26,municipio,Base dos Dados / CNCA,0.9399999999999977,True,,743,gold
2024,4114203,41,PR,Mandaguari,81.53,80.0,municipio,Base dos Dados / CNCA,1.5300000000000011,True,,743,gold
2024,3130556,31,MG,Imbé de Minas,88.46,67.94,municipio,Base dos Dados / CNCA,20.519999999999996,True,,743,gold
2024,3522208,35,SP,Itapecerica da Serra,55.34,57.76,municipio,Base dos Dados / CNCA,-2.4199999999999946,False,,743,gold
2024,3111507,31,MG,Campos Altos,65.27,61.87,municipio,Base dos Dados / CNCA,3.3999999999999986,True,,743,gold
2024,2112852,21,MA,Vila Nova dos Martírios,74.55,80.0,municipio,Base dos Dados / CNCA,-5.450000000000003,False,,743,gold
2024,3111101,31,MG,Campina Verde,75.03,77.67,municipio,Base dos Dados / CNCA,-2.6400000000000006,False,,743,gold
2024,5105101,51,MT,Juara,59.61,57.76,municipio,Base dos Dados / CNCA,1.8500000000000014,True,,743,gold
2024,3544905,35,SP,Sales Oliveira,50.04,62.03,municipio,Base dos Dados / CNCA,-11.990000000000002,False,,743,gold
2024,3544103,35,SP,Rio Grande da Serra,61.8,38.67,municipio,Base dos Dados / CNCA,23.129999999999995,True,,743,gold
2024,3519501,35,SP,Ibirarema,71.85,80.0,municipio,Base dos Dados / CNCA,-8.150000000000006,False,,743,gold
2024,5108501,51,MT,Vera,52.77,41.54,municipio,Base dos Dados / CNCA,11.230000000000004,True,,743,gold
2024,4304309,43,RS,Cândido Godói,56.2,76.2,municipio,Base dos Dados / CNCA,-20.0,False,,743,gold
2024,4122172,41,PR,Rio Branco do Ivaí,73.84,71.38,municipio,Base dos Dados / CNCA,2.460000000000008,True,,743,gold
2024,3123809,31,MG,Engenheiro Navarro,76.22,50.36,municipio,Base dos Dados / CNCA,25.86,True,,743,gold
2024,3548708,35,SP,São Bernardo do Campo,54.16,59.62,municipio,Base dos Dados / CNCA,-5.460000000000001,False,,743,gold
2024,2515401,25,PB,São Vicente do Seridó,54.16,59.88,municipio,Base dos Dados / CNCA,-5.720000000000006,False,,743,gold
2024,3528908,35,SP,Mariápolis,48.4,57.49,municipio,Base dos Dados / CNCA,-9.090000000000003,False,,743,gold
2024,2412500,24,RN,São Miguel,44.85,46.13,municipio,Base dos Dados / CNCA,-1.2800000000000011,False,,743,gold
2024,4206702,42,SC,Herval d'Oeste,62.72,57.65,municipio,Base dos Dados / CNCA,5.07,True,,743,gold
2024,5107958,51,MT,Tangará da Serra,58.95,53.83,municipio,Base dos Dados / CNCA,5.1200000000000045,True,,743,gold
2024,2900306,29,BA,Acajutiba,59.14,26.77,municipio,Base dos Dados / CNCA,32.370000000000005,True,,743,gold
2024,3124906,31,MG,Eugenópolis,68.59,60.4,municipio,Base dos Dados / CNCA,8.190000000000005,True,,743,gold
2024,2929602,29,BA,Sapeaçu,64.52,60.68,municipio,Base dos Dados / CNCA,3.8399999999999963,True,,743,gold
2024,2111953,21,MA,Sucupira do Riachão,80.65,76.09,municipio,Base dos Dados / CNCA,4.560000000000002,True,,743,gold
2024,3534708,35,SP,Ourinhos,53.77,55.25,municipio,Base dos Dados / CNCA,-1.4799999999999969,False,,743,gold
2024,3544004,35,SP,Rio das Pedras,58.5,67.48,municipio,Base dos Dados / CNCA,-8.980000000000004,False,,743,gold
2024,2111573,21,MA,São Pedro dos Crentes,59.47,46.51,municipio,Base dos Dados / CNCA,12.96,True,,743,gold
2024,3203007,32,ES,Iúna,70.08,73.2,municipio,Base dos Dados / CNCA,-3.1200000000000045,False,,743,gold
2024,4308508,43,RS,Frederico Westphalen,64.1,65.99,municipio,Base dos Dados / CNCA,-1.8900000000000006,False,,743,gold
2024,3160702,31,MG,Santos Dumont,72.65,59.95,municipio,Base dos Dados / CNCA,12.700000000000003,True,,743,gold
2024,4120606,41,PR,Prudentópolis,82.91,80.0,municipio,Base dos Dados / CNCA,2.9099999999999966,True,,743,gold
2024,4201000,42,SC,Anita Garibaldi,78.85,68.32,municipio,Base dos Dados / CNCA,10.530000000000001,True,,743,gold
2024,4103800,41,PR,Cambira,83.63,80.0,municipio,Base dos Dados / CNCA,3.6299999999999955,True,,743,gold
2024,1712405,17,TO,Lizarda,19.44,48.57,municipio,Base dos Dados / CNCA,-29.13,False,,743,gold
2024,2400604,24,RN,Almino Afonso,41.2,17.02,municipio,Base dos Dados / CNCA,24.180000000000003,True,,743,gold
2024,3554102,35,SP,Taubaté,53.88,50.1,municipio,Base dos Dados / CNCA,3.780000000000001,True,,743,gold
2024,3127701,31,MG,Governador Valadares,69.38,56.68,municipio,Base dos Dados / CNCA,12.699999999999996,True,,743,gold
2024,3151503,31,MG,Piumhi,73.46,61.04,municipio,Base dos Dados / CNCA,12.419999999999995,True,,743,gold
2024,4102505,41,PR,Barbosa Ferraz,77.65,80.0,municipio,Base dos Dados / CNCA,-2.3499999999999943,False,,743,gold
2024,2511202,25,PB,Pedras de Fogo,48.58,43.85,municipio,Base dos Dados / CNCA,4.729999999999997,True,,743,gold
2024,4204707,42,SC,Cunha Porã,74.18,80.0,municipio,Base dos Dados / CNCA,-5.819999999999993,False,,743,gold
2024,3522505,35,SP,Itapevi,55.46,55.16,municipio,Base dos Dados / CNCA,0.30000000000000426,True,,743,gold
2024,3154101,31,MG,Recreio,61.02,73.4,municipio,Base dos Dados / CNCA,-12.380000000000003,False,,743,gold
2024,3152170,31,MG,Ponto dos Volantes,67.71,73.78,municipio,Base dos Dados / CNCA,-6.070000000000007,False,,743,gold
2024,3158607,31,MG,Santana do Deserto,80.09,61.92,municipio,Base dos Dados / CNCA,18.17,True,,743,gold
2024,3139409,31,MG,Manhuaçu,75.92,53.58,municipio,Base dos Dados / CNCA,22.340000000000003,True,,743,gold
2024,3137304,31,MG,Lagoa dos Patos,69.48,47.19,municipio,Base dos Dados / CNCA,22.290000000000006,True,,743,gold
2024,3520103,35,SP,Igarapava,55.6,52.47,municipio,Base dos Dados / CNCA,3.1300000000000026,True,,743,gold
2024,3513603,35,SP,Cunha,58.09,54.88,municipio,Base dos Dados / CNCA,3.210000000000001,True,,743,gold
2024,4212106,42,SC,Palmitos,64.28,61.82,municipio,Base dos Dados / CNCA,2.460000000000001,True,,743,gold
2024,4114351,41,PR,Manfrinópolis,70.91,80.0,municipio,Base dos Dados / CNCA,-9.090000000000003,False,,743,gold
2024,3135357,31,MG,Japonvar,71.16,75.72,municipio,Base dos Dados / CNCA,-4.560000000000002,False,,743,gold
2024,3150703,31,MG,Pirajuba,76.8,66.13,municipio,Base dos Dados / CNCA,10.670000000000002,True,,743,gold
2024,4200309,42,SC,Agronômica,70.41,64.5,uf_fallback,Base dos Dados / CNCA,5.909999999999997,True,,743,gold
2024,3100609,31,MG,Água Boa,78.2,63.2,uf_fallback,Base dos Dados / CNCA,15.0,True,,743,gold
2024,3509205,35,SP,Cajamar,53.17,55.71,municipio,Base dos Dados / CNCA,-2.539999999999999,False,,743,gold
2024,3116100,31,MG,Chapada do Norte,66.15,47.26,municipio,Base dos Dados / CNCA,18.890000000000008,True,,743,gold
2024,4110508,41,PR,Ipiranga,82.28,80.0,municipio,Base dos Dados / CNCA,2.280000000000001,True,,743,gold
2024,4208906,42,SC,Jaraguá do Sul,72.53,73.91,municipio,Base dos Dados / CNCA,-1.3799999999999955,False,,743,gold
2024,3148103,31,MG,Patrocínio,71.67,64.83,municipio,Base dos Dados / CNCA,6.840000000000003,True,,743,gold
2024,4214003,42,SC,Presidente Getúlio,58.58,65.13,municipio,Base dos Dados / CNCA,-6.549999999999997,False,,743,gold
2024,3119104,31,MG,Corinto,85.75,46.3,municipio,Base dos Dados / CNCA,39.45,True,,743,gold
2024,2504009,25,PB,Campina Grande,48.79,48.39,municipio,Base dos Dados / CNCA,0.3999999999999986,True,,743,gold
2024,4320206,43,RS,Seberi,65.2,80.0,municipio,Base dos Dados / CNCA,-14.799999999999997,False,,743,gold
2024,3202652,32,ES,Irupi,81.49,69.44,municipio,Base dos Dados / CNCA,12.049999999999997,True,,743,gold
2024,4304903,43,RS,Casca,77.3,80.0,municipio,Base dos Dados / CNCA,-2.700000000000003,False,,743,gold
2024,3504909,35,SP,Bananal,58.62,53.04,municipio,Base dos Dados / CNCA,5.579999999999998,True,,743,gold
2024,5108402,51,MT,Várzea Grande,60.26,53.18,municipio,Base dos Dados / CNCA,7.079999999999998,True,,743,gold
2024,3168804,31,MG,Tiradentes,68.34,65.18,municipio,Base dos Dados / CNCA,3.1599999999999966,True,,743,gold
2024,4210506,42,SC,Maravilha,75.87,80.0,municipio,Base dos Dados / CNCA,-4.1299999999999955,False,,743,gold
2024,5005251,50,MS,Laguna Carapã,77.47,80.0,municipio,Base dos Dados / CNCA,-2.530000000000001,False,,743,gold
2024,4125357,41,PR,São Jorge do Patrocínio,90.23,75.2,municipio,Base dos Dados / CNCA,15.030000000000001,True,,743,gold
2024,2508109,25,PB,Lagoa,59.38,32.22,municipio,Base dos Dados / CNCA,27.160000000000004,True,,743,gold
2024,3505609,35,SP,Barrinha,51.43,59.52,municipio,Base dos Dados / CNCA,-8.090000000000003,False,,743,gold
2024,3506102,35,SP,Bebedouro,55.75,53.82,municipio,Base dos Dados / CNCA,1.9299999999999997,True,,743,gold
2024,3130051,31,MG,Icaraí de Minas,75.59,58.3,municipio,Base dos Dados / CNCA,17.290000000000006,True,,743,gold
2024,1720499,17,TO,São Valério,46.24,67.92,municipio,Base dos Dados / CNCA,-21.68,False,,743,gold
2024,4115408,41,PR,Marmeleiro,85.08,78.57,municipio,Base dos Dados / CNCA,6.510000000000005,True,,743,gold
2024,4106506,41,PR,Coronel Vivida,74.6,80.0,municipio,Base dos Dados / CNCA,-5.400000000000006,False,,743,gold
2024,5106752,51,MT,Pontes e Lacerda,66.49,69.94,municipio,Base dos Dados / CNCA,-3.450000000000003,False,,743,gold
2024,5201108,52,GO,Anápolis,73.22,73.43,municipio,Base dos Dados / CNCA,-0.21000000000000796,False,,743,gold
2024,4108403,41,PR,Francisco Beltrão,76.41,79.72,municipio,Base dos Dados / CNCA,-3.3100000000000023,False,,743,gold
2024,4115200,41,PR,Maringá,78.37,80.0,municipio,Base dos Dados / CNCA,-1.6299999999999955,False,,743,gold
2024,2402907,24,RN,Coronel João Pessoa,47.83,31.08,municipio,Base dos Dados / CNCA,16.75,True,,743,gold
2024,3538907,35,SP,Pirajuí,46.03,57.88,municipio,Base dos Dados / CNCA,-11.850000000000001,False,,743,gold
2024,3534906,35,SP,Pacaembu,53.27,67.13,municipio,Base dos Dados / CNCA,-13.859999999999992,False,,743,gold
2024,3134905,31,MG,Jacutinga,79.14,63.18,municipio,Base dos Dados / CNCA,15.96,True,,743,gold
2024,4300570,43,RS,Alto Feliz,58.3,73.84,municipio,Base dos Dados / CNCA,-15.540000000000006,False,,743,gold
2024,2400109,24,RN,Acari,38.21,49.84,municipio,Base dos Dados / CNCA,-11.630000000000003,False,,743,gold
2024,2507903,25,PB,Juripiranga,45.74,55.28,municipio,Base dos Dados / CNCA,-9.54,False,,743,gold
2024,2516300,25,PB,Sumé,64.53,40.1,municipio,Base dos Dados / CNCA,24.43,True,,743,gold
2024,2105450,21,MA,Jatobá,68.34,73.93,municipio,Base dos Dados / CNCA,-5.590000000000003,False,,743,gold
2024,4204905,42,SC,Descanso,64.35,80.0,municipio,Base dos Dados / CNCA,-15.650000000000006,False,,743,gold
2024,4215679,42,SC,Santa Terezinha,73.52,80.0,municipio,Base dos Dados / CNCA,-6.480000000000004,False,,743,gold
2024,2502508,25,PB,Boqueirão,37.65,44.48,municipio,Base dos Dados / CNCA,-6.829999999999998,False,,743,gold
2024,3529203,35,SP,Martinópolis,63.56,57.49,municipio,Base dos Dados / CNCA,6.07,True,,743,gold
2024,4103453,41,PR,Cafelândia,78.14,80.0,municipio,Base dos Dados / CNCA,-1.8599999999999994,False,,743,gold
2024,3123007,31,MG,Dores de Campos,76.43,58.87,municipio,Base dos Dados / CNCA,17.56000000000001,True,,743,gold
2024,3554706,35,SP,Torrinha,66.43,56.6,uf_fallback,Base dos Dados / CNCA,9.830000000000005,True,,743,gold
2024,4117222,41,PR,Nova Santa Rosa,72.16,78.12,municipio,Base dos Dados / CNCA,-5.960000000000008,False,,743,gold
2024,3548500,35,SP,Santos,52.81,59.92,municipio,Base dos Dados / CNCA,-7.109999999999999,False,,743,gold
2024,5100409,51,MT,Alto Garças,52.91,46.93,municipio,Base dos Dados / CNCA,5.979999999999997,True,,743,gold
2024,3152131,31,MG,Ponto Chique,76.36,64.41,municipio,Base dos Dados / CNCA,11.950000000000003,True,,743,gold
2024,3143302,31,MG,Montes Claros,74.71,64.62,municipio,Base dos Dados / CNCA,10.08999999999999,True,,743,gold
2024,3203502,32,ES,Montanha,80.21,65.84,municipio,Base dos Dados / CNCA,14.36999999999999,True,,743,gold
2024,3546256,35,SP,Santa Cruz da Esperança,42.56,51.45,municipio,Base dos Dados / CNCA,-8.89,False,,743,gold
2024,3202801,32,ES,Itapemirim,75.32,64.07,municipio,Base dos Dados / CNCA,11.25,True,,743,gold
2024,3138674,31,MG,Luisburgo,87.7,80.0,municipio,Base dos Dados / CNCA,7.700000000000003,True,,743,gold
2024,4314001,43,RS,Paraí,64.8,80.0,municipio,Base dos Dados / CNCA,-15.200000000000003,False,,743,gold
2024,3114204,31,MG,Carmo do Cajuru,72.37,69.28,municipio,Base dos Dados / CNCA,3.0900000000000034,True,,743,gold
2024,3551702,35,SP,Sertãozinho,54.16,58.07,municipio,Base dos Dados / CNCA,-3.9100000000000037,False,,743,gold
2024,3153509,31,MG,Alto Jequitibá,78.73,55.63,municipio,Base dos Dados / CNCA,23.1,True,,743,gold
2024,3117504,31,MG,Conceição do Mato Dentro,79.7,62.26,municipio,Base dos Dados / CNCA,17.440000000000005,True,,743,gold
2024,3158201,31,MG,Santa Maria do Suaçuí,83.52,64.62,municipio,Base dos Dados / CNCA,18.89999999999999,True,,743,gold
2024,4124053,41,PR,Santa Terezinha de Itaipu,79.46,80.0,municipio,Base dos Dados / CNCA,-0.5400000000000063,False,,743,gold
2024,3511607,35,SP,Cesário Lange,51.32,59.73,municipio,Base dos Dados / CNCA,-8.409999999999997,False,,743,gold
2024,2203305,22,PI,Demerval Lobão,73.33,71.72,municipio,Base dos Dados / CNCA,1.6099999999999994,True,,743,gold
2024,4218509,42,SC,Treze Tílias,71.92,75.2,municipio,Base dos Dados / CNCA,-3.280000000000001,False,,743,gold
2024,4119103,41,PR,Piên,83.34,80.0,municipio,Base dos Dados / CNCA,3.3400000000000034,True,,743,gold
2024,2401800,24,RN,Brejinho,52.24,43.8,uf_fallback,Base dos Dados / CNCA,8.440000000000005,True,,743,gold
2024,3113909,31,MG,Carmo da Cachoeira,78.88,75.21,municipio,Base dos Dados / CNCA,3.6700000000000017,True,,743,gold
2024,2616183,26,PE,Vertente do Lério,82.94,80.0,municipio,Base dos Dados / CNCA,2.9399999999999977,True,,743,gold
2024,4206108,42,SC,Grão Pará,70.75,67.57,municipio,Base dos Dados / CNCA,3.180000000000007,True,,743,gold
2024,3556800,35,SP,Viradouro,60.23,66.25,municipio,Base dos Dados / CNCA,-6.020000000000003,False,,743,gold
2024,3521101,35,SP,Ipeúna,62.62,49.81,municipio,Base dos Dados / CNCA,12.809999999999995,True,,743,gold
2024,3151701,31,MG,Poço Fundo,70.92,80.0,municipio,Base dos Dados / CNCA,-9.079999999999998,False,,743,gold
2024,4210308,42,SC,Major Vieira,74.01,70.82,municipio,Base dos Dados / CNCA,3.190000000000012,True,,743,gold
2024,3504701,35,SP,Balbinos,100.0,80.0,municipio,Base dos Dados / CNCA,20.0,True,,743,gold
2024,5101209,51,MT,Araguainha,100.0,29.4,municipio,Base dos Dados / CNCA,70.6,True,,743,gold
2024,2411106,24,RN,Ruy Barbosa,35.0,61.84,municipio,Base dos Dados / CNCA,-26.840000000000003,False,,743,gold
2024,2407906,24,RN,Monte das Gameleiras,32.92,40.25,municipio,Base dos Dados / CNCA,-7.329999999999998,False,,743,gold
2024,2501575,25,PB,Barra de Santana,49.18,35.21,municipio,Base dos Dados / CNCA,13.969999999999999,True,,743,gold
2024,2503407,25,PB,Cacimba de Areia,52.5,66.53,municipio,Base dos Dados / CNCA,-14.030000000000001,False,,743,gold
2024,2202505,22,PI,Caracol,49.31,64.12,municipio,Base dos Dados / CNCA,-14.810000000000002,False,,743,gold
2024,3160454,31,MG,Santo Antônio do Retiro,65.69,78.39,municipio,Base dos Dados / CNCA,-12.700000000000003,False,,743,gold
2024,4302659,43,RS,Brochier,56.7,67.29,municipio,Base dos Dados / CNCA,-10.590000000000003,False,,743,gold
2024,2205805,22,PI,Luzilândia,54.9,56.4,municipio,Base dos Dados / CNCA,-1.5,False,,743,gold
2024,5209804,52,GO,Hidrolina,72.5,70.15,municipio,Base dos Dados / CNCA,2.3499999999999943,True,,743,gold
2024,4308433,43,RS,Forquetinha,55.2,63.97,municipio,Base dos Dados / CNCA,-8.769999999999996,False,,743,gold
2024,4321626,43,RS,Travesseiro,67.8,80.0,municipio,Base dos Dados / CNCA,-12.200000000000003,False,,743,gold
2024,3105202,31,MG,Bandeira,77.5,65.57,municipio,Base dos Dados / CNCA,11.930000000000007,True,,743,gold
2024,4306320,43,RS,Derrubadas,80.0,54.69,municipio,Base dos Dados / CNCA,25.310000000000002,True,,743,gold
2024,3153806,31,MG,Queluzito,95.0,64.59,municipio,Base dos Dados / CNCA,30.409999999999997,True,,743,gold
2024,2605400,26,PE,Feira Nova,83.27,80.0,municipio,Base dos Dados / CNCA,3.269999999999996,True,,743,gold
2024,3204658,32,ES,São Domingos do Norte,84.74,80.0,municipio,Base dos Dados / CNCA,4.739999999999995,True,,743,gold
2024,1701309,17,TO,Aragominas,52.57,31.83,municipio,Base dos Dados / CNCA,20.740000000000002,True,,743,gold
2024,5220504,52,GO,Serranópolis,66.65,58.7,municipio,Base dos Dados / CNCA,7.950000000000003,True,,743,gold
2024,3132404,31,MG,Itajubá,79.1,63.11,municipio,Base dos Dados / CNCA,15.989999999999995,True,,743,gold
2024,4306007,43,RS,Crissiumal,57.4,74.23,municipio,Base dos Dados / CNCA,-16.830000000000005,False,,743,gold
2024,1716703,17,TO,Colméia,60.62,53.62,municipio,Base dos Dados / CNCA,7.0,True,,743,gold
2024,3535507,35,SP,Paraguaçu Paulista,56.93,53.39,municipio,Base dos Dados / CNCA,3.539999999999999,True,,743,gold
2024,5203203,52,GO,Barro Alto,77.88,80.0,municipio,Base dos Dados / CNCA,-2.1200000000000045,False,,743,gold
2024,3143906,31,MG,Muriaé,75.48,62.06,municipio,Base dos Dados / CNCA,13.420000000000002,True,,743,gold
2024,2616100,26,PE,Verdejante,68.84,57.8,municipio,Base dos Dados / CNCA,11.040000000000006,True,,743,gold
2024,3119807,31,MG,Córrego Danta,75.27,80.0,municipio,Base dos Dados / CNCA,-4.730000000000004,False,,743,gold
2024,3522406,35,SP,Itapeva,56.2,57.76,municipio,Base dos Dados / CNCA,-1.5599999999999952,False,,743,gold
2024,5107040,51,MT,Primavera do Leste,57.79,54.21,municipio,Base dos Dados / CNCA,3.5799999999999983,True,,743,gold
2024,4111605,41,PR,Ivatuba,86.72,78.99,municipio,Base dos Dados / CNCA,7.730000000000004,True,,743,gold
2024,5215603,52,GO,Padre Bernardo,69.56,61.84,municipio,Base dos Dados / CNCA,7.719999999999999,True,,743,gold
2024,3104452,31,MG,Aricanduva,86.66,60.38,municipio,Base dos Dados / CNCA,26.279999999999994,True,,743,gold
2024,3203346,32,ES,Marechal Floriano,86.57,78.47,municipio,Base dos Dados / CNCA,8.099999999999994,True,,743,gold
2024,2507309,25,PB,Jacaraú,51.18,41.56,municipio,Base dos Dados / CNCA,9.619999999999997,True,,743,gold
2024,3126000,31,MG,Florestal,85.73,60.94,municipio,Base dos Dados / CNCA,24.790000000000006,True,,743,gold
2024,4107546,41,PR,Espigão Alto do Iguaçu,81.78,73.21,municipio,Base dos Dados / CNCA,8.570000000000007,True,,743,gold
2024,3540200,35,SP,Pontal,64.47,63.34,municipio,Base dos Dados / CNCA,1.1299999999999955,True,,743,gold
2024,3545407,35,SP,Salto Grande,44.94,63.49,municipio,Base dos Dados / CNCA,-18.550000000000004,False,,743,gold
2024,4116307,41,PR,Munhoz de Melo,80.0,57.66,municipio,Base dos Dados / CNCA,22.340000000000003,True,,743,gold
2024,3504008,35,SP,Assis,54.85,49.23,municipio,Base dos Dados / CNCA,5.6200000000000045,True,,743,gold
2024,2208601,22,PI,Prata do Piauí,47.93,20.78,municipio,Base dos Dados / CNCA,27.15,True,,743,gold
2024,3554805,35,SP,Tremembé,54.73,48.77,municipio,Base dos Dados / CNCA,5.959999999999994,True,,743,gold
2024,3533254,35,SP,Novais,63.99,70.41,municipio,Base dos Dados / CNCA,-6.419999999999995,False,,743,gold
2024,3130101,31,MG,Igarapé,73.84,56.52,municipio,Base dos Dados / CNCA,17.32,True,,743,gold
2024,3131901,31,MG,Itabirito,80.39,63.29,municipio,Base dos Dados / CNCA,17.1,True,,743,gold
2024,4107751,41,PR,Figueira,77.82,80.0,municipio,Base dos Dados / CNCA,-2.180000000000007,False,,743,gold
2024,5212105,52,GO,Joviânia,67.17,61.57,municipio,Base dos Dados / CNCA,5.600000000000001,True,,743,gold
2024,3112406,31,MG,Capetinga,79.03,63.2,uf_fallback,Base dos Dados / CNCA,15.829999999999998,True,,743,gold
2024,3166501,31,MG,Serra Azul de Minas,73.55,63.2,uf_fallback,Base dos Dados / CNCA,10.349999999999994,True,,743,gold
2024,2201606,22,PI,Beneditinos,68.49,77.94,municipio,Base dos Dados / CNCA,-9.450000000000003,False,,743,gold
2024,4205506,42,SC,Fraiburgo,77.47,68.73,municipio,Base dos Dados / CNCA,8.739999999999995,True,,743,gold
2024,5210109,52,GO,Ipameri,74.13,66.71,municipio,Base dos Dados / CNCA,7.420000000000002,True,,743,gold
2024,5206305,52,GO,Cristianópolis,82.2,80.0,municipio,Base dos Dados / CNCA,2.200000000000003,True,,743,gold
2024,3133105,31,MG,Itanhandu,79.94,80.0,municipio,Base dos Dados / CNCA,-0.060000000000002274,False,,743,gold
2024,3164308,31,MG,São Roque de Minas,77.02,72.56,municipio,Base dos Dados / CNCA,4.459999999999994,True,,743,gold
2024,4209003,42,SC,Joaçaba,72.15,62.61,municipio,Base dos Dados / CNCA,9.540000000000006,True,,743,gold
2024,3520301,35,SP,Iguape,62.11,60.97,municipio,Base dos Dados / CNCA,1.1400000000000006,True,,743,gold
2024,2104099,21,MA,Formosa da Serra Negra,84.29,80.0,municipio,Base dos Dados / CNCA,4.290000000000006,True,,743,gold
2024,1716208,17,TO,Paranã,68.45,48.28,municipio,Base dos Dados / CNCA,20.17,True,,743,gold
2024,4216107,42,SC,São Domingos,78.82,78.68,municipio,Base dos Dados / CNCA,0.13999999999998636,True,,743,gold
2024,2702108,27,AL,Colônia Leopoldina,73.25,80.0,municipio,Base dos Dados / CNCA,-6.75,False,,743,gold
2024,5204102,52,GO,Cachoeira Alta,78.35,74.25,municipio,Base dos Dados / CNCA,4.099999999999994,True,,743,gold
2024,3557204,35,SP,Chavantes,51.58,44.52,municipio,Base dos Dados / CNCA,7.059999999999995,True,,743,gold
2024,3549805,35,SP,São José do Rio Preto,56.85,56.68,municipio,Base dos Dados / CNCA,0.1700000000000017,True,,743,gold
2024,5209150,52,GO,Gouvelândia,81.36,46.07,municipio,Base dos Dados / CNCA,35.29,True,,743,gold
2024,2511608,25,PB,Pilões,61.18,47.82,municipio,Base dos Dados / CNCA,13.36,True,,743,gold
2024,4101408,41,PR,Apucarana,78.78,80.0,municipio,Base dos Dados / CNCA,-1.2199999999999989,False,,743,gold
2024,3134608,31,MG,Jaboticatubas,75.36,71.06,municipio,Base dos Dados / CNCA,4.299999999999997,True,,743,gold
2024,4212205,42,SC,Papanduva,69.31,72.03,municipio,Base dos Dados / CNCA,-2.719999999999999,False,,743,gold
2024,3509254,35,SP,Cajati,57.52,62.43,municipio,Base dos Dados / CNCA,-4.909999999999997,False,,743,gold
2024,5004700,50,MS,Ivinhema,68.78,64.82,municipio,Base dos Dados / CNCA,3.960000000000008,True,,743,gold
2024,4313391,43,RS,Novo Cabrais,77.0,80.0,municipio,Base dos Dados / CNCA,-3.0,False,,743,gold
2024,3526100,35,SP,Juquiá,55.18,59.04,municipio,Base dos Dados / CNCA,-3.8599999999999994,False,,743,gold
2024,3532827,35,SP,Nova Campina,61.55,50.74,municipio,Base dos Dados / CNCA,10.809999999999995,True,,743,gold
2024,3163607,31,MG,São José do Mantimento,87.17,53.01,municipio,Base dos Dados / CNCA,34.160000000000004,True,,743,gold
2024,5107776,51,MT,Santa Terezinha,40.74,46.1,municipio,Base dos Dados / CNCA,-5.359999999999999,False,,743,gold
2024,3506805,35,SP,Bocaina,49.59,39.68,municipio,Base dos Dados / CNCA,9.910000000000004,True,,743,gold
2024,4321857,43,RS,Três Palmeiras,64.6,80.0,municipio,Base dos Dados / CNCA,-15.400000000000006,False,,743,gold
2024,3513108,35,SP,Cravinhos,59.0,47.95,municipio,Base dos Dados / CNCA,11.049999999999997,True,,743,gold
2024,3205036,32,ES,Vargem Alta,72.05,72.36,municipio,Base dos Dados / CNCA,-0.3100000000000023,False,,743,gold
2024,4104451,41,PR,Cantagalo,71.81,68.01,municipio,Base dos Dados / CNCA,3.799999999999997,True,,743,gold
2024,3146206,31,MG,Ouro Verde de Minas,78.41,55.99,municipio,Base dos Dados / CNCA,22.419999999999995,True,,743,gold
2024,3541703,35,SP,Quatá,68.43,68.48,municipio,Base dos Dados / CNCA,-0.04999999999999716,False,,743,gold
2024,3137809,31,MG,Lambari,70.13,68.05,municipio,Base dos Dados / CNCA,2.0799999999999983,True,,743,gold
2024,3120805,31,MG,Cruzília,76.02,80.0,municipio,Base dos Dados / CNCA,-3.980000000000004,False,,743,gold
2024,2701100,27,AL,Branquinha,79.89,76.97,municipio,Base dos Dados / CNCA,2.9200000000000017,True,,743,gold
2024,5215009,52,GO,Nova Veneza,76.22,80.0,municipio,Base dos Dados / CNCA,-3.780000000000001,False,,743,gold
2024,4205175,42,SC,Entre Rios,65.16,64.5,uf_fallback,Base dos Dados / CNCA,0.6599999999999966,True,,743,gold
2024,3108404,31,MG,Botelhos,84.86,67.86,municipio,Base dos Dados / CNCA,17.0,True,,743,gold
2024,2408607,24,RN,Paraná,27.59,43.8,uf_fallback,Base dos Dados / CNCA,-16.209999999999997,False,,743,gold
2024,3512506,35,SP,Coroados,72.95,71.12,municipio,Base dos Dados / CNCA,1.8299999999999983,True,,743,gold
2024,5210604,52,GO,Itaguaru,89.89,80.0,municipio,Base dos Dados / CNCA,9.89,True,,743,gold
2024,5101407,51,MT,Aripuanã,61.83,63.44,municipio,Base dos Dados / CNCA,-1.6099999999999994,False,,743,gold
2024,2103406,21,MA,Coelho Neto,76.13,63.75,municipio,Base dos Dados / CNCA,12.379999999999995,True,,743,gold
2024,5107602,51,MT,Rondonópolis,60.49,57.26,municipio,Base dos Dados / CNCA,3.230000000000004,True,,743,gold
2024,3200508,32,ES,Apiacá,62.88,61.98,municipio,Base dos Dados / CNCA,0.9000000000000057,True,,743,gold
2024,3548054,35,SP,Santo Antônio do Aracanguá,62.22,55.06,municipio,Base dos Dados / CNCA,7.159999999999997,True,,743,gold
2024,3536109,35,SP,Pardinho,56.51,61.43,municipio,Base dos Dados / CNCA,-4.920000000000002,False,,743,gold
2024,3165537,31,MG,Sarzedo,82.39,80.0,municipio,Base dos Dados / CNCA,2.3900000000000006,True,,743,gold
2024,3137700,31,MG,Lajinha,69.27,73.28,municipio,Base dos Dados / CNCA,-4.010000000000005,False,,743,gold
2024,4113908,41,PR,Mallet,87.79,80.0,municipio,Base dos Dados / CNCA,7.790000000000006,True,,743,gold
2024,4218806,42,SC,Turvo,72.95,62.69,municipio,Base dos Dados / CNCA,10.260000000000005,True,,743,gold
2024,3113503,31,MG,Carbonita,70.78,67.08,municipio,Base dos Dados / CNCA,3.700000000000003,True,,743,gold
2024,3170651,31,MG,Vargem Grande do Rio Pardo,89.89,64.67,municipio,Base dos Dados / CNCA,25.22,True,,743,gold
2024,3504305,35,SP,Avaí,65.24,59.41,municipio,Base dos Dados / CNCA,5.829999999999998,True,,743,gold
2024,2918902,29,BA,Lajedão,48.28,61.97,municipio,Base dos Dados / CNCA,-13.689999999999998,False,,743,gold
2024,5205109,52,GO,Catalão,76.88,67.35,municipio,Base dos Dados / CNCA,9.530000000000001,True,,743,gold
2024,2602407,26,PE,Brejão,86.18,69.12,municipio,Base dos Dados / CNCA,17.060000000000002,True,,743,gold
2024,4115002,41,PR,Marilena,75.36,80.0,municipio,Base dos Dados / CNCA,-4.640000000000001,False,,743,gold
2024,3122702,31,MG,Dom Silvério,92.48,68.96,municipio,Base dos Dados / CNCA,23.52000000000001,True,,743,gold
2024,2614402,26,PE,Solidão,93.99,75.45,municipio,Base dos Dados / CNCA,18.539999999999992,True,,743,gold
2024,4306056,43,RS,Cristal,61.2,68.53,municipio,Base dos Dados / CNCA,-7.329999999999998,False,,743,gold
2024,4110201,41,PR,Inácio Martins,70.03,74.45,municipio,Base dos Dados / CNCA,-4.420000000000002,False,,743,gold
2024,3169307,31,MG,Três Corações,70.26,55.52,municipio,Base dos Dados / CNCA,14.740000000000002,True,,743,gold
2024,3145877,31,MG,Orizânia,75.97,65.59,municipio,Base dos Dados / CNCA,10.379999999999995,True,,743,gold
2024,3119302,31,MG,Coromandel,78.77,47.93,municipio,Base dos Dados / CNCA,30.839999999999996,True,,743,gold
2024,5215306,52,GO,Orizona,77.75,80.0,municipio,Base dos Dados / CNCA,-2.25,False,,743,gold
2024,3144805,31,MG,Nova Lima,79.6,60.62,municipio,Base dos Dados / CNCA,18.979999999999997,True,,743,gold
2024,3125705,31,MG,Felixlândia,75.1,56.65,municipio,Base dos Dados / CNCA,18.449999999999996,True,,743,gold
2024,3527306,35,SP,Louveira,58.25,58.84,municipio,Base dos Dados / CNCA,-0.5900000000000034,False,,743,gold
2024,3525854,35,SP,Jumirim,50.81,76.93,municipio,Base dos Dados / CNCA,-26.120000000000005,False,,743,gold
2024,4124509,41,PR,Santo Inácio,80.07,80.0,municipio,Base dos Dados / CNCA,0.06999999999999318,True,,743,gold
2024,3116704,31,MG,Coimbra,83.5,77.38,municipio,Base dos Dados / CNCA,6.1200000000000045,True,,743,gold
2024,4127205,41,PR,Terra Boa,89.1,80.0,municipio,Base dos Dados / CNCA,9.099999999999994,True,,743,gold
2024,5106000,51,MT,Nortelândia,65.5,52.79,municipio,Base dos Dados / CNCA,12.71,True,,743,gold
2024,3203130,32,ES,João Neiva,77.28,73.12,municipio,Base dos Dados / CNCA,4.159999999999997,True,,743,gold
2024,2501302,25,PB,Aroeiras,44.46,69.89,municipio,Base dos Dados / CNCA,-25.43,False,,743,gold
2024,1712157,17,TO,Lavandeira,58.81,70.95,municipio,Base dos Dados / CNCA,-12.14,False,,743,gold
2024,3512209,35,SP,Conchal,55.54,58.29,municipio,Base dos Dados / CNCA,-2.75,False,,743,gold
2024,2921807,29,BA,Mortugaba,60.0,70.74,municipio,Base dos Dados / CNCA,-10.739999999999995,False,,743,gold
2024,3139003,31,MG,Machado,89.31,63.26,municipio,Base dos Dados / CNCA,26.050000000000004,True,,743,gold
2024,3525805,35,SP,Júlio Mesquita,55.26,68.91,municipio,Base dos Dados / CNCA,-13.649999999999999,False,,743,gold
2024,4216909,42,SC,São Lourenço do Oeste,71.25,72.76,municipio,Base dos Dados / CNCA,-1.5100000000000051,False,,743,gold
2024,3553104,35,SP,Taiaçu,38.71,69.26,municipio,Base dos Dados / CNCA,-30.550000000000004,False,,743,gold
2024,3202603,32,ES,Iconha,75.87,76.89,municipio,Base dos Dados / CNCA,-1.019999999999996,False,,743,gold
2024,3150539,31,MG,Pingo-d'Água,81.43,41.49,municipio,Base dos Dados / CNCA,39.940000000000005,True,,743,gold
2024,3170529,31,MG,Urucuia,67.15,60.76,municipio,Base dos Dados / CNCA,6.390000000000008,True,,743,gold
2024,2610509,26,PE,Passira,76.23,75.67,municipio,Base dos Dados / CNCA,0.5600000000000023,True,,743,gold
2024,4316006,43,RS,Rolante,66.5,80.0,municipio,Base dos Dados / CNCA,-13.5,False,,743,gold
2024,5107404,51,MT,São Pedro da Cipa,76.26,74.0,municipio,Base dos Dados / CNCA,2.260000000000005,True,,743,gold
2024,4203808,42,SC,Canoinhas,77.81,74.87,municipio,Base dos Dados / CNCA,2.9399999999999977,True,,743,gold
2024,4107207,41,PR,Dois Vizinhos,82.56,80.0,municipio,Base dos Dados / CNCA,2.5600000000000023,True,,743,gold
2024,3123502,31,MG,Douradoquara,78.95,63.2,uf_fallback,Base dos Dados / CNCA,15.75,True,,743,gold
2024,2204709,22,PI,Inhuma,67.52,59.47,municipio,Base dos Dados / CNCA,8.049999999999997,True,,743,gold
2024,3108602,31,MG,Brasília de Minas,76.3,75.81,municipio,Base dos Dados / CNCA,0.4899999999999949,True,,743,gold
2024,4122909,41,PR,Salto do Itararé,73.64,67.05,municipio,Base dos Dados / CNCA,6.590000000000003,True,,743,gold
2024,3137106,31,MG,Lagamar,56.25,80.0,municipio,Base dos Dados / CNCA,-23.75,False,,743,gold
2024,4211256,42,SC,Morro Grande,73.57,72.78,municipio,Base dos Dados / CNCA,0.789999999999992,True,,743,gold
2024,3106002,31,MG,Bela Vista de Minas,73.01,66.46,municipio,Base dos Dados / CNCA,6.550000000000011,True,,743,gold
2024,2500734,25,PB,Amparo,41.89,80.0,municipio,Base dos Dados / CNCA,-38.11,False,,743,gold
2024,3556701,35,SP,Vinhedo,56.12,56.12,municipio,Base dos Dados / CNCA,0.0,True,,743,gold
2024,4210001,42,SC,Luiz Alves,61.55,80.0,municipio,Base dos Dados / CNCA,-18.450000000000003,False,,743,gold
2024,4205159,42,SC,Doutor Pedrinho,79.1,64.5,uf_fallback,Base dos Dados / CNCA,14.599999999999994,True,,743,gold
2024,5100508,51,MT,Alto Paraguai,52.43,69.57,municipio,Base dos Dados / CNCA,-17.139999999999993,False,,743,gold
2024,3543907,35,SP,Rio Claro,54.59,55.16,municipio,Base dos Dados / CNCA,-0.5699999999999932,False,,743,gold
2024,3546306,35,SP,Santa Cruz das Palmeiras,59.69,54.47,municipio,Base dos Dados / CNCA,5.219999999999999,True,,743,gold
2024,4200200,42,SC,Agrolândia,76.03,80.0,municipio,Base dos Dados / CNCA,-3.969999999999999,False,,743,gold
2024,5214408,52,GO,Nazário,83.94,79.15,municipio,Base dos Dados / CNCA,4.789999999999992,True,,743,gold
2024,2601300,26,PE,Barra de Guabiraba,86.54,80.0,municipio,Base dos Dados / CNCA,6.540000000000006,True,,743,gold
2024,3546603,35,SP,Santa Fé do Sul,54.03,62.66,municipio,Base dos Dados / CNCA,-8.629999999999995,False,,743,gold
2024,3205309,32,ES,Vitória,73.2,68.18,municipio,Base dos Dados / CNCA,5.019999999999996,True,,743,gold
2024,2603405,26,PE,Calumbi,86.03,75.27,municipio,Base dos Dados / CNCA,10.760000000000005,True,,743,gold
2024,3164209,31,MG,São Romão,77.76,55.73,municipio,Base dos Dados / CNCA,22.03000000000001,True,,743,gold
2024,5203500,52,GO,Bom Jesus de Goiás,81.51,76.39,municipio,Base dos Dados / CNCA,5.1200000000000045,True,,743,gold
2024,2506707,25,PB,Imaculada,42.25,69.22,municipio,Base dos Dados / CNCA,-26.97,False,,743,gold
2024,3152600,31,MG,Pouso Alto,79.55,78.67,municipio,Base dos Dados / CNCA,0.8799999999999955,True,,743,gold
2024,3100708,31,MG,Água Comprida,55.3,80.0,municipio,Base dos Dados / CNCA,-24.700000000000003,False,,743,gold
2024,2111078,21,MA,São João do Soter,53.45,31.6,municipio,Base dos Dados / CNCA,21.85,True,,743,gold
2024,3114501,31,MG,Carmópolis de Minas,81.68,77.39,municipio,Base dos Dados / CNCA,4.290000000000006,True,,743,gold
2024,1707553,17,TO,Fátima,57.84,57.08,municipio,Base dos Dados / CNCA,0.7600000000000051,True,,743,gold
2024,3131307,31,MG,Ipatinga,75.61,67.17,municipio,Base dos Dados / CNCA,8.439999999999998,True,,743,gold
2024,5214838,52,GO,Nova Crixás,71.87,66.92,municipio,Base dos Dados / CNCA,4.950000000000003,True,,743,gold
2024,3524303,35,SP,Jaboticabal,57.94,57.48,municipio,Base dos Dados / CNCA,0.46000000000000085,True,,743,gold
2024,3503000,35,SP,Aramina,72.03,49.16,municipio,Base dos Dados / CNCA,22.870000000000005,True,,743,gold
2024,5104559,51,MT,Itaúba,67.42,61.64,municipio,Base dos Dados / CNCA,5.780000000000001,True,,743,gold
2024,4303202,43,RS,Cacique Doble,58.2,80.0,municipio,Base dos Dados / CNCA,-21.799999999999997,False,,743,gold
2024,5221601,52,GO,Uruaçu,77.83,71.02,municipio,Base dos Dados / CNCA,6.810000000000002,True,,743,gold
2024,4207650,42,SC,Iporã do Oeste,89.65,80.0,municipio,Base dos Dados / CNCA,9.650000000000006,True,,743,gold
2024,3143500,31,MG,Morada Nova de Minas,64.5,80.0,municipio,Base dos Dados / CNCA,-15.5,False,,743,gold
2024,4217204,42,SC,São Miguel do Oeste,69.47,70.46,municipio,Base dos Dados / CNCA,-0.9899999999999949,False,,743,gold
2024,3504503,35,SP,Avaré,52.47,61.23,municipio,Base dos Dados / CNCA,-8.759999999999998,False,,743,gold
2024,3550308,35,SP,São Paulo,56.1,44.37,municipio,Base dos Dados / CNCA,11.730000000000004,True,,743,gold
2024,3204054,32,ES,Pedro Canário,81.35,70.99,municipio,Base dos Dados / CNCA,10.36,True,,743,gold
2024,3200409,32,ES,Anchieta,88.41,80.0,municipio,Base dos Dados / CNCA,8.409999999999997,True,,743,gold
2024,3162955,31,MG,São José da Lapa,75.09,65.31,municipio,Base dos Dados / CNCA,9.780000000000001,True,,743,gold
2024,3143609,31,MG,Morro da Garça,67.59,80.0,municipio,Base dos Dados / CNCA,-12.409999999999997,False,,743,gold
2024,3535309,35,SP,Palmital,60.32,51.9,municipio,Base dos Dados / CNCA,8.420000000000002,True,,743,gold
2024,2111631,21,MA,São Raimundo do Doca Bezerra,55.35,60.22,municipio,Base dos Dados / CNCA,-4.869999999999997,False,,743,gold
2024,3520202,35,SP,Igaratá,50.61,64.51,municipio,Base dos Dados / CNCA,-13.900000000000006,False,,743,gold
2024,2210623,22,PI,Sebastião Barros,50.0,33.21,municipio,Base dos Dados / CNCA,16.79,True,,743,gold
2024,5212600,52,GO,Mairipotaba,71.43,80.0,municipio,Base dos Dados / CNCA,-8.569999999999993,False,,743,gold
2024,5205455,52,GO,Cezarina,69.63,47.38,municipio,Base dos Dados / CNCA,22.249999999999993,True,,743,gold
2024,3102506,31,MG,Amparo do Serra,73.86,63.2,uf_fallback,Base dos Dados / CNCA,10.659999999999997,True,,743,gold
2024,4206751,42,SC,Ibiam,96.17,67.95,municipio,Base dos Dados / CNCA,28.22,True,,743,gold
2024,3107109,31,MG,Boa Esperança,74.5,58.17,municipio,Base dos Dados / CNCA,16.33,True,,743,gold
2024,3155108,31,MG,Rio do Prado,76.19,57.42,municipio,Base dos Dados / CNCA,18.769999999999996,True,,743,gold
2024,3113206,31,MG,Carandaí,82.73,73.09,municipio,Base dos Dados / CNCA,9.64,True,,743,gold
2024,3140530,31,MG,Martins Soares,83.69,77.07,municipio,Base dos Dados / CNCA,6.6200000000000045,True,,743,gold
2024,4125704,41,PR,São Miguel do Iguaçu,77.84,74.57,municipio,Base dos Dados / CNCA,3.2700000000000102,True,,743,gold
2024,3116308,31,MG,Cipotânea,80.5,74.17,municipio,Base dos Dados / CNCA,6.329999999999998,True,,743,gold
2024,3523503,35,SP,Itatinga,54.18,64.72,municipio,Base dos Dados / CNCA,-10.54,False,,743,gold
2024,3153400,31,MG,Presidente Olegário,78.27,77.76,municipio,Base dos Dados / CNCA,0.5099999999999909,True,,743,gold
2024,2612208,26,PE,Salgueiro,75.13,76.55,municipio,Base dos Dados / CNCA,-1.4200000000000017,False,,743,gold
2024,3511706,35,SP,Charqueada,62.5,50.3,municipio,Base dos Dados / CNCA,12.200000000000003,True,,743,gold
2024,5215702,52,GO,Palmeiras de Goiás,81.01,69.91,municipio,Base dos Dados / CNCA,11.100000000000009,True,,743,gold
2024,4205704,42,SC,Garopaba,75.75,72.08,municipio,Base dos Dados / CNCA,3.6700000000000017,True,,743,gold
2024,5204854,52,GO,Campo Limpo de Goiás,84.62,80.0,municipio,Base dos Dados / CNCA,4.6200000000000045,True,,743,gold
2024,2205557,22,PI,Lagoa Alegre,58.86,28.81,municipio,Base dos Dados / CNCA,30.05,True,,743,gold
2024,1721000,17,TO,Palmas,56.97,62.2,municipio,Base dos Dados / CNCA,-5.230000000000004,False,,743,gold
2024,3528007,35,SP,Macatuba,62.4,67.48,municipio,Base dos Dados / CNCA,-5.080000000000005,False,,743,gold
2024,3500303,35,SP,Aguaí,61.22,52.38,municipio,Base dos Dados / CNCA,8.839999999999996,True,,743,gold
2024,3543253,35,SP,Ribeirão Grande,60.84,66.37,municipio,Base dos Dados / CNCA,-5.530000000000001,False,,743,gold
2024,3510609,35,SP,Carapicuíba,57.57,50.83,municipio,Base dos Dados / CNCA,6.740000000000002,True,,743,gold
2024,2208403,22,PI,Piripiri,54.59,40.06,municipio,Base dos Dados / CNCA,14.530000000000001,True,,743,gold
2024,3552304,35,SP,Sud Mennucci,57.15,56.44,municipio,Base dos Dados / CNCA,0.7100000000000009,True,,743,gold
2024,3108701,31,MG,Brás Pires,81.16,58.04,municipio,Base dos Dados / CNCA,23.119999999999997,True,,743,gold
2024,4210100,42,SC,Mafra,74.16,74.07,municipio,Base dos Dados / CNCA,0.09000000000000341,True,,743,gold
2024,3116407,31,MG,Claraval,84.7,75.74,municipio,Base dos Dados / CNCA,8.960000000000008,True,,743,gold
2024,3550100,35,SP,São Manuel,60.53,63.06,municipio,Base dos Dados / CNCA,-2.530000000000001,False,,743,gold
2024,4312203,43,RS,Maximiliano de Almeida,43.2,80.0,municipio,Base dos Dados / CNCA,-36.8,False,,743,gold
2024,2920304,29,BA,Malhada de Pedras,70.27,71.89,municipio,Base dos Dados / CNCA,-1.6200000000000045,False,,743,gold
2024,3158003,31,MG,Santa Maria de Itabira,77.79,58.85,municipio,Base dos Dados / CNCA,18.940000000000005,True,,743,gold
2024,4215604,42,SC,Santa Rosa de Lima,86.49,80.0,municipio,Base dos Dados / CNCA,6.489999999999995,True,,743,gold
2024,2209872,22,PI,São João da Fronteira,43.37,34.14,municipio,Base dos Dados / CNCA,9.229999999999997,True,,743,gold
2024,2407708,24,RN,Montanhas,44.2,62.22,municipio,Base dos Dados / CNCA,-18.019999999999996,False,,743,gold
2024,3162500,31,MG,São João del Rei,77.27,59.67,municipio,Base dos Dados / CNCA,17.599999999999994,True,,743,gold
2024,2608503,26,PE,Lagoa de Itaenga,79.42,71.87,municipio,Base dos Dados / CNCA,7.549999999999997,True,,743,gold
2024,4115804,41,PR,Medianeira,79.1,79.33,municipio,Base dos Dados / CNCA,-0.23000000000000398,False,,743,gold
2024,3529609,35,SP,Meridiano,67.31,69.33,municipio,Base dos Dados / CNCA,-2.019999999999996,False,,743,gold
2024,4307401,43,RS,Esmeralda,48.4,80.0,municipio,Base dos Dados / CNCA,-31.6,False,,743,gold
2024,3161304,31,MG,São Francisco de Sales,73.5,77.07,municipio,Base dos Dados / CNCA,-3.569999999999993,False,,743,gold
2024,4306452,43,RS,Dois Lajeados,53.0,80.0,municipio,Base dos Dados / CNCA,-27.0,False,,743,gold
2024,3128907,31,MG,Guimarânia,85.1,63.8,municipio,Base dos Dados / CNCA,21.299999999999997,True,,743,gold
2024,3168705,31,MG,Timóteo,78.72,59.91,municipio,Base dos Dados / CNCA,18.810000000000002,True,,743,gold
2024,5217401,52,GO,Pires do Rio,80.88,69.4,municipio,Base dos Dados / CNCA,11.47999999999999,True,,743,gold
2024,4215802,42,SC,São Bento do Sul,79.21,74.17,municipio,Base dos Dados / CNCA,5.039999999999992,True,,743,gold
2024,3508405,35,SP,Cabreúva,64.6,54.18,municipio,Base dos Dados / CNCA,10.419999999999995,True,,743,gold
2024,2610301,26,PE,Paranatama,66.67,75.04,municipio,Base dos Dados / CNCA,-8.370000000000005,False,,743,gold
2024,5217708,52,GO,Pontalina,86.03,74.41,municipio,Base dos Dados / CNCA,11.620000000000005,True,,743,gold
2024,3117009,31,MG,Comercinho,68.38,61.87,municipio,Base dos Dados / CNCA,6.509999999999998,True,,743,gold
2024,3513405,35,SP,Cruzeiro,55.99,45.68,municipio,Base dos Dados / CNCA,10.310000000000002,True,,743,gold
2024,3526407,35,SP,Laranjal Paulista,59.37,58.49,municipio,Base dos Dados / CNCA,0.8799999999999955,True,,743,gold
2024,3121605,31,MG,Diamantina,72.02,62.93,municipio,Base dos Dados / CNCA,9.089999999999996,True,,743,gold
2024,3111903,31,MG,Cana Verde,93.33,55.6,municipio,Base dos Dados / CNCA,37.73,True,,743,gold
2024,2503704,25,PB,Cajazeiras,54.07,56.36,municipio,Base dos Dados / CNCA,-2.289999999999999,False,,743,gold
2024,1716109,17,TO,Paraíso do Tocantins,63.45,63.78,municipio,Base dos Dados / CNCA,-0.3299999999999983,False,,743,gold
2024,3126752,31,MG,Franciscópolis,70.75,80.0,municipio,Base dos Dados / CNCA,-9.25,False,,743,gold
2024,3131802,31,MG,Itabirinha,83.44,67.27,municipio,Base dos Dados / CNCA,16.17,True,,743,gold
2024,5211305,52,GO,Itarumã,83.26,77.21,municipio,Base dos Dados / CNCA,6.050000000000011,True,,743,gold
2024,3519071,35,SP,Hortolândia,55.05,61.65,municipio,Base dos Dados / CNCA,-6.600000000000001,False,,743,gold
2024,3105301,31,MG,Bandeira do Sul,94.51,74.43,municipio,Base dos Dados / CNCA,20.08,True,,743,gold
2024,3131208,31,MG,Ipanema,77.67,79.02,municipio,Base dos Dados / CNCA,-1.3499999999999943,False,,743,gold
2024,3543402,35,SP,Ribeirão Preto,55.59,45.48,municipio,Base dos Dados / CNCA,10.110000000000007,True,,743,gold
2024,2509107,25,PB,Mari,70.06,44.47,municipio,Base dos Dados / CNCA,25.590000000000003,True,,743,gold
2024,4202206,42,SC,Benedito Novo,70.47,64.47,municipio,Base dos Dados / CNCA,6.0,True,,743,gold
2024,3141603,31,MG,Mercês,84.85,80.0,municipio,Base dos Dados / CNCA,4.849999999999994,True,,743,gold
2024,4217956,42,SC,Tigrinhos,91.64,79.2,municipio,Base dos Dados / CNCA,12.439999999999998,True,,743,gold
2024,1600253,16,AP,Itaubal,43.57,55.34,municipio,Base dos Dados / CNCA,-11.770000000000003,False,,743,gold
2024,3125101,31,MG,Extrema,69.33,61.38,municipio,Base dos Dados / CNCA,7.949999999999996,True,,743,gold
2024,3147105,31,MG,Pará de Minas,76.29,57.9,municipio,Base dos Dados / CNCA,18.390000000000008,True,,743,gold
2024,2411908,24,RN,São Francisco do Oeste,68.97,60.69,municipio,Base dos Dados / CNCA,8.280000000000001,True,,743,gold
2024,3155504,31,MG,Rio Paranaíba,60.21,78.89,municipio,Base dos Dados / CNCA,-18.68,False,,743,gold
2024,3531308,35,SP,Monte Alto,59.0,69.16,municipio,Base dos Dados / CNCA,-10.159999999999997,False,,743,gold
2024,2402709,24,RN,Cerro Corá,40.95,63.66,municipio,Base dos Dados / CNCA,-22.709999999999994,False,,743,gold
2024,2410801,24,RN,Riacho de Santana,53.36,52.8,municipio,Base dos Dados / CNCA,0.5600000000000023,True,,743,gold
2024,2302008,23,CE,Barro,63.94,69.8,municipio,Base dos Dados / CNCA,-5.859999999999999,False,,743,gold
2024,3537909,35,SP,Pilar do Sul,63.33,60.55,municipio,Base dos Dados / CNCA,2.780000000000001,True,,743,gold
2024,5204805,52,GO,Campo Alegre de Goiás,77.6,79.91,municipio,Base dos Dados / CNCA,-2.3100000000000023,False,,743,gold
2024,3164001,31,MG,São Pedro dos Ferros,68.34,80.0,municipio,Base dos Dados / CNCA,-11.659999999999997,False,,743,gold
2024,3204005,32,ES,Pancas,86.3,80.0,municipio,Base dos Dados / CNCA,6.299999999999997,True,,743,gold
2024,5105150,51,MT,Juína,56.58,51.09,municipio,Base dos Dados / CNCA,5.489999999999995,True,,743,gold
2024,3137502,31,MG,Lagoa Formosa,82.01,63.75,municipio,Base dos Dados / CNCA,18.260000000000005,True,,743,gold
2024,3201506,32,ES,Colatina,78.24,74.72,municipio,Base dos Dados / CNCA,3.519999999999996,True,,743,gold
2024,3145000,31,MG,Nova Ponte,78.86,73.54,municipio,Base dos Dados / CNCA,5.319999999999993,True,,743,gold
2024,4301404,43,RS,Arvorezinha,76.1,66.2,uf_fallback,Base dos Dados / CNCA,9.899999999999991,True,,743,gold
2024,1101559,11,RO,Teixeirópolis,65.3,73.21,municipio,Base dos Dados / CNCA,-7.909999999999997,False,,743,gold
2024,3524907,35,SP,Jambeiro,56.89,62.36,municipio,Base dos Dados / CNCA,-5.469999999999999,False,,743,gold
2024,3519907,35,SP,Iepê,53.84,56.43,municipio,Base dos Dados / CNCA,-2.5899999999999963,False,,743,gold
2024,3202553,32,ES,Ibitirama,81.82,74.85,municipio,Base dos Dados / CNCA,6.969999999999999,True,,743,gold
2024,3159308,31,MG,Santa Rita de Jacutinga,77.68,47.7,municipio,Base dos Dados / CNCA,29.980000000000004,True,,743,gold
2024,3118700,31,MG,Coqueiral,82.47,72.67,municipio,Base dos Dados / CNCA,9.799999999999997,True,,743,gold
2024,1718402,17,TO,Presidente Kennedy,57.83,71.14,municipio,Base dos Dados / CNCA,-13.310000000000002,False,,743,gold
2024,4309951,43,RS,Ibirapuitã,59.7,66.2,uf_fallback,Base dos Dados / CNCA,-6.5,False,,743,gold
2024,2607752,26,PE,Itapissuma,82.95,78.03,municipio,Base dos Dados / CNCA,4.920000000000002,True,,743,gold
2024,4124301,41,PR,Santo Antônio do Paraíso,81.17,80.0,municipio,Base dos Dados / CNCA,1.1700000000000017,True,,743,gold
2024,3541653,35,SP,Quadra,65.39,55.49,municipio,Base dos Dados / CNCA,9.899999999999999,True,,743,gold
2024,3109709,31,MG,Cachoeira de Minas,81.11,64.71,municipio,Base dos Dados / CNCA,16.400000000000006,True,,743,gold
2024,3129301,31,MG,Iapu,67.68,43.66,municipio,Base dos Dados / CNCA,24.02000000000001,True,,743,gold
2024,3527801,35,SP,Lupércio,60.96,59.68,municipio,Base dos Dados / CNCA,1.2800000000000011,True,,743,gold
2024,2404853,24,RN,Itajá,40.01,60.78,municipio,Base dos Dados / CNCA,-20.770000000000003,False,,743,gold
2024,2411007,24,RN,Rodolfo Fernandes,45.23,38.22,municipio,Base dos Dados / CNCA,7.009999999999998,True,,743,gold
2024,3503109,35,SP,Arandu,56.61,58.49,municipio,Base dos Dados / CNCA,-1.8800000000000026,False,,743,gold
2024,2506905,25,PB,Itabaiana,53.73,32.55,municipio,Base dos Dados / CNCA,21.18,True,,743,gold
2024,3503802,35,SP,Artur Nogueira,54.41,55.03,municipio,Base dos Dados / CNCA,-0.6200000000000045,False,,743,gold
2024,3159407,31,MG,Santa Rita de Ibitipoca,88.22,67.77,municipio,Base dos Dados / CNCA,20.450000000000003,True,,743,gold
2024,4209201,42,SC,Lacerdópolis,75.0,71.59,municipio,Base dos Dados / CNCA,3.4099999999999966,True,,743,gold
2024,2201919,22,PI,Bom Princípio do Piauí,75.94,80.0,municipio,Base dos Dados / CNCA,-4.060000000000002,False,,743,gold
2024,3537305,35,SP,Penápolis,63.0,63.79,municipio,Base dos Dados / CNCA,-0.7899999999999991,False,,743,gold
2024,3514908,35,SP,Elias Fausto,56.28,59.26,municipio,Base dos Dados / CNCA,-2.979999999999997,False,,743,gold
2024,2608909,26,PE,Limoeiro,67.03,73.45,municipio,Base dos Dados / CNCA,-6.420000000000002,False,,743,gold
2024,4101903,41,PR,Assaí,80.24,80.0,municipio,Base dos Dados / CNCA,0.23999999999999488,True,,743,gold
2024,2512788,25,PB,Riacho de Santo Antônio,55.56,78.78,municipio,Base dos Dados / CNCA,-23.22,False,,743,gold
2024,2210375,22,PI,São Luis do Piauí,61.11,62.07,municipio,Base dos Dados / CNCA,-0.9600000000000009,False,,743,gold
2024,2404804,24,RN,Ipueira,22.22,43.8,uf_fallback,Base dos Dados / CNCA,-21.58,False,,743,gold
2024,2500809,25,PB,Araçagi,47.88,66.65,municipio,Base dos Dados / CNCA,-18.770000000000003,False,,743,gold
2024,2918209,29,BA,Jiquiriçá,46.67,43.4,uf_fallback,Base dos Dados / CNCA,3.270000000000003,True,,743,gold
2024,2405900,24,RN,João Dias,38.89,51.64,municipio,Base dos Dados / CNCA,-12.75,False,,743,gold
2024,3164803,31,MG,São Sebastião do Rio Preto,100.0,68.83,municipio,Base dos Dados / CNCA,31.17,True,,743,gold
2024,3103207,31,MG,Araçaí,72.22,80.0,municipio,Base dos Dados / CNCA,-7.780000000000001,False,,743,gold
2024,2414100,24,RN,Tenente Ananias,52.97,48.81,municipio,Base dos Dados / CNCA,4.159999999999997,True,,743,gold
2024,3543501,35,SP,Riversul,64.17,80.0,municipio,Base dos Dados / CNCA,-15.829999999999998,False,,743,gold
2024,4305009,43,RS,Catuípe,71.6,80.0,municipio,Base dos Dados / CNCA,-8.400000000000006,False,,743,gold
2024,3508009,35,SP,Buri,63.24,53.99,municipio,Base dos Dados / CNCA,9.25,True,,743,gold
2024,3106903,31,MG,Bicas,70.71,50.81,municipio,Base dos Dados / CNCA,19.89999999999999,True,,743,gold
2024,4124400,41,PR,Santo Antônio do Sudoeste,81.43,79.58,municipio,Base dos Dados / CNCA,1.8500000000000085,True,,743,gold
2024,3507159,35,SP,Bom Sucesso de Itararé,55.46,60.25,municipio,Base dos Dados / CNCA,-4.789999999999999,False,,743,gold
2024,3547304,35,SP,Santana de Parnaíba,60.69,56.6,uf_fallback,Base dos Dados / CNCA,4.089999999999996,True,,743,gold
2024,3515350,35,SP,Euclides da Cunha Paulista,69.86,76.58,municipio,Base dos Dados / CNCA,-6.719999999999999,False,,743,gold
2024,4219002,42,SC,Urussanga,70.73,70.65,municipio,Base dos Dados / CNCA,0.0799999999999983,True,,743,gold
2024,5201504,52,GO,Aporé,65.8,64.94,municipio,Base dos Dados / CNCA,0.8599999999999994,True,,743,gold
2024,2507507,25,PB,João Pessoa,55.14,52.13,municipio,Base dos Dados / CNCA,3.009999999999998,True,,743,gold
2024,4307203,43,RS,Erval Grande,47.0,80.0,municipio,Base dos Dados / CNCA,-33.0,False,,743,gold
2024,3505906,35,SP,Batatais,58.95,64.07,municipio,Base dos Dados / CNCA,-5.11999999999999,False,,743,gold
2024,4109658,41,PR,Honório Serpa,73.2,59.97,municipio,Base dos Dados / CNCA,13.230000000000004,True,,743,gold
2024,3105103,31,MG,Bambuí,80.48,68.24,municipio,Base dos Dados / CNCA,12.240000000000009,True,,743,gold
2024,2609006,26,PE,Macaparana,81.95,73.76,municipio,Base dos Dados / CNCA,8.189999999999998,True,,743,gold
2024,3159506,31,MG,Santa Rita do Itueto,87.19,80.0,municipio,Base dos Dados / CNCA,7.189999999999998,True,,743,gold
2024,3140902,31,MG,Matipó,80.73,80.0,municipio,Base dos Dados / CNCA,0.730000000000004,True,,743,gold
2024,4122107,41,PR,Rio Bom,69.55,80.0,municipio,Base dos Dados / CNCA,-10.450000000000003,False,,743,gold
2024,2615904,26,PE,Tuparetama,82.52,77.54,municipio,Base dos Dados / CNCA,4.97999999999999,True,,743,gold
2024,4105300,41,PR,Céu Azul,84.56,80.0,municipio,Base dos Dados / CNCA,4.560000000000002,True,,743,gold
2024,3500550,35,SP,Águas de Santa Bárbara,48.99,54.97,municipio,Base dos Dados / CNCA,-5.979999999999997,False,,743,gold
2024,5107206,51,MT,Rio Branco,81.6,53.36,municipio,Base dos Dados / CNCA,28.239999999999995,True,,743,gold
2024,3551108,35,SP,Sarapuí,53.32,47.53,municipio,Base dos Dados / CNCA,5.789999999999999,True,,743,gold
2024,2932507,29,BA,Una,58.16,44.38,municipio,Base dos Dados / CNCA,13.779999999999994,True,,743,gold
2024,3540804,35,SP,Potirendaba,62.55,63.91,municipio,Base dos Dados / CNCA,-1.3599999999999994,False,,743,gold
2024,2513406,25,PB,Santa Luzia,54.05,59.0,municipio,Base dos Dados / CNCA,-4.950000000000003,False,,743,gold
2024,4309803,43,RS,Ibiaçá,60.1,71.87,municipio,Base dos Dados / CNCA,-11.770000000000003,False,,743,gold
2024,3159704,31,MG,Santa Rosa da Serra,79.88,74.06,municipio,Base dos Dados / CNCA,5.819999999999993,True,,743,gold
2024,2512705,25,PB,Remígio,49.27,62.28,municipio,Base dos Dados / CNCA,-13.009999999999998,False,,743,gold
2024,2206209,22,PI,Miguel Alves,60.79,45.41,municipio,Base dos Dados / CNCA,15.380000000000003,True,,743,gold
2024,3117876,31,MG,Confins,69.15,57.07,municipio,Base dos Dados / CNCA,12.080000000000005,True,,743,gold
2024,5203962,52,GO,Buritinópolis,85.08,54.33,municipio,Base dos Dados / CNCA,30.75,True,,743,gold
2024,5106208,51,MT,Nova Brasilândia,81.37,59.69,municipio,Base dos Dados / CNCA,21.680000000000007,True,,743,gold
2024,3170750,31,MG,Varjão de Minas,93.29,61.0,municipio,Base dos Dados / CNCA,32.290000000000006,True,,743,gold
2024,3530805,35,SP,Mogi Mirim,57.7,58.13,municipio,Base dos Dados / CNCA,-0.4299999999999997,False,,743,gold
2024,4101150,41,PR,Ângulo,86.15,80.0,municipio,Base dos Dados / CNCA,6.150000000000006,True,,743,gold
2024,3200904,32,ES,Barra de São Francisco,87.1,78.66,municipio,Base dos Dados / CNCA,8.439999999999998,True,,743,gold
2024,3136603,31,MG,Nova União,92.79,53.22,municipio,Base dos Dados / CNCA,39.57000000000001,True,,743,gold
2024,5106174,51,MT,Nova Nazaré,85.25,51.34,municipio,Base dos Dados / CNCA,33.91,True,,743,gold
2024,2615508,26,PE,Tracunhaém,73.31,62.75,municipio,Base dos Dados / CNCA,10.560000000000002,True,,743,gold
2024,3532009,35,SP,Morungaba,47.32,52.33,municipio,Base dos Dados / CNCA,-5.009999999999998,False,,743,gold
2024,3508801,35,SP,Cafelândia,60.44,64.3,municipio,Base dos Dados / CNCA,-3.8599999999999994,False,,743,gold
2024,1505908,15,PA,Porto de Moz,81.16,73.69,municipio,Base dos Dados / CNCA,7.469999999999999,True,,743,gold
2024,2304350,23,CE,Forquilha,100.0,80.0,municipio,Base dos Dados / CNCA,20.0,True,,743,gold
2024,3509403,35,SP,Cajuru,54.99,73.07,municipio,Base dos Dados / CNCA,-18.07999999999999,False,,743,gold
2024,4215653,42,SC,Santa Rosa do Sul,73.62,59.55,municipio,Base dos Dados / CNCA,14.070000000000007,True,,743,gold
2024,5213756,52,GO,Montividiu,78.69,68.25,municipio,Base dos Dados / CNCA,10.439999999999998,True,,743,gold
2024,3134103,31,MG,Itueta,78.77,59.6,municipio,Base dos Dados / CNCA,19.169999999999995,True,,743,gold
2024,3513801,35,SP,Diadema,59.37,47.05,municipio,Base dos Dados / CNCA,12.32,True,,743,gold
2024,3540903,35,SP,Pradópolis,62.53,75.13,municipio,Base dos Dados / CNCA,-12.599999999999994,False,,743,gold
2024,4308904,43,RS,Getúlio Vargas,59.2,74.54,municipio,Base dos Dados / CNCA,-15.340000000000003,False,,743,gold
2024,3142106,31,MG,Miradouro,75.29,52.6,municipio,Base dos Dados / CNCA,22.690000000000005,True,,743,gold
2024,2202851,22,PI,Coronel José Dias,61.36,64.26,municipio,Base dos Dados / CNCA,-2.9000000000000057,False,,743,gold
2024,3542503,35,SP,Reginópolis,84.53,80.0,municipio,Base dos Dados / CNCA,4.530000000000001,True,,743,gold
2024,3163300,31,MG,São José do Divino,64.09,50.96,municipio,Base dos Dados / CNCA,13.130000000000003,True,,743,gold
2024,3136207,31,MG,João Monlevade,82.75,64.07,municipio,Base dos Dados / CNCA,18.680000000000007,True,,743,gold
2024,5102678,51,MT,Campo Verde,64.36,60.16,municipio,Base dos Dados / CNCA,4.200000000000003,True,,743,gold
2024,4216701,42,SC,São José do Cedro,82.26,76.92,municipio,Base dos Dados / CNCA,5.340000000000003,True,,743,gold
2024,4201901,42,SC,Aurora,76.68,65.45,municipio,Base dos Dados / CNCA,11.230000000000004,True,,743,gold
2024,4310405,43,RS,Independência,57.7,68.77,municipio,Base dos Dados / CNCA,-11.069999999999993,False,,743,gold
2024,5200852,52,GO,Americano do Brasil,78.87,75.18,municipio,Base dos Dados / CNCA,3.6899999999999977,True,,743,gold
2024,2513802,25,PB,Santa Teresinha,42.77,46.65,municipio,Base dos Dados / CNCA,-3.8799999999999955,False,,743,gold
2024,3100203,31,MG,Abaeté,78.3,56.9,municipio,Base dos Dados / CNCA,21.4,True,,743,gold
2024,3140407,31,MG,Marmelópolis,84.57,77.3,municipio,Base dos Dados / CNCA,7.269999999999996,True,,743,gold
2024,2300507,23,CE,Alcântaras,99.05,80.0,municipio,Base dos Dados / CNCA,19.049999999999997,True,,743,gold
2024,3202009,32,ES,Dores do Rio Preto,81.34,80.0,municipio,Base dos Dados / CNCA,1.3400000000000034,True,,743,gold
2024,1707652,17,TO,Figueirópolis,51.74,65.27,municipio,Base dos Dados / CNCA,-13.529999999999994,False,,743,gold
2024,3507506,35,SP,Botucatu,57.09,62.56,municipio,Base dos Dados / CNCA,-5.469999999999999,False,,743,gold
2024,4126306,41,PR,Sengés,81.96,80.0,municipio,Base dos Dados / CNCA,1.9599999999999937,True,,743,gold
2024,3151800,31,MG,Poços de Caldas,78.32,61.73,municipio,Base dos Dados / CNCA,16.589999999999996,True,,743,gold
2024,4117297,41,PR,Novo Itacolomi,97.3,80.0,municipio,Base dos Dados / CNCA,17.299999999999997,True,,743,gold
2024,4215109,42,SC,Rodeio,67.61,60.87,municipio,Base dos Dados / CNCA,6.740000000000002,True,,743,gold
2024,3200706,32,ES,Atilio Vivacqua,77.52,75.4,municipio,Base dos Dados / CNCA,2.1199999999999903,True,,743,gold
2024,5102637,51,MT,Campo Novo do Parecis,67.19,65.16,municipio,Base dos Dados / CNCA,2.030000000000001,True,,743,gold
2024,3534609,35,SP,Osvaldo Cruz,59.23,61.92,municipio,Base dos Dados / CNCA,-2.690000000000005,False,,743,gold
2024,4110706,41,PR,Irati,88.31,80.0,municipio,Base dos Dados / CNCA,8.310000000000002,True,,743,gold
2024,2516607,25,PB,Tavares,67.47,75.99,municipio,Base dos Dados / CNCA,-8.519999999999996,False,,743,gold
2024,2210409,22,PI,São Miguel do Tapuio,45.19,36.96,municipio,Base dos Dados / CNCA,8.229999999999997,True,,743,gold
2024,5101258,51,MT,Araputanga,60.47,53.64,municipio,Base dos Dados / CNCA,6.829999999999998,True,,743,gold
2024,3552700,35,SP,Tabatinga,62.05,65.32,municipio,Base dos Dados / CNCA,-3.269999999999996,False,,743,gold
2024,3159605,31,MG,Santa Rita do Sapucaí,77.94,54.67,municipio,Base dos Dados / CNCA,23.269999999999996,True,,743,gold
2024,2210359,22,PI,São Lourenço do Piauí,73.08,80.0,municipio,Base dos Dados / CNCA,-6.920000000000002,False,,743,gold
2024,5106851,51,MT,Porto Estrela,77.75,80.0,municipio,Base dos Dados / CNCA,-2.25,False,,743,gold
2024,3550407,35,SP,São Pedro,58.16,56.57,municipio,Base dos Dados / CNCA,1.5899999999999963,True,,743,gold
2024,2210953,22,PI,Tamboril do Piauí,65.11,70.55,municipio,Base dos Dados / CNCA,-5.439999999999998,False,,743,gold
2024,4128609,41,PR,Verê,67.29,80.0,municipio,Base dos Dados / CNCA,-12.709999999999994,False,,743,gold
2024,4218202,42,SC,Timbó,74.84,71.48,municipio,Base dos Dados / CNCA,3.3599999999999994,True,,743,gold
2024,3101003,31,MG,Águas Vermelhas,74.46,48.71,municipio,Base dos Dados / CNCA,25.749999999999993,True,,743,gold
2024,5210000,52,GO,Inhumas,87.57,80.0,municipio,Base dos Dados / CNCA,7.569999999999993,True,,743,gold
2024,3133006,31,MG,Itamonte,81.86,61.31,municipio,Base dos Dados / CNCA,20.549999999999997,True,,743,gold
2024,4120853,41,PR,Quatro Pontes,89.52,80.0,municipio,Base dos Dados / CNCA,9.519999999999996,True,,743,gold
2024,3500105,35,SP,Adamantina,66.06,69.44,municipio,Base dos Dados / CNCA,-3.3799999999999955,False,,743,gold
2024,5211701,52,GO,Jandaia,80.25,77.61,municipio,Base dos Dados / CNCA,2.6400000000000006,True,,743,gold
2024,3556909,35,SP,Vista Alegre do Alto,52.86,80.0,municipio,Base dos Dados / CNCA,-27.14,False,,743,gold
2024,3160108,31,MG,Santo Antônio do Grama,94.3,80.0,municipio,Base dos Dados / CNCA,14.299999999999997,True,,743,gold
2024,3202256,32,ES,Governador Lindenberg,82.07,66.72,municipio,Base dos Dados / CNCA,15.349999999999994,True,,743,gold
2024,4304804,43,RS,Carlos Barbosa,62.5,69.44,municipio,Base dos Dados / CNCA,-6.939999999999998,False,,743,gold
2024,4206801,42,SC,Ibicaré,54.41,76.34,municipio,Base dos Dados / CNCA,-21.930000000000007,False,,743,gold
2024,4112009,41,PR,Jaguariaíva,79.14,80.0,municipio,Base dos Dados / CNCA,-0.8599999999999994,False,,743,gold
2024,5216908,52,GO,Pilar de Goiás,80.87,80.0,municipio,Base dos Dados / CNCA,0.8700000000000045,True,,743,gold
2024,5210208,52,GO,Iporá,83.04,78.6,municipio,Base dos Dados / CNCA,4.440000000000012,True,,743,gold
2024,4109005,41,PR,Guapirama,75.09,80.0,municipio,Base dos Dados / CNCA,-4.909999999999997,False,,743,gold
2024,4124202,41,PR,Santo Antônio do Caiuá,88.04,80.0,municipio,Base dos Dados / CNCA,8.040000000000006,True,,743,gold
2024,3131000,31,MG,Inhaúma,77.62,52.36,municipio,Base dos Dados / CNCA,25.260000000000005,True,,743,gold
2024,2207207,22,PI,Padre Marcos,100.0,80.0,municipio,Base dos Dados / CNCA,20.0,True,,743,gold
2024,4314308,43,RS,Pejuçara,55.8,64.52,municipio,Base dos Dados / CNCA,-8.719999999999999,False,,743,gold
2024,2900504,29,BA,Érico Cardoso,37.21,69.97,municipio,Base dos Dados / CNCA,-32.76,False,,743,gold
2024,3121100,31,MG,Delfim Moreira,93.02,66.18,municipio,Base dos Dados / CNCA,26.83999999999999,True,,743,gold
2024,5215652,52,GO,Palestina de Goiás,74.42,79.61,municipio,Base dos Dados / CNCA,-5.189999999999998,False,,743,gold
2024,3170800,31,MG,Várzea da Palma,70.34,64.73,municipio,Base dos Dados / CNCA,5.609999999999999,True,,743,gold
2024,3159902,31,MG,Santo Antônio do Amparo,80.3,80.0,municipio,Base dos Dados / CNCA,0.29999999999999716,True,,743,gold
2024,3162575,31,MG,São João do Manteninha,71.7,79.91,municipio,Base dos Dados / CNCA,-8.209999999999994,False,,743,gold
2024,4214904,42,SC,Rio Fortuna,68.78,78.6,municipio,Base dos Dados / CNCA,-9.819999999999993,False,,743,gold
2024,4125803,41,PR,São Pedro do Ivaí,85.66,80.0,municipio,Base dos Dados / CNCA,5.659999999999997,True,,743,gold
2024,4125753,41,PR,São Pedro do Iguaçu,80.66,75.54,municipio,Base dos Dados / CNCA,5.11999999999999,True,,743,gold
2024,5221007,52,GO,Taquaral de Goiás,75.0,71.25,municipio,Base dos Dados / CNCA,3.75,True,,743,gold
2024,3555000,35,SP,Tupã,55.04,55.08,municipio,Base dos Dados / CNCA,-0.03999999999999915,False,,743,gold
2024,4214706,42,SC,Rio dos Cedros,68.59,63.92,municipio,Base dos Dados / CNCA,4.670000000000002,True,,743,gold
2024,3519402,35,SP,Ibirá,61.64,72.56,municipio,Base dos Dados / CNCA,-10.920000000000002,False,,743,gold
2024,4312757,43,RS,Nova Alvorada,64.8,80.0,municipio,Base dos Dados / CNCA,-15.200000000000003,False,,743,gold
2024,5102603,51,MT,Campinápolis,44.13,45.19,municipio,Base dos Dados / CNCA,-1.0599999999999952,False,,743,gold
2024,4300802,43,RS,Antônio Prado,55.9,68.22,municipio,Base dos Dados / CNCA,-12.32,False,,743,gold
2024,3500709,35,SP,Agudos,64.6,61.01,municipio,Base dos Dados / CNCA,3.5899999999999963,True,,743,gold
2024,3172202,31,MG,Wenceslau Braz,70.34,53.79,municipio,Base dos Dados / CNCA,16.550000000000004,True,,743,gold
2024,4307559,43,RS,Estação,45.4,74.46,municipio,Base dos Dados / CNCA,-29.059999999999995,False,,743,gold
2024,3556404,35,SP,Vargem Grande do Sul,61.51,71.16,municipio,Base dos Dados / CNCA,-9.649999999999999,False,,743,gold
2024,3114105,31,MG,Carmo de Minas,75.57,60.43,municipio,Base dos Dados / CNCA,15.139999999999993,True,,743,gold
2024,3107307,31,MG,Bocaiúva,78.27,70.61,municipio,Base dos Dados / CNCA,7.659999999999997,True,,743,gold
2024,3131158,31,MG,Ipaba,77.71,65.76,municipio,Base dos Dados / CNCA,11.949999999999989,True,,743,gold
2024,4311601,43,RS,Liberato Salzano,62.2,74.33,municipio,Base dos Dados / CNCA,-12.129999999999995,False,,743,gold
2024,5003900,50,MS,Figueirão,86.46,62.12,municipio,Base dos Dados / CNCA,24.339999999999996,True,,743,gold
2024,2413300,24,RN,Serra de São Bento,42.09,34.12,municipio,Base dos Dados / CNCA,7.970000000000006,True,,743,gold
2024,5215801,52,GO,Palmelo,64.71,35.72,municipio,Base dos Dados / CNCA,28.989999999999995,True,,743,gold
2024,3163805,31,MG,São Miguel do Anta,78.02,75.65,municipio,Base dos Dados / CNCA,2.3699999999999903,True,,743,gold
2024,4312427,43,RS,Mormaço,52.9,66.2,uf_fallback,Base dos Dados / CNCA,-13.300000000000004,False,,743,gold
2024,3127909,31,MG,Grupiara,94.12,63.2,uf_fallback,Base dos Dados / CNCA,30.92,True,,743,gold
2024,4315073,43,RS,Porto Vera Cruz,88.2,65.93,municipio,Base dos Dados / CNCA,22.269999999999996,True,,743,gold
2024,3110608,31,MG,Cambuí,81.94,67.59,municipio,Base dos Dados / CNCA,14.349999999999994,True,,743,gold
2024,3122009,31,MG,Divino,68.51,54.23,municipio,Base dos Dados / CNCA,14.280000000000008,True,,743,gold
2024,3500600,35,SP,Águas de São Pedro,80.89,80.0,municipio,Base dos Dados / CNCA,0.8900000000000006,True,,743,gold
2024,3125606,31,MG,Felisburgo,70.2,56.8,municipio,Base dos Dados / CNCA,13.400000000000006,True,,743,gold
2024,5103361,51,MT,Conquista D'Oeste,69.46,47.02,municipio,Base dos Dados / CNCA,22.43999999999999,True,,743,gold
2024,3167004,31,MG,Serranos,82.14,44.9,municipio,Base dos Dados / CNCA,37.24,True,,743,gold
2024,3517604,35,SP,Guapiara,60.31,69.06,municipio,Base dos Dados / CNCA,-8.75,False,,743,gold
2024,3126802,31,MG,Frei Gaspar,69.89,56.48,municipio,Base dos Dados / CNCA,13.410000000000004,True,,743,gold
2024,3104106,31,MG,Arceburgo,82.63,80.0,municipio,Base dos Dados / CNCA,2.6299999999999955,True,,743,gold
2024,2502904,25,PB,Brejo dos Santos,64.03,51.07,municipio,Base dos Dados / CNCA,12.96,True,,743,gold
2024,4316303,43,RS,Roque Gonzales,71.2,76.36,municipio,Base dos Dados / CNCA,-5.159999999999997,False,,743,gold
2024,3523107,35,SP,Itaquaquecetuba,57.48,48.89,municipio,Base dos Dados / CNCA,8.589999999999996,True,,743,gold
2024,4309506,43,RS,Guarani das Missões,74.1,71.9,municipio,Base dos Dados / CNCA,2.1999999999999886,True,,743,gold
2024,2203503,22,PI,Elesbão Veloso,51.08,55.01,municipio,Base dos Dados / CNCA,-3.9299999999999997,False,,743,gold
2024,3201407,32,ES,Castelo,82.7,73.43,municipio,Base dos Dados / CNCA,9.269999999999996,True,,743,gold
2024,3149903,31,MG,Perdões,79.12,72.62,municipio,Base dos Dados / CNCA,6.5,True,,743,gold
2024,2207553,22,PI,Paquetá,49.8,80.0,municipio,Base dos Dados / CNCA,-30.200000000000003,False,,743,gold
2024,2210607,22,PI,São Raimundo Nonato,73.25,70.08,municipio,Base dos Dados / CNCA,3.1700000000000017,True,,743,gold
2024,2504074,25,PB,Caraúbas,87.82,53.58,municipio,Base dos Dados / CNCA,34.239999999999995,True,,743,gold
2024,3543006,35,SP,Ribeirão Branco,64.79,57.56,municipio,Base dos Dados / CNCA,7.230000000000004,True,,743,gold
2024,3151404,31,MG,Pitangui,78.71,80.0,municipio,Base dos Dados / CNCA,-1.2900000000000063,False,,743,gold
2024,3105608,31,MG,Barbacena,83.52,62.71,municipio,Base dos Dados / CNCA,20.809999999999995,True,,743,gold
2024,3506607,35,SP,Biritiba-Mirim,52.19,48.54,municipio,Base dos Dados / CNCA,3.6499999999999986,True,,743,gold
2024,5209101,52,GO,Goiatuba,77.63,70.09,municipio,Base dos Dados / CNCA,7.539999999999992,True,,743,gold
2024,2605004,26,PE,Cupira,88.96,78.27,municipio,Base dos Dados / CNCA,10.689999999999998,True,,743,gold
2024,2508208,25,PB,Lagoa de Dentro,42.8,69.61,municipio,Base dos Dados / CNCA,-26.810000000000002,False,,743,gold
2024,1705102,17,TO,Chapada da Natividade,52.38,54.09,municipio,Base dos Dados / CNCA,-1.7100000000000009,False,,743,gold
2024,2514008,25,PB,São João do Cariri,60.71,36.7,municipio,Base dos Dados / CNCA,24.009999999999998,True,,743,gold
2024,3546801,35,SP,Santa Isabel,67.17,73.45,municipio,Base dos Dados / CNCA,-6.280000000000001,False,,743,gold
2024,3500402,35,SP,Águas da Prata,61.82,67.26,municipio,Base dos Dados / CNCA,-5.440000000000005,False,,743,gold
2024,5221197,52,GO,Terezópolis de Goiás,71.39,61.52,municipio,Base dos Dados / CNCA,9.869999999999997,True,,743,gold
2024,2512036,25,PB,Poço Dantas,81.67,30.45,municipio,Base dos Dados / CNCA,51.22,True,,743,gold
2024,3510153,35,SP,Canitar,79.49,56.6,uf_fallback,Base dos Dados / CNCA,22.889999999999993,True,,743,gold
2024,5100250,51,MT,Alta Floresta,71.46,57.91,municipio,Base dos Dados / CNCA,13.549999999999997,True,,743,gold
2024,3552403,35,SP,Sumaré,57.49,57.39,municipio,Base dos Dados / CNCA,0.10000000000000142,True,,743,gold
2024,3523909,35,SP,Itu,61.67,67.66,municipio,Base dos Dados / CNCA,-5.989999999999995,False,,743,gold
2024,4322004,43,RS,Triunfo,66.0,68.96,municipio,Base dos Dados / CNCA,-2.9599999999999937,False,,743,gold
2024,5100607,51,MT,Alto Taquari,70.01,73.52,municipio,Base dos Dados / CNCA,-3.509999999999991,False,,743,gold
2024,4313375,43,RS,Nova Santa Rita,64.9,61.05,municipio,Base dos Dados / CNCA,3.8500000000000085,True,,743,gold
2024,3536802,35,SP,Pedra Bela,47.19,56.6,uf_fallback,Base dos Dados / CNCA,-9.410000000000004,False,,743,gold
2024,5102686,51,MT,Campos de Júlio,65.76,53.38,municipio,Base dos Dados / CNCA,12.380000000000003,True,,743,gold
2024,3557006,35,SP,Votorantim,54.69,53.97,municipio,Base dos Dados / CNCA,0.7199999999999989,True,,743,gold
2024,3202454,32,ES,Ibatiba,82.36,80.0,municipio,Base dos Dados / CNCA,2.3599999999999994,True,,743,gold
2024,3146909,31,MG,Papagaios,89.24,52.46,municipio,Base dos Dados / CNCA,36.779999999999994,True,,743,gold
2024,3554508,35,SP,Tietê,62.5,53.53,municipio,Base dos Dados / CNCA,8.969999999999999,True,,743,gold
2024,3156106,31,MG,Ritápolis,81.94,66.87,municipio,Base dos Dados / CNCA,15.069999999999993,True,,743,gold
2024,5221403,52,GO,Trindade,77.21,68.56,municipio,Base dos Dados / CNCA,8.649999999999991,True,,743,gold
2024,4208005,42,SC,Itá,72.01,70.81,municipio,Base dos Dados / CNCA,1.2000000000000028,True,,743,gold
2024,4217402,42,SC,Schroeder,73.98,65.84,municipio,Base dos Dados / CNCA,8.14,True,,743,gold
2024,3515509,35,SP,Fernandópolis,60.91,61.33,municipio,Base dos Dados / CNCA,-0.4200000000000017,False,,743,gold
2024,4307815,43,RS,Estrela Velha,60.0,80.0,municipio,Base dos Dados / CNCA,-20.0,False,,743,gold
2024,3109600,31,MG,Cachoeira da Prata,80.0,56.96,municipio,Base dos Dados / CNCA,23.04,True,,743,gold
2024,3163409,31,MG,São José do Goiabal,86.0,63.2,uf_fallback,Base dos Dados / CNCA,22.799999999999997,True,,743,gold
2024,5200308,52,GO,Alexânia,75.79,76.84,municipio,Base dos Dados / CNCA,-1.0499999999999972,False,,743,gold
2024,5214606,52,GO,Niquelândia,80.22,73.95,municipio,Base dos Dados / CNCA,6.269999999999996,True,,743,gold
2024,4121307,41,PR,Rancho Alegre,86.02,77.46,municipio,Base dos Dados / CNCA,8.560000000000002,True,,743,gold
2024,4311254,43,RS,Lagoão,66.9,80.0,municipio,Base dos Dados / CNCA,-13.099999999999994,False,,743,gold
2024,3145109,31,MG,Nova Resende,86.57,71.01,municipio,Base dos Dados / CNCA,15.559999999999988,True,,743,gold
2024,4121901,41,PR,Ribeirão do Pinhal,84.51,80.0,municipio,Base dos Dados / CNCA,4.510000000000005,True,,743,gold
2024,3508306,35,SP,Cabrália Paulista,78.11,79.5,municipio,Base dos Dados / CNCA,-1.3900000000000006,False,,743,gold
2024,5106299,51,MT,Paranaíta,79.7,63.88,municipio,Base dos Dados / CNCA,15.82,True,,743,gold
2024,3549102,35,SP,São João da Boa Vista,61.6,58.79,municipio,Base dos Dados / CNCA,2.8100000000000023,True,,743,gold
2024,2510105,25,PB,Nova Floresta,67.53,68.38,municipio,Base dos Dados / CNCA,-0.8499999999999943,False,,743,gold
2024,3157104,31,MG,Salto da Divisa,59.15,49.57,municipio,Base dos Dados / CNCA,9.579999999999998,True,,743,gold
2024,3504602,35,SP,Bady Bassitt,61.39,59.68,municipio,Base dos Dados / CNCA,1.7100000000000009,True,,743,gold
2024,4120655,41,PR,Quarto Centenário,61.75,79.9,municipio,Base dos Dados / CNCA,-18.150000000000006,False,,743,gold
2024,4314472,43,RS,Pinhal Grande,44.0,66.33,municipio,Base dos Dados / CNCA,-22.33,False,,743,gold
2024,2607109,26,PE,Ingazeira,89.89,78.78,municipio,Base dos Dados / CNCA,11.11,True,,743,gold
2024,3531407,35,SP,Monte Aprazível,65.44,74.54,municipio,Base dos Dados / CNCA,-9.100000000000009,False,,743,gold
2024,3532405,35,SP,Nazaré Paulista,60.11,52.23,municipio,Base dos Dados / CNCA,7.880000000000003,True,,743,gold
2024,3506904,35,SP,Bofete,69.75,51.32,municipio,Base dos Dados / CNCA,18.43,True,,743,gold
2024,5200175,52,GO,Água Fria de Goiás,87.44,59.82,municipio,Base dos Dados / CNCA,27.619999999999997,True,,743,gold
2024,4219200,42,SC,Vidal Ramos,83.76,74.32,municipio,Base dos Dados / CNCA,9.440000000000012,True,,743,gold
2024,3549508,35,SP,São José da Bela Vista,50.38,52.91,municipio,Base dos Dados / CNCA,-2.529999999999994,False,,743,gold
2024,5214861,52,GO,Nova Glória,87.68,80.0,municipio,Base dos Dados / CNCA,7.680000000000007,True,,743,gold
2024,5210562,52,GO,Itaguari,77.71,80.0,municipio,Base dos Dados / CNCA,-2.2900000000000063,False,,743,gold
2024,4124905,41,PR,São João do Caiuá,93.06,80.0,municipio,Base dos Dados / CNCA,13.060000000000002,True,,743,gold
2024,3548005,35,SP,Santo Antônio de Posse,62.07,58.55,municipio,Base dos Dados / CNCA,3.520000000000003,True,,743,gold
2024,2604155,26,PE,Casinhas,84.85,79.54,municipio,Base dos Dados / CNCA,5.309999999999988,True,,743,gold
2024,3139102,31,MG,Madre de Deus de Minas,71.05,71.14,municipio,Base dos Dados / CNCA,-0.09000000000000341,False,,743,gold
2024,4110805,41,PR,Iretama,80.07,80.0,municipio,Base dos Dados / CNCA,0.06999999999999318,True,,743,gold
2024,1501725,15,PA,Brasil Novo,87.6,74.26,municipio,Base dos Dados / CNCA,13.33999999999999,True,,743,gold
2024,3507308,35,SP,Boracéia,66.62,72.55,municipio,Base dos Dados / CNCA,-5.929999999999993,False,,743,gold
2024,3530300,35,SP,Mirassol,61.57,69.6,municipio,Base dos Dados / CNCA,-8.029999999999994,False,,743,gold
2024,5203401,52,GO,Bom Jardim de Goiás,73.26,79.26,municipio,Base dos Dados / CNCA,-6.0,False,,743,gold
2024,3537800,35,SP,Piedade,63.25,62.12,municipio,Base dos Dados / CNCA,1.1300000000000026,True,,743,gold
2024,3513207,35,SP,Cristais Paulista,49.46,54.91,municipio,Base dos Dados / CNCA,-5.449999999999996,False,,743,gold
2024,4307104,43,RS,Herval,57.1,57.32,municipio,Base dos Dados / CNCA,-0.21999999999999886,False,,743,gold
2024,3130606,31,MG,Inconfidentes,86.18,80.0,municipio,Base dos Dados / CNCA,6.180000000000007,True,,743,gold
2024,3547809,35,SP,Santo André,60.42,57.33,municipio,Base dos Dados / CNCA,3.0900000000000034,True,,743,gold
2024,2104008,21,MA,Esperantinópolis,81.48,62.78,municipio,Base dos Dados / CNCA,18.700000000000003,True,,743,gold
2024,2508000,25,PB,Juru,47.76,68.31,municipio,Base dos Dados / CNCA,-20.550000000000004,False,,743,gold
2024,3120201,31,MG,Cristais,86.07,69.33,municipio,Base dos Dados / CNCA,16.739999999999995,True,,743,gold
2024,2509008,25,PB,Manaíra,59.62,80.0,municipio,Base dos Dados / CNCA,-20.380000000000003,False,,743,gold
2024,2105609,21,MA,Joselândia,75.31,58.77,municipio,Base dos Dados / CNCA,16.54,True,,743,gold
2024,3118007,31,MG,Congonhas,74.01,60.11,municipio,Base dos Dados / CNCA,13.900000000000006,True,,743,gold
2024,4200903,42,SC,Angelina,71.67,64.5,uf_fallback,Base dos Dados / CNCA,7.170000000000002,True,,743,gold
2024,4321956,43,RS,Trindade do Sul,57.3,80.0,municipio,Base dos Dados / CNCA,-22.700000000000003,False,,743,gold
2024,3533403,35,SP,Nova Odessa,57.96,59.09,municipio,Base dos Dados / CNCA,-1.1300000000000026,False,,743,gold
2024,3145307,31,MG,Novo Cruzeiro,77.88,76.27,municipio,Base dos Dados / CNCA,1.6099999999999994,True,,743,gold
2024,3122603,31,MG,Dom Joaquim,76.4,63.2,uf_fallback,Base dos Dados / CNCA,13.200000000000003,True,,743,gold
2024,3145901,31,MG,Ouro Branco,81.33,67.76,municipio,Base dos Dados / CNCA,13.569999999999993,True,,743,gold
2024,3545209,35,SP,Salto,67.33,60.17,municipio,Base dos Dados / CNCA,7.159999999999997,True,,743,gold
2024,2100204,21,MA,Alcântara,70.97,74.47,municipio,Base dos Dados / CNCA,-3.5,False,,743,gold
2024,3542404,35,SP,Regente Feijó,61.09,78.07,municipio,Base dos Dados / CNCA,-16.97999999999999,False,,743,gold
2024,5200100,52,GO,Abadiânia,79.39,79.11,municipio,Base dos Dados / CNCA,0.28000000000000114,True,,743,gold
2024,3128105,31,MG,Guapé,80.4,62.11,municipio,Base dos Dados / CNCA,18.290000000000006,True,,743,gold
2024,3525300,35,SP,Jaú,54.89,63.12,municipio,Base dos Dados / CNCA,-8.229999999999997,False,,743,gold
2024,3541406,35,SP,Presidente Prudente,61.12,58.37,municipio,Base dos Dados / CNCA,2.75,True,,743,gold
2024,4314027,43,RS,Paraíso do Sul,54.7,80.0,municipio,Base dos Dados / CNCA,-25.299999999999997,False,,743,gold
2024,4122008,41,PR,Rio Azul,89.22,80.0,municipio,Base dos Dados / CNCA,9.219999999999999,True,,743,gold
2024,2203271,22,PI,Curral Novo do Piauí,48.34,22.86,municipio,Base dos Dados / CNCA,25.480000000000004,True,,743,gold
2024,3533007,35,SP,Nova Granada,59.94,64.31,municipio,Base dos Dados / CNCA,-4.3700000000000045,False,,743,gold
2024,3505351,35,SP,Barra do Chapéu,65.29,67.5,municipio,Base dos Dados / CNCA,-2.2099999999999937,False,,743,gold
2024,5101605,51,MT,Barão de Melgaço,52.26,63.34,municipio,Base dos Dados / CNCA,-11.080000000000005,False,,743,gold
2024,3169703,31,MG,Turmalina,82.52,58.26,municipio,Base dos Dados / CNCA,24.259999999999998,True,,743,gold
2024,4318499,43,RS,São José do Inhacorá,49.7,80.0,municipio,Base dos Dados / CNCA,-30.299999999999997,False,,743,gold
2024,3144706,31,MG,Nova Era,72.22,63.58,municipio,Base dos Dados / CNCA,8.64,True,,743,gold
2024,5000856,50,MS,Angélica,84.52,80.0,municipio,Base dos Dados / CNCA,4.519999999999996,True,,743,gold
2024,3552106,35,SP,Socorro,60.61,55.63,municipio,Base dos Dados / CNCA,4.979999999999997,True,,743,gold
2024,3553005,35,SP,Taguaí,71.38,62.14,municipio,Base dos Dados / CNCA,9.239999999999995,True,,743,gold
2024,4202578,42,SC,Bom Jesus do Oeste,95.99,74.35,municipio,Base dos Dados / CNCA,21.64,True,,743,gold
2024,3502903,35,SP,Araçoiaba da Serra,56.16,54.42,municipio,Base dos Dados / CNCA,1.7399999999999949,True,,743,gold
2024,3203106,32,ES,Jerônimo Monteiro,77.2,71.71,municipio,Base dos Dados / CNCA,5.490000000000009,True,,743,gold
2024,2411809,24,RN,São Fernando,64.89,43.8,uf_fallback,Base dos Dados / CNCA,21.090000000000003,True,,743,gold
2024,2209351,22,PI,Santana do Piauí,68.1,40.02,municipio,Base dos Dados / CNCA,28.07999999999999,True,,743,gold
2024,2207009,22,PI,Oeiras,72.5,68.21,municipio,Base dos Dados / CNCA,4.290000000000006,True,,743,gold
2024,4201802,42,SC,Atalanta,72.58,72.52,municipio,Base dos Dados / CNCA,0.060000000000002274,True,,743,gold
2024,3521309,35,SP,Ipuã,63.8,77.52,municipio,Base dos Dados / CNCA,-13.719999999999999,False,,743,gold
2024,4215752,42,SC,São Bernardino,69.54,80.0,municipio,Base dos Dados / CNCA,-10.459999999999994,False,,743,gold
2024,4216255,42,SC,São João do Oeste,92.42,80.0,municipio,Base dos Dados / CNCA,12.420000000000002,True,,743,gold
2024,3502408,35,SP,Anhumas,57.39,69.09,municipio,Base dos Dados / CNCA,-11.700000000000003,False,,743,gold
2024,5106216,51,MT,Nova Canaã do Norte,68.51,60.45,municipio,Base dos Dados / CNCA,8.060000000000002,True,,743,gold
2024,3122306,31,MG,Divinópolis,77.35,67.23,municipio,Base dos Dados / CNCA,10.11999999999999,True,,743,gold
2024,4217808,42,SC,Taió,72.65,64.5,uf_fallback,Base dos Dados / CNCA,8.150000000000006,True,,743,gold
2024,4211603,42,SC,Nova Veneza,73.25,71.23,municipio,Base dos Dados / CNCA,2.019999999999996,True,,743,gold
2024,2403400,24,RN,Equador,59.19,27.64,municipio,Base dos Dados / CNCA,31.549999999999997,True,,743,gold
2024,5215504,52,GO,Ouvidor,90.09,67.81,municipio,Base dos Dados / CNCA,22.28,True,,743,gold
2024,3135001,31,MG,Jaguaraçu,84.51,65.26,municipio,Base dos Dados / CNCA,19.25,True,,743,gold
2024,3203700,32,ES,Muniz Freire,81.47,80.0,municipio,Base dos Dados / CNCA,1.4699999999999989,True,,743,gold
2024,3532306,35,SP,Natividade da Serra,57.89,46.55,municipio,Base dos Dados / CNCA,11.340000000000003,True,,743,gold
2024,2512408,25,PB,Puxinanã,62.11,76.24,municipio,Base dos Dados / CNCA,-14.129999999999995,False,,743,gold
2024,3518404,35,SP,Guaratinguetá,55.83,60.67,municipio,Base dos Dados / CNCA,-4.840000000000003,False,,743,gold
2024,3551900,35,SP,Severínia,61.65,48.16,municipio,Base dos Dados / CNCA,13.490000000000002,True,,743,gold
2024,4303806,43,RS,Campinas do Sul,64.6,80.0,municipio,Base dos Dados / CNCA,-15.400000000000006,False,,743,gold
2024,2409605,24,RN,Pedra Preta,37.5,48.13,municipio,Base dos Dados / CNCA,-10.630000000000003,False,,743,gold
2024,2210102,22,PI,São José do Peixe,75.0,76.6,municipio,Base dos Dados / CNCA,-1.5999999999999943,False,,743,gold
2024,4215554,42,SC,Santa Helena,66.67,78.58,municipio,Base dos Dados / CNCA,-11.909999999999997,False,,743,gold
2024,2609709,26,PE,Orobó,91.54,64.34,municipio,Base dos Dados / CNCA,27.200000000000003,True,,743,gold
2024,3123106,31,MG,Dores de Guanhães,72.49,48.52,municipio,Base dos Dados / CNCA,23.96999999999999,True,,743,gold
2024,5201207,52,GO,Anhanguera,81.25,80.0,municipio,Base dos Dados / CNCA,1.25,True,,743,gold
2024,2505303,25,PB,Curral Velho,62.5,44.57,municipio,Base dos Dados / CNCA,17.93,True,,743,gold
2024,3169059,31,MG,Tocos do Moji,93.75,78.63,municipio,Base dos Dados / CNCA,15.120000000000005,True,,743,gold
2024,3159209,31,MG,Santa Rita de Caldas,92.49,80.0,municipio,Base dos Dados / CNCA,12.489999999999995,True,,743,gold
2024,3111705,31,MG,Canaã,85.85,76.58,municipio,Base dos Dados / CNCA,9.269999999999996,True,,743,gold
2024,3548807,35,SP,São Caetano do Sul,66.12,64.1,municipio,Base dos Dados / CNCA,2.0200000000000102,True,,743,gold
2024,3106606,31,MG,Bertópolis,85.02,62.87,municipio,Base dos Dados / CNCA,22.15,True,,743,gold
2024,3519303,35,SP,Ibaté,68.78,57.31,municipio,Base dos Dados / CNCA,11.469999999999999,True,,743,gold
2024,5213707,52,GO,Montes Claros de Goiás,75.02,68.75,municipio,Base dos Dados / CNCA,6.269999999999996,True,,743,gold
2024,2111722,21,MA,Satubinha,79.32,80.0,municipio,Base dos Dados / CNCA,-0.6800000000000068,False,,743,gold
2024,3554953,35,SP,Tuiuti,55.64,68.04,municipio,Base dos Dados / CNCA,-12.400000000000006,False,,743,gold
2024,2515104,25,PB,São Sebastião de Lagoa de Roça,57.17,66.95,municipio,Base dos Dados / CNCA,-9.780000000000001,False,,743,gold
2024,3143005,31,MG,Monte Belo,80.85,55.11,municipio,Base dos Dados / CNCA,25.739999999999995,True,,743,gold
2024,4217501,42,SC,Seara,62.5,80.0,municipio,Base dos Dados / CNCA,-17.5,False,,743,gold
2024,3149606,31,MG,Pequi,81.37,66.77,municipio,Base dos Dados / CNCA,14.600000000000009,True,,743,gold
2024,4213153,42,SC,Planalto Alegre,90.38,79.63,municipio,Base dos Dados / CNCA,10.75,True,,743,gold
2024,1718501,17,TO,Recursolândia,50.29,8.25,municipio,Base dos Dados / CNCA,42.04,True,,743,gold
2024,2200400,22,PI,Altos,61.82,64.89,municipio,Base dos Dados / CNCA,-3.0700000000000003,False,,743,gold
2024,3538709,35,SP,Piracicaba,60.0,58.93,municipio,Base dos Dados / CNCA,1.0700000000000003,True,,743,gold
2024,3532504,35,SP,Neves Paulista,74.47,80.0,municipio,Base dos Dados / CNCA,-5.530000000000001,False,,743,gold
2024,5103908,51,MT,General Carneiro,66.1,80.0,municipio,Base dos Dados / CNCA,-13.900000000000006,False,,743,gold
2024,3536505,35,SP,Paulínia,61.39,53.65,municipio,Base dos Dados / CNCA,7.740000000000002,True,,743,gold
2024,4305405,43,RS,Chiapetta,78.0,78.78,municipio,Base dos Dados / CNCA,-0.7800000000000011,False,,743,gold
2024,3121001,31,MG,Datas,90.32,80.0,municipio,Base dos Dados / CNCA,10.319999999999993,True,,743,gold
2024,3550001,35,SP,São Luís do Paraitinga,59.66,74.44,municipio,Base dos Dados / CNCA,-14.780000000000001,False,,743,gold
2024,3160405,31,MG,Santo Antônio do Monte,81.35,80.0,municipio,Base dos Dados / CNCA,1.3499999999999943,True,,743,gold
2024,5213087,52,GO,Minaçu,81.44,76.32,municipio,Base dos Dados / CNCA,5.1200000000000045,True,,743,gold
2024,4108205,41,PR,Formosa do Oeste,85.18,80.0,municipio,Base dos Dados / CNCA,5.180000000000007,True,,743,gold
2024,3553500,35,SP,Tapiraí,57.45,58.05,municipio,Base dos Dados / CNCA,-0.5999999999999943,False,,743,gold
2024,2206506,22,PI,Monsenhor Hipólito,97.7,80.0,municipio,Base dos Dados / CNCA,17.700000000000003,True,,743,gold
2024,3509700,35,SP,Campos do Jordão,57.12,55.98,municipio,Base dos Dados / CNCA,1.1400000000000006,True,,743,gold
2024,2514503,25,PB,São José de Piranhas,55.77,40.93,municipio,Base dos Dados / CNCA,14.840000000000003,True,,743,gold
2024,2603900,26,PE,Carnaíba,92.5,80.0,municipio,Base dos Dados / CNCA,12.5,True,,743,gold
2024,3137403,31,MG,Lagoa Dourada,87.23,66.55,municipio,Base dos Dados / CNCA,20.680000000000007,True,,743,gold
2024,5105176,51,MT,Juruena,73.66,63.07,municipio,Base dos Dados / CNCA,10.589999999999996,True,,743,gold
2024,1705557,17,TO,Combinado,56.14,65.04,municipio,Base dos Dados / CNCA,-8.900000000000006,False,,743,gold
2024,4204509,42,SC,Corupá,79.7,64.27,municipio,Base dos Dados / CNCA,15.430000000000007,True,,743,gold
2024,3538600,35,SP,Piracaia,57.46,62.06,municipio,Base dos Dados / CNCA,-4.600000000000001,False,,743,gold
2024,3502200,35,SP,Angatuba,59.71,53.44,municipio,Base dos Dados / CNCA,6.270000000000003,True,,743,gold
2024,3138351,31,MG,Leme do Prado,82.62,57.42,municipio,Base dos Dados / CNCA,25.200000000000003,True,,743,gold
2024,4311122,43,RS,Jaquirana,36.4,70.35,municipio,Base dos Dados / CNCA,-33.949999999999996,False,,743,gold
2024,3522604,35,SP,Itapira,63.24,63.71,municipio,Base dos Dados / CNCA,-0.46999999999999886,False,,743,gold
2024,3166907,31,MG,Serrania,80.88,66.47,municipio,Base dos Dados / CNCA,14.409999999999997,True,,743,gold
2024,3143104,31,MG,Monte Carmelo,83.18,66.33,municipio,Base dos Dados / CNCA,16.85000000000001,True,,743,gold
2024,3539301,35,SP,Pirassununga,56.4,51.43,municipio,Base dos Dados / CNCA,4.969999999999999,True,,743,gold
2024,3103751,31,MG,Araporã,73.61,65.56,municipio,Base dos Dados / CNCA,8.049999999999997,True,,743,gold
2024,4101655,41,PR,Arapuã,76.31,58.64,municipio,Base dos Dados / CNCA,17.67,True,,743,gold
2024,3204351,32,ES,Rio Bananal,83.06,75.44,municipio,Base dos Dados / CNCA,7.6200000000000045,True,,743,gold
2024,3112505,31,MG,Capim Branco,77.92,63.2,uf_fallback,Base dos Dados / CNCA,14.719999999999999,True,,743,gold
2024,3532207,35,SP,Narandiba,60.6,57.61,municipio,Base dos Dados / CNCA,2.990000000000002,True,,743,gold
2024,4311700,43,RS,Machadinho,64.3,69.73,municipio,Base dos Dados / CNCA,-5.430000000000007,False,,743,gold
2024,3502754,35,SP,Araçariguama,54.04,55.05,municipio,Base dos Dados / CNCA,-1.009999999999998,False,,743,gold
2024,3170909,31,MG,Varzelândia,69.33,52.18,municipio,Base dos Dados / CNCA,17.15,True,,743,gold
2024,4200051,42,SC,Abdon Batista,77.08,73.3,municipio,Base dos Dados / CNCA,3.780000000000001,True,,743,gold
2024,3108206,31,MG,Bonfinópolis de Minas,68.81,80.0,municipio,Base dos Dados / CNCA,-11.189999999999998,False,,743,gold
2024,3203908,32,ES,Nova Venécia,83.55,80.0,municipio,Base dos Dados / CNCA,3.549999999999997,True,,743,gold
2024,4311429,43,RS,Lajeado do Bugre,66.4,66.2,uf_fallback,Base dos Dados / CNCA,0.20000000000000284,True,,743,gold
2024,3205176,32,ES,Vila Valério,79.61,80.0,municipio,Base dos Dados / CNCA,-0.39000000000000057,False,,743,gold
2024,3506003,35,SP,Bauru,59.95,49.57,municipio,Base dos Dados / CNCA,10.380000000000003,True,,743,gold
2024,3501905,35,SP,Amparo,62.39,56.97,municipio,Base dos Dados / CNCA,5.420000000000002,True,,743,gold
2024,3203056,32,ES,Jaguaré,80.31,73.41,municipio,Base dos Dados / CNCA,6.900000000000006,True,,743,gold
2024,2111607,21,MA,São Raimundo das Mangabeiras,84.5,72.44,municipio,Base dos Dados / CNCA,12.060000000000002,True,,743,gold
2024,5205901,52,GO,Corumbaíba,82.63,72.79,municipio,Base dos Dados / CNCA,9.83999999999999,True,,743,gold
2024,3548906,35,SP,São Carlos,61.87,56.26,municipio,Base dos Dados / CNCA,5.609999999999999,True,,743,gold
2024,3155801,31,MG,Rio Pomba,78.55,67.71,municipio,Base dos Dados / CNCA,10.840000000000003,True,,743,gold
2024,5213103,52,GO,Mineiros,84.01,80.0,municipio,Base dos Dados / CNCA,4.010000000000005,True,,743,gold
2024,3546405,35,SP,Santa Cruz do Rio Pardo,70.73,57.25,municipio,Base dos Dados / CNCA,13.480000000000004,True,,743,gold
2024,3514601,35,SP,Dumont,64.5,77.25,municipio,Base dos Dados / CNCA,-12.75,False,,743,gold
2024,3108552,31,MG,Brasilândia de Minas,76.71,77.23,municipio,Base dos Dados / CNCA,-0.5200000000000102,False,,743,gold
2024,4310652,43,RS,Itati,66.7,52.69,municipio,Base dos Dados / CNCA,14.010000000000005,True,,743,gold
2024,2514404,25,PB,São José de Espinharas,44.79,60.23,municipio,Base dos Dados / CNCA,-15.439999999999998,False,,743,gold
2024,2503902,25,PB,Camalaú,68.64,42.98,municipio,Base dos Dados / CNCA,25.660000000000004,True,,743,gold
2024,5203575,52,GO,Bonópolis,61.76,54.0,municipio,Base dos Dados / CNCA,7.759999999999998,True,,743,gold
2024,3135506,31,MG,Jequeri,85.23,61.2,municipio,Base dos Dados / CNCA,24.03,True,,743,gold
2024,3155207,31,MG,Rio Espera,83.87,63.2,uf_fallback,Base dos Dados / CNCA,20.67,True,,743,gold
2024,3122207,31,MG,Divinolândia de Minas,87.1,69.54,municipio,Base dos Dados / CNCA,17.559999999999988,True,,743,gold
2024,5210901,52,GO,Itapaci,85.28,79.01,municipio,Base dos Dados / CNCA,6.269999999999996,True,,743,gold
2024,3109006,31,MG,Brumadinho,87.73,71.82,municipio,Base dos Dados / CNCA,15.91000000000001,True,,743,gold
2024,3122108,31,MG,Divino das Laranjeiras,85.6,47.5,municipio,Base dos Dados / CNCA,38.099999999999994,True,,743,gold
2024,3128204,31,MG,Guaraciaba,83.59,63.2,uf_fallback,Base dos Dados / CNCA,20.39,True,,743,gold
2024,3545605,35,SP,Santa Adélia,64.33,63.89,municipio,Base dos Dados / CNCA,0.4399999999999977,True,,743,gold
2024,3109105,31,MG,Bueno Brandão,82.56,65.8,municipio,Base dos Dados / CNCA,16.760000000000005,True,,743,gold
2024,3163102,31,MG,São José da Varginha,82.68,59.26,municipio,Base dos Dados / CNCA,23.42000000000001,True,,743,gold
2024,3534203,35,SP,Orindiúva,48.15,49.39,municipio,Base dos Dados / CNCA,-1.240000000000002,False,,743,gold
2024,4215059,42,SC,Rio Rufino,76.32,68.06,municipio,Base dos Dados / CNCA,8.259999999999991,True,,743,gold
2024,5211503,52,GO,Itumbiara,74.44,71.41,municipio,Base dos Dados / CNCA,3.030000000000001,True,,743,gold
2024,4107405,41,PR,Enéas Marques,85.24,80.0,municipio,Base dos Dados / CNCA,5.239999999999995,True,,743,gold
2024,5208806,52,GO,Goianira,81.01,70.86,municipio,Base dos Dados / CNCA,10.150000000000006,True,,743,gold
2024,2513158,25,PB,Santa Cecília,48.11,19.74,municipio,Base dos Dados / CNCA,28.37,True,,743,gold
2024,5219738,52,GO,Santo Antônio de Goiás,82.91,80.0,municipio,Base dos Dados / CNCA,2.9099999999999966,True,,743,gold
2024,2307205,23,CE,Jati,77.45,75.23,municipio,Base dos Dados / CNCA,2.219999999999999,True,,743,gold
2024,2608107,26,PE,João Alfredo,75.79,60.81,municipio,Base dos Dados / CNCA,14.980000000000004,True,,743,gold
2024,4207908,42,SC,Irineópolis,79.25,73.1,municipio,Base dos Dados / CNCA,6.150000000000006,True,,743,gold
2024,3556602,35,SP,Vera Cruz,50.96,65.56,municipio,Base dos Dados / CNCA,-14.600000000000001,False,,743,gold
2024,3542206,35,SP,Rancharia,60.02,63.34,municipio,Base dos Dados / CNCA,-3.3200000000000003,False,,743,gold
2024,3169802,31,MG,Turvolândia,67.31,64.7,municipio,Base dos Dados / CNCA,2.6099999999999994,True,,743,gold
2024,3164902,31,MG,São Sebastião do Rio Verde,91.3,70.28,municipio,Base dos Dados / CNCA,21.019999999999996,True,,743,gold
2024,3541109,35,SP,Presidente Alves,60.87,56.6,uf_fallback,Base dos Dados / CNCA,4.269999999999996,True,,743,gold
2024,2504033,25,PB,Capim,60.4,60.01,municipio,Base dos Dados / CNCA,0.39000000000000057,True,,743,gold
2024,3100807,31,MG,Aguanil,88.68,80.0,municipio,Base dos Dados / CNCA,8.680000000000007,True,,743,gold
2024,3516705,35,SP,Garça,57.27,56.55,municipio,Base dos Dados / CNCA,0.720000000000006,True,,743,gold
2024,3509908,35,SP,Cananéia,59.72,67.33,municipio,Base dos Dados / CNCA,-7.609999999999999,False,,743,gold
2024,3134806,31,MG,Jacuí,85.13,72.3,municipio,Base dos Dados / CNCA,12.829999999999998,True,,743,gold
2024,4210605,42,SC,Massaranduba,76.77,72.41,municipio,Base dos Dados / CNCA,4.359999999999999,True,,743,gold
2024,3148004,31,MG,Patos de Minas,79.64,70.88,municipio,Base dos Dados / CNCA,8.760000000000005,True,,743,gold
2024,5203559,52,GO,Bonfinópolis,86.32,61.67,municipio,Base dos Dados / CNCA,24.64999999999999,True,,743,gold
2024,3524600,35,SP,Jacupiranga,54.8,66.5,municipio,Base dos Dados / CNCA,-11.700000000000003,False,,743,gold
2024,3514403,35,SP,Dracena,62.74,65.9,municipio,Base dos Dados / CNCA,-3.1600000000000037,False,,743,gold
2024,3170578,31,MG,Vargem Alegre,83.44,80.0,municipio,Base dos Dados / CNCA,3.4399999999999977,True,,743,gold
2024,2503209,25,PB,Cabedelo,57.38,54.02,municipio,Base dos Dados / CNCA,3.3599999999999994,True,,743,gold
2024,3201704,32,ES,Conceição do Castelo,84.19,77.84,municipio,Base dos Dados / CNCA,6.349999999999994,True,,743,gold
2024,3110103,31,MG,Caiana,76.5,62.1,municipio,Base dos Dados / CNCA,14.399999999999999,True,,743,gold
2024,3142205,31,MG,Miraí,78.13,80.0,municipio,Base dos Dados / CNCA,-1.8700000000000045,False,,743,gold
2024,4122305,41,PR,Rio Negro,88.56,80.0,municipio,Base dos Dados / CNCA,8.560000000000002,True,,743,gold
2024,3535606,35,SP,Paraibuna,58.56,66.21,municipio,Base dos Dados / CNCA,-7.6499999999999915,False,,743,gold
2024,3112307,31,MG,Capelinha,82.5,60.28,municipio,Base dos Dados / CNCA,22.22,True,,743,gold
2024,2506301,25,PB,Guarabira,59.62,42.78,municipio,Base dos Dados / CNCA,16.839999999999996,True,,743,gold
2024,2200053,22,PI,Acauã,81.89,80.0,municipio,Base dos Dados / CNCA,1.8900000000000006,True,,743,gold
2024,3203353,32,ES,Marilândia,78.31,78.73,municipio,Base dos Dados / CNCA,-0.4200000000000017,False,,743,gold
2024,2515930,25,PB,Sertãozinho,75.35,56.63,municipio,Base dos Dados / CNCA,18.71999999999999,True,,743,gold
2024,2208205,22,PI,Pio IX,58.16,42.01,municipio,Base dos Dados / CNCA,16.15,True,,743,gold
2024,3120409,31,MG,Cristiano Otoni,89.96,73.35,municipio,Base dos Dados / CNCA,16.61,True,,743,gold
2024,3155702,31,MG,Rio Piracicaba,79.95,77.46,municipio,Base dos Dados / CNCA,2.490000000000009,True,,743,gold
2024,4313359,43,RS,Nova Roma do Sul,83.3,80.0,municipio,Base dos Dados / CNCA,3.299999999999997,True,,743,gold
2024,3138807,31,MG,Luz,86.87,58.68,municipio,Base dos Dados / CNCA,28.190000000000005,True,,743,gold
2024,2502607,25,PB,Igaracy,79.06,36.1,municipio,Base dos Dados / CNCA,42.96,True,,743,gold
2024,3156908,31,MG,Sacramento,79.64,66.63,municipio,Base dos Dados / CNCA,13.010000000000005,True,,743,gold
2024,3517208,35,SP,Guaiçara,60.0,55.48,municipio,Base dos Dados / CNCA,4.520000000000003,True,,743,gold
2024,2400802,24,RN,Angicos,55.14,26.39,municipio,Base dos Dados / CNCA,28.75,True,,743,gold
2024,3536604,35,SP,Paulo de Faria,80.89,55.24,municipio,Base dos Dados / CNCA,25.65,True,,743,gold
2024,3112802,31,MG,Capitólio,84.65,80.0,municipio,Base dos Dados / CNCA,4.650000000000006,True,,743,gold
2024,3544806,35,SP,Sales,68.37,69.91,municipio,Base dos Dados / CNCA,-1.539999999999992,False,,743,gold
2024,3204104,32,ES,Pinheiros,84.33,77.69,municipio,Base dos Dados / CNCA,6.640000000000001,True,,743,gold
2024,3100104,31,MG,Abadia dos Dourados,96.07,64.48,municipio,Base dos Dados / CNCA,31.58999999999999,True,,743,gold
2024,2703502,27,AL,Jacuípe,77.02,58.55,municipio,Base dos Dados / CNCA,18.47,True,,743,gold
2024,2312601,23,CE,São Luís do Curu,65.1,80.0,municipio,Base dos Dados / CNCA,-14.900000000000006,False,,743,gold
2024,3204609,32,ES,Santa Teresa,82.52,80.0,municipio,Base dos Dados / CNCA,2.519999999999996,True,,743,gold
2024,2404309,24,RN,Governador Dix-Sept Rosado,50.54,61.52,municipio,Base dos Dados / CNCA,-10.980000000000004,False,,743,gold
2024,5212808,52,GO,Mara Rosa,87.78,71.26,municipio,Base dos Dados / CNCA,16.519999999999996,True,,743,gold
2024,3515103,35,SP,Embu-Guaçu,57.38,51.94,municipio,Base dos Dados / CNCA,5.440000000000005,True,,743,gold
2024,3526209,35,SP,Juquitiba,64.05,63.43,municipio,Base dos Dados / CNCA,0.6199999999999974,True,,743,gold
2024,3112604,31,MG,Capinópolis,73.04,55.94,municipio,Base dos Dados / CNCA,17.10000000000001,True,,743,gold
2024,3522000,35,SP,Itaju,44.34,58.17,municipio,Base dos Dados / CNCA,-13.829999999999998,False,,743,gold
2024,3132503,31,MG,Itamarandiba,82.8,62.57,municipio,Base dos Dados / CNCA,20.229999999999997,True,,743,gold
2024,5107792,51,MT,Santo Antônio do Leste,75.82,64.12,municipio,Base dos Dados / CNCA,11.699999999999989,True,,743,gold
2024,3164407,31,MG,São Sebastião da Bela Vista,90.92,69.08,municipio,Base dos Dados / CNCA,21.840000000000003,True,,743,gold
2024,2304236,23,CE,Croatá,99.14,80.0,municipio,Base dos Dados / CNCA,19.14,True,,743,gold
2024,5101803,51,MT,Barra do Garças,66.68,64.28,municipio,Base dos Dados / CNCA,2.4000000000000057,True,,743,gold
2024,3161908,31,MG,São Gonçalo do Rio Abaixo,91.6,80.0,municipio,Base dos Dados / CNCA,11.599999999999994,True,,743,gold
2024,4100301,41,PR,Agudos do Sul,87.51,76.47,municipio,Base dos Dados / CNCA,11.040000000000006,True,,743,gold
2024,2414308,24,RN,Timbaúba dos Batistas,40.0,27.96,municipio,Base dos Dados / CNCA,12.04,True,,743,gold
2024,3524204,35,SP,Jaborandi,67.19,80.0,municipio,Base dos Dados / CNCA,-12.810000000000002,False,,743,gold
2024,3156452,31,MG,Rosário da Limeira,78.18,59.92,municipio,Base dos Dados / CNCA,18.260000000000005,True,,743,gold
2024,3555208,35,SP,Turiúba,93.33,80.0,municipio,Base dos Dados / CNCA,13.329999999999998,True,,743,gold
2024,4306759,43,RS,Doutor Ricardo,80.0,66.2,uf_fallback,Base dos Dados / CNCA,13.799999999999997,True,,743,gold
2024,1704105,17,TO,Centenário,66.67,30.54,municipio,Base dos Dados / CNCA,36.13,True,,743,gold
2024,3160603,31,MG,Santo Hipólito,93.33,62.33,municipio,Base dos Dados / CNCA,31.0,True,,743,gold
2024,4319711,43,RS,São Valentim do Sul,73.3,80.0,municipio,Base dos Dados / CNCA,-6.700000000000003,False,,743,gold
2024,2503506,25,PB,Cacimba de Dentro,63.3,79.56,municipio,Base dos Dados / CNCA,-16.260000000000005,False,,743,gold
2024,3531209,35,SP,Monte Alegre do Sul,56.59,59.25,municipio,Base dos Dados / CNCA,-2.6599999999999966,False,,743,gold
2024,3503307,35,SP,Araras,65.16,61.73,municipio,Base dos Dados / CNCA,3.4299999999999997,True,,743,gold
2024,3501608,35,SP,Americana,64.87,62.11,municipio,Base dos Dados / CNCA,2.760000000000005,True,,743,gold
2024,3551207,35,SP,Sarutaiá,79.97,79.11,municipio,Base dos Dados / CNCA,0.8599999999999994,True,,743,gold
2024,3546207,35,SP,Santa Cruz da Conceição,73.36,68.76,municipio,Base dos Dados / CNCA,4.599999999999994,True,,743,gold
2024,2402105,24,RN,Campo Redondo,39.72,31.26,municipio,Base dos Dados / CNCA,8.459999999999997,True,,743,gold
2024,2607703,26,PE,Itapetim,89.12,67.68,municipio,Base dos Dados / CNCA,21.439999999999998,True,,743,gold
2024,3120607,31,MG,Crucilândia,90.23,80.0,municipio,Base dos Dados / CNCA,10.230000000000004,True,,743,gold
2024,3520905,35,SP,Ipaussu,54.96,59.79,municipio,Base dos Dados / CNCA,-4.829999999999998,False,,743,gold
2024,2407252,24,RN,Major Sales,60.04,38.44,municipio,Base dos Dados / CNCA,21.6,True,,743,gold
2024,3147303,31,MG,Paraisópolis,81.68,63.95,municipio,Base dos Dados / CNCA,17.730000000000004,True,,743,gold
2024,3169356,31,MG,Três Marias,83.47,70.22,municipio,Base dos Dados / CNCA,13.25,True,,743,gold
2024,3144003,31,MG,Mutum,79.68,64.53,municipio,Base dos Dados / CNCA,15.150000000000006,True,,743,gold
2024,3155306,31,MG,Rio Manso,98.05,72.62,municipio,Base dos Dados / CNCA,25.429999999999993,True,,743,gold
2024,3542909,35,SP,Ribeirão Bonito,53.4,79.35,municipio,Base dos Dados / CNCA,-25.949999999999996,False,,743,gold
2024,5204409,52,GO,Caiapônia,84.82,77.1,municipio,Base dos Dados / CNCA,7.719999999999999,True,,743,gold
2024,4211652,42,SC,Novo Horizonte,86.57,80.0,municipio,Base dos Dados / CNCA,6.569999999999993,True,,743,gold
2024,2704609,27,AL,Maravilha,74.38,70.6,municipio,Base dos Dados / CNCA,3.780000000000001,True,,743,gold
2024,3545001,35,SP,Salesópolis,65.52,67.15,municipio,Base dos Dados / CNCA,-1.6300000000000097,False,,743,gold
2024,4108908,41,PR,Guairaçá,80.71,73.72,municipio,Base dos Dados / CNCA,6.989999999999995,True,,743,gold
2024,4213203,42,SC,Pomerode,70.85,65.94,municipio,Base dos Dados / CNCA,4.909999999999997,True,,743,gold
2024,4301008,43,RS,Arroio do Meio,63.6,80.0,municipio,Base dos Dados / CNCA,-16.4,False,,743,gold
2024,3105509,31,MG,Barão de Monte Alto,89.21,66.24,municipio,Base dos Dados / CNCA,22.97,True,,743,gold
2024,5105200,51,MT,Juscimeira,67.06,53.79,municipio,Base dos Dados / CNCA,13.270000000000003,True,,743,gold
2024,3152907,31,MG,Pratápolis,76.97,65.46,municipio,Base dos Dados / CNCA,11.510000000000005,True,,743,gold
2024,2615706,26,PE,Triunfo,80.64,80.0,municipio,Base dos Dados / CNCA,0.6400000000000006,True,,743,gold
2024,2208650,22,PI,Queimada Nova,67.42,63.49,municipio,Base dos Dados / CNCA,3.9299999999999997,True,,743,gold
2024,5218300,52,GO,Posse,80.95,76.74,municipio,Base dos Dados / CNCA,4.210000000000008,True,,743,gold
2024,4124806,41,PR,São João,87.16,80.0,municipio,Base dos Dados / CNCA,7.159999999999997,True,,743,gold
2024,4201208,42,SC,Antônio Carlos,73.55,75.32,municipio,Base dos Dados / CNCA,-1.769999999999996,False,,743,gold
2024,3132909,31,MG,Itamogi,80.11,64.25,municipio,Base dos Dados / CNCA,15.86,True,,743,gold
2024,3501806,35,SP,Américo de Campos,78.38,63.29,municipio,Base dos Dados / CNCA,15.089999999999996,True,,743,gold
2024,3554409,35,SP,Terra Roxa,74.29,69.28,municipio,Base dos Dados / CNCA,5.010000000000005,True,,743,gold
2024,3526902,35,SP,Limeira,62.93,65.28,municipio,Base dos Dados / CNCA,-2.3500000000000014,False,,743,gold
2024,2102754,21,MA,Capinzal do Norte,91.14,42.37,municipio,Base dos Dados / CNCA,48.77,True,,743,gold
2024,2907558,29,BA,Caturama,50.85,52.31,municipio,Base dos Dados / CNCA,-1.4600000000000009,False,,743,gold
2024,4106555,41,PR,Corumbataí do Sul,87.98,80.0,municipio,Base dos Dados / CNCA,7.980000000000004,True,,743,gold
2024,1718840,17,TO,Sandolândia,53.5,51.26,municipio,Base dos Dados / CNCA,2.240000000000002,True,,743,gold
2024,2604908,26,PE,Cumaru,95.06,76.97,municipio,Base dos Dados / CNCA,18.090000000000003,True,,743,gold
2024,1703602,17,TO,Brasilândia do Tocantins,68.9,36.84,municipio,Base dos Dados / CNCA,32.06,True,,743,gold
2024,2403202,24,RN,Doutor Severiano,53.06,58.21,municipio,Base dos Dados / CNCA,-5.149999999999999,False,,743,gold
2024,5103205,51,MT,Colíder,64.22,54.3,municipio,Base dos Dados / CNCA,9.920000000000002,True,,743,gold
2024,3163706,31,MG,São Lourenço,85.37,66.73,municipio,Base dos Dados / CNCA,18.64,True,,743,gold
2024,2202091,22,PI,Caldeirão Grande do Piauí,100.0,80.0,municipio,Base dos Dados / CNCA,20.0,True,,743,gold
2024,3171154,31,MG,Vermelho Novo,81.82,74.55,municipio,Base dos Dados / CNCA,7.269999999999996,True,,743,gold
2024,4215695,42,SC,Santiago do Sul,81.82,74.66,municipio,Base dos Dados / CNCA,7.159999999999997,True,,743,gold
2024,3165602,31,MG,Senador Cortes,81.82,48.13,municipio,Base dos Dados / CNCA,33.68999999999999,True,,743,gold
2024,5207352,52,GO,Edealina,90.91,77.15,municipio,Base dos Dados / CNCA,13.759999999999991,True,,743,gold
2024,3542602,35,SP,Registro,63.81,56.89,municipio,Base dos Dados / CNCA,6.920000000000002,True,,743,gold
2024,3538006,35,SP,Pindamonhangaba,63.8,58.74,municipio,Base dos Dados / CNCA,5.059999999999995,True,,743,gold
2024,2608701,26,PE,Lagoa dos Gatos,86.35,72.37,municipio,Base dos Dados / CNCA,13.97999999999999,True,,743,gold
2024,3556453,35,SP,Vargem Grande Paulista,64.59,60.02,municipio,Base dos Dados / CNCA,4.57,True,,743,gold
2024,1721109,17,TO,Tocantínia,51.16,48.88,municipio,Base dos Dados / CNCA,2.279999999999994,True,,743,gold
2024,5222054,52,GO,Vicentinópolis,84.21,78.5,municipio,Base dos Dados / CNCA,5.709999999999994,True,,743,gold
2024,3202900,32,ES,Itarana,82.15,78.33,municipio,Base dos Dados / CNCA,3.8200000000000074,True,,743,gold
2024,3526803,35,SP,Lençóis Paulista,63.65,64.4,municipio,Base dos Dados / CNCA,-0.7500000000000071,False,,743,gold
2024,3171600,31,MG,Virgem da Lapa,85.1,55.04,municipio,Base dos Dados / CNCA,30.059999999999995,True,,743,gold
2024,3102308,31,MG,Alvinópolis,80.55,54.12,municipio,Base dos Dados / CNCA,26.43,True,,743,gold
2024,3100302,31,MG,Abre Campo,85.05,80.0,municipio,Base dos Dados / CNCA,5.049999999999997,True,,743,gold
2024,3555802,35,SP,Urânia,76.63,56.6,uf_fallback,Base dos Dados / CNCA,20.029999999999994,True,,743,gold
2024,3538501,35,SP,Piquete,69.56,67.86,municipio,Base dos Dados / CNCA,1.7000000000000028,True,,743,gold
2024,3119708,31,MG,Coronel Xavier Chaves,92.31,73.66,municipio,Base dos Dados / CNCA,18.650000000000006,True,,743,gold
2024,5218789,52,GO,Rio Quente,96.08,79.37,municipio,Base dos Dados / CNCA,16.709999999999994,True,,743,gold
2024,3200300,32,ES,Alfredo Chaves,87.55,75.35,municipio,Base dos Dados / CNCA,12.200000000000003,True,,743,gold
2024,2104107,21,MA,Fortaleza dos Nogueiras,78.25,50.73,municipio,Base dos Dados / CNCA,27.520000000000003,True,,743,gold
2024,2612471,26,PE,Santa Cruz da Baixa Verde,87.09,76.08,municipio,Base dos Dados / CNCA,11.010000000000005,True,,743,gold
2024,3511300,35,SP,Cedral,55.73,74.02,municipio,Base dos Dados / CNCA,-18.29,False,,743,gold
2024,3536307,35,SP,Patrocínio Paulista,67.0,50.36,municipio,Base dos Dados / CNCA,16.64,True,,743,gold
2024,3122470,31,MG,Dom Bosco,79.34,59.62,municipio,Base dos Dados / CNCA,19.720000000000006,True,,743,gold
2024,3202504,32,ES,Ibiraçu,81.16,69.69,municipio,Base dos Dados / CNCA,11.469999999999999,True,,743,gold
2024,3168408,31,MG,Tarumirim,76.05,71.59,municipio,Base dos Dados / CNCA,4.459999999999994,True,,743,gold
2024,4120705,41,PR,Quatiguá,90.26,80.0,municipio,Base dos Dados / CNCA,10.260000000000005,True,,743,gold
2024,3512902,35,SP,Cosmorama,56.46,80.0,municipio,Base dos Dados / CNCA,-23.54,False,,743,gold
2024,3171105,31,MG,Veríssimo,77.09,63.2,uf_fallback,Base dos Dados / CNCA,13.89,True,,743,gold
2024,3133204,31,MG,Itanhomi,85.64,47.22,municipio,Base dos Dados / CNCA,38.42,True,,743,gold
2024,4107124,41,PR,Diamante do Sul,83.28,71.09,municipio,Base dos Dados / CNCA,12.189999999999998,True,,743,gold
2024,2307304,23,CE,Juazeiro do Norte,59.48,63.78,municipio,Base dos Dados / CNCA,-4.300000000000004,False,,743,gold
2024,2506608,25,PB,Ibiara,58.62,19.37,municipio,Base dos Dados / CNCA,39.25,True,,743,gold
2024,4121406,41,PR,Realeza,79.84,80.0,municipio,Base dos Dados / CNCA,-0.1599999999999966,False,,743,gold
2024,2508406,25,PB,Lastro,82.76,27.9,municipio,Base dos Dados / CNCA,54.86000000000001,True,,743,gold
2024,3500808,35,SP,Alfredo Marcondes,75.39,56.6,uf_fallback,Base dos Dados / CNCA,18.79,True,,743,gold
2024,2401503,24,RN,Barcelona,74.35,59.37,municipio,Base dos Dados / CNCA,14.979999999999997,True,,743,gold
2024,3554607,35,SP,Timburi,58.99,45.52,municipio,Base dos Dados / CNCA,13.469999999999999,True,,743,gold
2024,5220405,52,GO,São Simão,82.29,73.9,municipio,Base dos Dados / CNCA,8.39,True,,743,gold
2024,3530706,35,SP,Mogi Guaçu,63.47,56.12,municipio,Base dos Dados / CNCA,7.350000000000001,True,,743,gold
2024,2408904,24,RN,Parelhas,63.68,49.2,municipio,Base dos Dados / CNCA,14.479999999999997,True,,743,gold
2024,3161700,31,MG,São Gonçalo do Abaeté,82.95,80.0,municipio,Base dos Dados / CNCA,2.950000000000003,True,,743,gold
2024,5219357,52,GO,Santa Isabel,77.97,79.56,municipio,Base dos Dados / CNCA,-1.5900000000000034,False,,743,gold
2024,3145604,31,MG,Oliveira,85.46,54.71,municipio,Base dos Dados / CNCA,30.749999999999993,True,,743,gold
2024,3529005,35,SP,Marília,65.47,62.61,municipio,Base dos Dados / CNCA,2.8599999999999994,True,,743,gold
2024,3112653,31,MG,Capitão Andrade,77.02,46.67,municipio,Base dos Dados / CNCA,30.349999999999994,True,,743,gold
2024,4214102,42,SC,Presidente Nereu,58.33,56.35,municipio,Base dos Dados / CNCA,1.9799999999999969,True,,743,gold
2024,3104304,31,MG,Areado,88.09,72.21,municipio,Base dos Dados / CNCA,15.88000000000001,True,,743,gold
2024,5207253,52,GO,Doverlândia,83.34,78.47,municipio,Base dos Dados / CNCA,4.8700000000000045,True,,743,gold
2024,3133402,31,MG,Itapagipe,77.3,66.51,municipio,Base dos Dados / CNCA,10.789999999999992,True,,743,gold
2024,4200606,42,SC,Águas Mornas,79.3,80.0,municipio,Base dos Dados / CNCA,-0.7000000000000028,False,,743,gold
2024,3162708,31,MG,São João do Paraíso,87.33,71.98,municipio,Base dos Dados / CNCA,15.349999999999994,True,,743,gold
2024,5200555,52,GO,Alto Horizonte,72.47,68.81,municipio,Base dos Dados / CNCA,3.6599999999999966,True,,743,gold
2024,3151008,31,MG,Piranguinho,85.01,71.05,municipio,Base dos Dados / CNCA,13.960000000000008,True,,743,gold
2024,2605459,26,PE,Fernando de Noronha,86.01,62.4,uf_fallback,Base dos Dados / CNCA,23.610000000000007,True,,743,gold
2024,3515608,35,SP,Fernando Prestes,85.99,80.0,municipio,Base dos Dados / CNCA,5.989999999999995,True,,743,gold
2024,3101904,31,MG,Alpinópolis,78.56,48.26,municipio,Base dos Dados / CNCA,30.300000000000004,True,,743,gold
2024,3161205,31,MG,São Francisco de Paula,90.73,78.86,municipio,Base dos Dados / CNCA,11.870000000000005,True,,743,gold
2024,3542107,35,SP,Rafard,70.8,80.0,municipio,Base dos Dados / CNCA,-9.200000000000003,False,,743,gold
2024,3204559,32,ES,Santa Maria de Jetibá,85.41,80.0,municipio,Base dos Dados / CNCA,5.409999999999997,True,,743,gold
2024,5205000,52,GO,Carmo do Rio Verde,85.78,79.02,municipio,Base dos Dados / CNCA,6.760000000000005,True,,743,gold
2024,3165701,31,MG,Senador Firmino,91.79,68.56,municipio,Base dos Dados / CNCA,23.230000000000004,True,,743,gold
2024,4202131,42,SC,Bela Vista do Toldo,81.95,80.0,municipio,Base dos Dados / CNCA,1.9500000000000028,True,,743,gold
2024,2904209,29,BA,Botuporã,47.37,65.03,municipio,Base dos Dados / CNCA,-17.660000000000004,False,,743,gold
2024,3546702,35,SP,Santa Gertrudes,64.05,63.03,municipio,Base dos Dados / CNCA,1.019999999999996,True,,743,gold
2024,5100805,51,MT,Apiacás,74.17,53.82,municipio,Base dos Dados / CNCA,20.35,True,,743,gold
2024,3144409,31,MG,Natércia,86.3,71.74,municipio,Base dos Dados / CNCA,14.560000000000002,True,,743,gold
2024,3201803,32,ES,Divino de São Lourenço,82.15,51.59,municipio,Base dos Dados / CNCA,30.560000000000002,True,,743,gold
2024,2300606,23,CE,Altaneira,88.52,80.0,municipio,Base dos Dados / CNCA,8.519999999999996,True,,743,gold
2024,3123700,31,MG,Engenheiro Caldas,63.03,61.83,municipio,Base dos Dados / CNCA,1.2000000000000028,True,,743,gold
2024,1720853,17,TO,Sucupira,58.97,77.95,municipio,Base dos Dados / CNCA,-18.980000000000004,False,,743,gold
2024,2508901,25,PB,Mamanguape,68.65,51.66,municipio,Base dos Dados / CNCA,16.99000000000001,True,,743,gold
2024,3118304,31,MG,Conselheiro Lafaiete,83.19,67.43,municipio,Base dos Dados / CNCA,15.759999999999991,True,,743,gold
2024,4303673,43,RS,Campestre da Serra,80.8,80.0,municipio,Base dos Dados / CNCA,0.7999999999999972,True,,743,gold
2024,5103056,51,MT,Cláudia,66.28,61.97,municipio,Base dos Dados / CNCA,4.310000000000002,True,,743,gold
2024,3165305,31,MG,São Vicente de Minas,81.64,63.39,municipio,Base dos Dados / CNCA,18.25,True,,743,gold
2024,2312809,23,CE,Senador Sá,99.12,80.0,municipio,Base dos Dados / CNCA,19.120000000000005,True,,743,gold
2024,3536208,35,SP,Pariquera-Açu,61.36,67.0,municipio,Base dos Dados / CNCA,-5.640000000000001,False,,743,gold
2024,3523305,35,SP,Itariri,64.57,64.65,municipio,Base dos Dados / CNCA,-0.0800000000000125,False,,743,gold
2024,3516903,35,SP,General Salgado,67.35,63.97,municipio,Base dos Dados / CNCA,3.3799999999999955,True,,743,gold
2024,5208905,52,GO,Goiás,87.52,69.49,municipio,Base dos Dados / CNCA,18.03,True,,743,gold
2024,3516101,35,SP,Florínia,85.14,56.6,uf_fallback,Base dos Dados / CNCA,28.54,True,,743,gold
2024,5212204,52,GO,Jussara,79.77,62.46,municipio,Base dos Dados / CNCA,17.309999999999995,True,,743,gold
2024,3201902,32,ES,Domingos Martins,82.13,80.0,municipio,Base dos Dados / CNCA,2.1299999999999955,True,,743,gold
2024,2413557,24,RN,Serrinha dos Pintos,61.75,61.18,municipio,Base dos Dados / CNCA,0.5700000000000003,True,,743,gold
2024,3557105,35,SP,Votuporanga,61.66,54.68,municipio,Base dos Dados / CNCA,6.979999999999997,True,,743,gold
2024,3538303,35,SP,Piquerobi,45.2,60.19,municipio,Base dos Dados / CNCA,-14.989999999999995,False,,743,gold
2024,3503208,35,SP,Araraquara,65.95,59.9,municipio,Base dos Dados / CNCA,6.050000000000004,True,,743,gold
2024,5200134,52,GO,Acreúna,81.48,62.06,municipio,Base dos Dados / CNCA,19.42,True,,743,gold
2024,5221551,52,GO,Turvelândia,86.88,70.07,municipio,Base dos Dados / CNCA,16.810000000000002,True,,743,gold
2024,4307831,43,RS,Eugênio de Castro,50.0,66.2,uf_fallback,Base dos Dados / CNCA,-16.200000000000003,False,,743,gold
2024,3518008,35,SP,Guarani d'Oeste,57.14,80.0,municipio,Base dos Dados / CNCA,-22.86,False,,743,gold
2024,5205703,52,GO,Córrego do Ouro,100.0,77.79,municipio,Base dos Dados / CNCA,22.209999999999994,True,,743,gold
2024,2514206,25,PB,São José da Lagoa Tapada,59.52,80.0,municipio,Base dos Dados / CNCA,-20.479999999999997,False,,743,gold
2024,4314498,43,RS,Pinheirinho do Vale,74.2,80.0,municipio,Base dos Dados / CNCA,-5.799999999999997,False,,743,gold
2024,2200954,22,PI,Aroeiras do Itaim,80.95,57.75,municipio,Base dos Dados / CNCA,23.200000000000003,True,,743,gold
2024,3550506,35,SP,São Pedro do Turvo,71.42,70.94,municipio,Base dos Dados / CNCA,0.480000000000004,True,,743,gold
2024,2211407,22,PI,Várzea Grande,76.19,80.0,municipio,Base dos Dados / CNCA,-3.8100000000000023,False,,743,gold
2024,4306072,43,RS,Cristal do Sul,92.9,66.2,uf_fallback,Base dos Dados / CNCA,26.700000000000003,True,,743,gold
2024,2514800,25,PB,São José dos Cordeiros,95.24,80.0,municipio,Base dos Dados / CNCA,15.239999999999995,True,,743,gold
2024,4308250,43,RS,Floriano Peixoto,71.4,80.0,municipio,Base dos Dados / CNCA,-8.599999999999994,False,,743,gold
2024,3104403,31,MG,Argirita,89.33,59.26,municipio,Base dos Dados / CNCA,30.07,True,,743,gold
2024,3136900,31,MG,Juruaia,82.69,78.72,municipio,Base dos Dados / CNCA,3.969999999999999,True,,743,gold
2024,2401701,24,RN,Bom Jesus,50.85,43.8,uf_fallback,Base dos Dados / CNCA,7.050000000000004,True,,743,gold
2024,3137205,31,MG,Lagoa da Prata,82.41,73.73,municipio,Base dos Dados / CNCA,8.679999999999993,True,,743,gold
2024,4311759,43,RS,Manoel Viana,48.0,35.72,municipio,Base dos Dados / CNCA,12.280000000000001,True,,743,gold
2024,3515202,35,SP,Estrela d'Oeste,58.91,58.28,municipio,Base dos Dados / CNCA,0.6299999999999955,True,,743,gold
2024,3157500,31,MG,Santa Efigênia de Minas,75.81,49.21,municipio,Base dos Dados / CNCA,26.6,True,,743,gold
2024,3133907,31,MG,Itaverava,85.76,63.2,uf_fallback,Base dos Dados / CNCA,22.560000000000002,True,,743,gold
2024,3133758,31,MG,Itaú de Minas,89.46,75.2,municipio,Base dos Dados / CNCA,14.259999999999991,True,,743,gold
2024,2503308,25,PB,Cachoeira dos Índios,52.23,48.08,municipio,Base dos Dados / CNCA,4.149999999999999,True,,743,gold
2024,4212007,42,SC,Palma Sola,79.92,80.0,municipio,Base dos Dados / CNCA,-0.0799999999999983,False,,743,gold
2024,4210209,42,SC,Major Gercino,76.42,56.12,municipio,Base dos Dados / CNCA,20.300000000000004,True,,743,gold
2024,3127503,31,MG,Gonzaga,82.31,68.63,municipio,Base dos Dados / CNCA,13.680000000000007,True,,743,gold
2024,3106507,31,MG,Berilo,89.12,63.2,uf_fallback,Base dos Dados / CNCA,25.92,True,,743,gold
2024,4205555,42,SC,Frei Rogério,94.95,64.5,uf_fallback,Base dos Dados / CNCA,30.450000000000003,True,,743,gold
2024,3129707,31,MG,Ibiraci,76.93,39.73,municipio,Base dos Dados / CNCA,37.20000000000001,True,,743,gold
2024,4123105,41,PR,Santa Amélia,91.5,80.0,municipio,Base dos Dados / CNCA,11.5,True,,743,gold
2024,2505105,25,PB,Cuité,62.2,55.49,municipio,Base dos Dados / CNCA,6.710000000000001,True,,743,gold
2024,5209937,52,GO,Inaciolândia,87.01,76.77,municipio,Base dos Dados / CNCA,10.240000000000009,True,,743,gold
2024,3171709,31,MG,Virgínia,74.66,61.6,municipio,Base dos Dados / CNCA,13.059999999999995,True,,743,gold
2024,3167400,31,MG,Silvianópolis,87.91,58.35,municipio,Base dos Dados / CNCA,29.559999999999995,True,,743,gold
2024,2201051,22,PI,Assunção do Piauí,69.88,80.0,municipio,Base dos Dados / CNCA,-10.120000000000005,False,,743,gold
2024,3545100,35,SP,Salmourão,61.69,60.91,municipio,Base dos Dados / CNCA,0.7800000000000011,True,,743,gold
2024,3552908,35,SP,Taciba,67.0,79.94,municipio,Base dos Dados / CNCA,-12.939999999999998,False,,743,gold
2024,3527702,35,SP,Luiziânia,54.95,58.85,municipio,Base dos Dados / CNCA,-3.8999999999999986,False,,743,gold
2024,5103007,51,MT,Chapada dos Guimarães,69.0,52.97,municipio,Base dos Dados / CNCA,16.03,True,,743,gold
2024,1707207,17,TO,Dois Irmãos do Tocantins,52.81,53.8,municipio,Base dos Dados / CNCA,-0.9899999999999949,False,,743,gold
2024,3501004,35,SP,Altinópolis,67.78,70.36,municipio,Base dos Dados / CNCA,-2.5799999999999983,False,,743,gold
2024,2312502,23,CE,São João do Jaguaribe,95.98,79.85,municipio,Base dos Dados / CNCA,16.13000000000001,True,,743,gold
2024,3533502,35,SP,Novo Horizonte,75.66,64.6,municipio,Base dos Dados / CNCA,11.060000000000002,True,,743,gold
2024,3118809,31,MG,Coração de Jesus,79.4,67.95,municipio,Base dos Dados / CNCA,11.450000000000003,True,,743,gold
2024,2109239,21,MA,Presidente Médici,74.73,76.15,municipio,Base dos Dados / CNCA,-1.4200000000000017,False,,743,gold
2024,2111706,21,MA,São Vicente Ferrer,76.82,64.17,municipio,Base dos Dados / CNCA,12.649999999999991,True,,743,gold
2024,5103254,51,MT,Colniza,69.19,47.78,municipio,Base dos Dados / CNCA,21.409999999999997,True,,743,gold
2024,4117271,41,PR,Nova Tebas,84.88,80.0,municipio,Base dos Dados / CNCA,4.8799999999999955,True,,743,gold
2024,5204706,52,GO,Campinorte,81.71,74.74,municipio,Base dos Dados / CNCA,6.969999999999999,True,,743,gold
2024,3102100,31,MG,Alto Rio Doce,86.89,63.2,uf_fallback,Base dos Dados / CNCA,23.689999999999998,True,,743,gold
2024,3521408,35,SP,Iracemápolis,62.26,62.96,municipio,Base dos Dados / CNCA,-0.7000000000000028,False,,743,gold
2024,3154705,31,MG,Ribeirão Vermelho,80.2,48.75,municipio,Base dos Dados / CNCA,31.450000000000003,True,,743,gold
2024,4117214,41,PR,Nova Santa Bárbara,79.18,80.0,municipio,Base dos Dados / CNCA,-0.8199999999999932,False,,743,gold
2024,3130903,31,MG,Inhapim,84.81,70.4,municipio,Base dos Dados / CNCA,14.409999999999997,True,,743,gold
2024,5220157,52,GO,São Luíz do Norte,85.76,76.07,municipio,Base dos Dados / CNCA,9.690000000000012,True,,743,gold
2024,2105948,21,MA,Lago dos Rodrigues,92.3,80.0,municipio,Base dos Dados / CNCA,12.299999999999997,True,,743,gold
2024,4214607,42,SC,Rio do Oeste,63.06,80.0,municipio,Base dos Dados / CNCA,-16.939999999999998,False,,743,gold
2024,2313005,23,CE,Solonópole,98.96,80.0,municipio,Base dos Dados / CNCA,18.959999999999994,True,,743,gold
2024,3505104,35,SP,Barbosa,65.05,67.3,municipio,Base dos Dados / CNCA,-2.25,False,,743,gold
2024,3115706,31,MG,Central de Minas,72.79,72.65,municipio,Base dos Dados / CNCA,0.14000000000000057,True,,743,gold
2024,5107065,51,MT,Querência,74.18,61.52,municipio,Base dos Dados / CNCA,12.660000000000004,True,,743,gold
2024,2515906,25,PB,Serraria,74.71,80.0,municipio,Base dos Dados / CNCA,-5.290000000000006,False,,743,gold
2024,3515707,35,SP,Ferraz de Vasconcelos,65.07,57.23,municipio,Base dos Dados / CNCA,7.839999999999996,True,,743,gold
2024,2203602,22,PI,Eliseu Martins,65.85,80.0,municipio,Base dos Dados / CNCA,-14.150000000000006,False,,743,gold
2024,4208609,42,SC,Jaborá,77.67,74.82,municipio,Base dos Dados / CNCA,2.8500000000000085,True,,743,gold
2024,3553302,35,SP,Tambaú,59.74,53.01,municipio,Base dos Dados / CNCA,6.730000000000004,True,,743,gold
2024,3520509,35,SP,Indaiatuba,62.82,62.07,municipio,Base dos Dados / CNCA,0.75,True,,743,gold
2024,2701001,27,AL,Boca da Mata,88.19,74.59,municipio,Base dos Dados / CNCA,13.599999999999994,True,,743,gold
2024,3115474,31,MG,Catuti,75.75,64.35,municipio,Base dos Dados / CNCA,11.400000000000006,True,,743,gold
2024,3131406,31,MG,Ipiaçu,76.42,75.9,municipio,Base dos Dados / CNCA,0.519999999999996,True,,743,gold
2024,2208106,22,PI,Pimenteiras,61.41,63.73,municipio,Base dos Dados / CNCA,-2.3200000000000003,False,,743,gold
2024,2506004,25,PB,Esperança,64.21,64.55,municipio,Base dos Dados / CNCA,-0.3400000000000034,False,,743,gold
2024,3527900,35,SP,Lutécia,78.67,72.92,municipio,Base dos Dados / CNCA,5.75,True,,743,gold
2024,2106003,21,MA,Lima Campos,90.91,80.0,municipio,Base dos Dados / CNCA,10.909999999999997,True,,743,gold
2024,3165503,31,MG,Sardoá,85.12,51.34,municipio,Base dos Dados / CNCA,33.78,True,,743,gold
2024,3149705,31,MG,Perdigão,80.71,80.0,municipio,Base dos Dados / CNCA,0.7099999999999937,True,,743,gold
2024,2511004,25,PB,Pedra Branca,69.89,80.0,municipio,Base dos Dados / CNCA,-10.11,False,,743,gold
2024,1600212,16,AP,Cutias,53.36,52.37,municipio,Base dos Dados / CNCA,0.990000000000002,True,,743,gold
2024,3164431,31,MG,São Sebastião da Vargem Alegre,93.1,57.79,municipio,Base dos Dados / CNCA,35.309999999999995,True,,743,gold
2024,5211800,52,GO,Jaraguá,83.96,80.0,municipio,Base dos Dados / CNCA,3.9599999999999937,True,,743,gold
2024,3147956,31,MG,Patis,85.08,77.38,municipio,Base dos Dados / CNCA,7.700000000000003,True,,743,gold
2024,3121803,31,MG,Dionísio,72.13,80.0,municipio,Base dos Dados / CNCA,-7.8700000000000045,False,,743,gold
2024,3101409,31,MG,Albertina,92.62,71.23,municipio,Base dos Dados / CNCA,21.39,True,,743,gold
2024,3161007,31,MG,São Domingos do Prata,84.25,70.8,municipio,Base dos Dados / CNCA,13.450000000000003,True,,743,gold
2024,3166808,31,MG,Serra do Salitre,72.87,63.21,municipio,Base dos Dados / CNCA,9.660000000000004,True,,743,gold
2024,5108006,51,MT,Tapurah,68.81,59.92,municipio,Base dos Dados / CNCA,8.89,True,,743,gold
2024,2201739,22,PI,Betânia do Piauí,82.76,48.5,municipio,Base dos Dados / CNCA,34.260000000000005,True,,743,gold
2024,2517100,25,PB,Várzea,62.96,56.63,municipio,Base dos Dados / CNCA,6.329999999999998,True,,743,gold
2024,2707008,27,AL,Pindoba,48.15,36.18,municipio,Base dos Dados / CNCA,11.969999999999999,True,,743,gold
2024,2505279,25,PB,Curral de Cima,55.56,60.93,municipio,Base dos Dados / CNCA,-5.369999999999997,False,,743,gold
2024,3161809,31,MG,São Gonçalo do Pará,78.82,64.24,municipio,Base dos Dados / CNCA,14.579999999999998,True,,743,gold
2024,3150406,31,MG,Piedade dos Gerais,83.86,73.21,municipio,Base dos Dados / CNCA,10.650000000000006,True,,743,gold
2024,2305407,23,CE,Icó,75.41,80.0,municipio,Base dos Dados / CNCA,-4.590000000000003,False,,743,gold
2024,3201001,32,ES,Boa Esperança,85.45,77.19,municipio,Base dos Dados / CNCA,8.260000000000005,True,,743,gold
2024,3539509,35,SP,Pitangueiras,67.24,65.71,municipio,Base dos Dados / CNCA,1.5300000000000011,True,,743,gold
2024,4210852,42,SC,Mirim Doce,74.06,45.55,municipio,Base dos Dados / CNCA,28.510000000000005,True,,743,gold
2024,1709005,17,TO,Goiatins,38.49,18.74,municipio,Base dos Dados / CNCA,19.750000000000004,True,,743,gold
2024,3551603,35,SP,Serra Negra,69.85,56.6,uf_fallback,Base dos Dados / CNCA,13.249999999999993,True,,743,gold
2024,3538808,35,SP,Piraju,71.36,67.22,municipio,Base dos Dados / CNCA,4.140000000000001,True,,743,gold
2024,5203104,52,GO,Baliza,89.49,66.86,municipio,Base dos Dados / CNCA,22.629999999999995,True,,743,gold
2024,3122801,31,MG,Dom Viçoso,84.85,80.0,municipio,Base dos Dados / CNCA,4.849999999999994,True,,743,gold
2024,5100201,51,MT,Água Boa,79.49,62.56,municipio,Base dos Dados / CNCA,16.929999999999993,True,,743,gold
2024,5204904,52,GO,Campos Belos,75.75,67.62,municipio,Base dos Dados / CNCA,8.129999999999995,True,,743,gold
2024,4311155,43,RS,Jóia,54.2,66.2,uf_fallback,Base dos Dados / CNCA,-12.0,False,,743,gold
2024,3523602,35,SP,Itirapina,69.9,62.57,municipio,Base dos Dados / CNCA,7.330000000000005,True,,743,gold
2024,5218508,52,GO,Quirinópolis,80.29,69.08,municipio,Base dos Dados / CNCA,11.210000000000008,True,,743,gold
2024,3532058,35,SP,Motuca,78.09,79.94,municipio,Base dos Dados / CNCA,-1.8499999999999943,False,,743,gold
2024,3204401,32,ES,Rio Novo do Sul,77.38,78.33,municipio,Base dos Dados / CNCA,-0.9500000000000028,False,,743,gold
2024,4211801,42,SC,Ouro,82.18,73.74,municipio,Base dos Dados / CNCA,8.440000000000012,True,,743,gold
2024,3157252,31,MG,Santa Bárbara do Leste,70.45,63.2,uf_fallback,Base dos Dados / CNCA,7.25,True,,743,gold
2024,3526704,35,SP,Leme,61.7,57.33,municipio,Base dos Dados / CNCA,4.3700000000000045,True,,743,gold
2024,4315354,43,RS,Quinze de Novembro,89.7,70.67,municipio,Base dos Dados / CNCA,19.03,True,,743,gold
2024,2208304,22,PI,Piracuruca,82.48,76.3,municipio,Base dos Dados / CNCA,6.180000000000007,True,,743,gold
2024,4107553,41,PR,Farol,96.3,76.57,municipio,Base dos Dados / CNCA,19.730000000000004,True,,743,gold
2024,1718881,17,TO,Santa Maria do Tocantins,39.73,31.78,municipio,Base dos Dados / CNCA,7.949999999999996,True,,743,gold
2024,3205069,32,ES,Venda Nova do Imigrante,87.97,80.0,municipio,Base dos Dados / CNCA,7.969999999999999,True,,743,gold
2024,3147907,31,MG,Passos,82.88,67.82,municipio,Base dos Dados / CNCA,15.060000000000002,True,,743,gold
2024,3533809,35,SP,Óleo,70.0,60.93,municipio,Base dos Dados / CNCA,9.07,True,,743,gold
2024,2112704,21,MA,Vargem Grande,96.58,80.0,municipio,Base dos Dados / CNCA,16.58,True,,743,gold
2024,3109253,31,MG,Bugre,85.0,80.0,municipio,Base dos Dados / CNCA,5.0,True,,743,gold
2024,3126406,31,MG,Fortuna de Minas,90.83,62.69,municipio,Base dos Dados / CNCA,28.14,True,,743,gold
2024,2310605,23,CE,Penaforte,63.67,78.04,municipio,Base dos Dados / CNCA,-14.370000000000005,False,,743,gold
2024,3116605,31,MG,Cláudio,82.99,64.18,municipio,Base dos Dados / CNCA,18.809999999999988,True,,743,gold
2024,4215406,42,SC,Salto Veloso,72.08,80.0,municipio,Base dos Dados / CNCA,-7.920000000000002,False,,743,gold
2024,3204955,32,ES,São Roque do Canaã,89.65,75.39,municipio,Base dos Dados / CNCA,14.260000000000005,True,,743,gold
2024,3525706,35,SP,José Bonifácio,59.52,59.8,municipio,Base dos Dados / CNCA,-0.27999999999999403,False,,743,gold
2024,3504107,35,SP,Atibaia,65.26,72.05,municipio,Base dos Dados / CNCA,-6.789999999999992,False,,743,gold
2024,2408508,24,RN,Ouro Branco,73.61,46.85,municipio,Base dos Dados / CNCA,26.759999999999998,True,,743,gold
2024,3162252,31,MG,São João da Lagoa,77.83,54.91,municipio,Base dos Dados / CNCA,22.92,True,,743,gold
2024,1718550,17,TO,Riachinho,54.32,28.46,municipio,Base dos Dados / CNCA,25.86,True,,743,gold
2024,3102001,31,MG,Alterosa,85.54,64.6,municipio,Base dos Dados / CNCA,20.940000000000012,True,,743,gold
2024,3166956,31,MG,Serranópolis de Minas,95.99,80.0,municipio,Base dos Dados / CNCA,15.989999999999995,True,,743,gold
2024,3543204,35,SP,Ribeirão do Sul,58.93,75.04,municipio,Base dos Dados / CNCA,-16.110000000000007,False,,743,gold
2024,3510807,35,SP,Casa Branca,61.98,50.63,municipio,Base dos Dados / CNCA,11.349999999999994,True,,743,gold
2024,3540408,35,SP,Populina,79.69,78.22,municipio,Base dos Dados / CNCA,1.4699999999999989,True,,743,gold
2024,3549904,35,SP,São José dos Campos,64.52,61.18,municipio,Base dos Dados / CNCA,3.3399999999999963,True,,743,gold
2024,2210656,22,PI,Sigefredo Pacheco,75.67,50.79,municipio,Base dos Dados / CNCA,24.880000000000003,True,,743,gold
2024,5008305,50,MS,Três Lagoas,82.99,71.48,municipio,Base dos Dados / CNCA,11.509999999999991,True,,743,gold
2024,3117900,31,MG,Congonhal,83.44,74.47,municipio,Base dos Dados / CNCA,8.969999999999999,True,,743,gold
2024,2514909,25,PB,São Mamede,49.02,44.17,municipio,Base dos Dados / CNCA,4.850000000000001,True,,743,gold
2024,3162922,31,MG,São Joaquim de Bicas,82.15,53.39,municipio,Base dos Dados / CNCA,28.760000000000005,True,,743,gold
2024,5215405,52,GO,Ouro Verde de Goiás,96.61,80.0,municipio,Base dos Dados / CNCA,16.61,True,,743,gold
2024,3507001,35,SP,Boituva,69.83,64.65,municipio,Base dos Dados / CNCA,5.179999999999993,True,,743,gold
2024,3510401,35,SP,Capivari,66.48,67.01,municipio,Base dos Dados / CNCA,-0.5300000000000011,False,,743,gold
2024,3140803,31,MG,Matias Barbosa,78.82,62.35,municipio,Base dos Dados / CNCA,16.46999999999999,True,,743,gold
2024,4316204,43,RS,Rondinha,75.3,80.0,municipio,Base dos Dados / CNCA,-4.700000000000003,False,,743,gold
2024,2106672,21,MA,Milagres do Maranhão,96.86,80.0,municipio,Base dos Dados / CNCA,16.86,True,,743,gold
2024,5210406,52,GO,Itaberaí,81.22,79.11,municipio,Base dos Dados / CNCA,2.1099999999999994,True,,743,gold
2024,3162609,31,MG,São João do Oriente,67.66,80.0,municipio,Base dos Dados / CNCA,-12.340000000000003,False,,743,gold
2024,5203609,52,GO,Brazabrantes,90.96,54.03,municipio,Base dos Dados / CNCA,36.92999999999999,True,,743,gold
2024,4310439,43,RS,Ipê,60.1,80.0,municipio,Base dos Dados / CNCA,-19.9,False,,743,gold
2024,3159001,31,MG,Santana do Riacho,80.15,64.05,municipio,Base dos Dados / CNCA,16.10000000000001,True,,743,gold
2024,2512101,25,PB,Pombal,65.57,62.19,municipio,Base dos Dados / CNCA,3.3799999999999955,True,,743,gold
2024,3124500,31,MG,Estiva,81.08,73.63,municipio,Base dos Dados / CNCA,7.450000000000003,True,,743,gold
2024,3165909,31,MG,Senador Modestino Gonçalves,90.34,76.11,municipio,Base dos Dados / CNCA,14.230000000000004,True,,743,gold
2024,4207684,42,SC,Ipuaçu,77.74,62.89,municipio,Base dos Dados / CNCA,14.849999999999994,True,,743,gold
2024,3169406,31,MG,Três Pontas,81.67,64.27,municipio,Base dos Dados / CNCA,17.400000000000006,True,,743,gold
2024,4307864,43,RS,Fagundes Varela,69.2,80.0,municipio,Base dos Dados / CNCA,-10.799999999999997,False,,743,gold
2024,5101902,51,MT,Brasnorte,69.06,56.56,municipio,Base dos Dados / CNCA,12.5,True,,743,gold
2024,3149408,31,MG,Pedro Teixeira,100.0,63.2,uf_fallback,Base dos Dados / CNCA,36.8,True,,743,gold
2024,3529906,35,SP,Miracatu,65.52,49.39,municipio,Base dos Dados / CNCA,16.129999999999995,True,,743,gold
2024,2516201,25,PB,Sousa,65.82,49.9,municipio,Base dos Dados / CNCA,15.919999999999995,True,,743,gold
2024,3513850,35,SP,Dirce Reis,84.62,52.09,municipio,Base dos Dados / CNCA,32.53,True,,743,gold
2024,3101631,31,MG,Alfredo Vasconcelos,78.08,73.26,municipio,Base dos Dados / CNCA,4.819999999999993,True,,743,gold
2024,3165560,31,MG,Sem-Peixe,84.62,77.0,municipio,Base dos Dados / CNCA,7.6200000000000045,True,,743,gold
2024,4125555,41,PR,São Manoel do Paraná,73.08,80.0,municipio,Base dos Dados / CNCA,-6.920000000000002,False,,743,gold
2024,4214508,42,SC,Rio do Campo,80.05,69.94,municipio,Base dos Dados / CNCA,10.11,True,,743,gold
2024,4112603,41,PR,Jardim Olinda,92.31,54.93,municipio,Base dos Dados / CNCA,37.38,True,,743,gold
2024,3511508,35,SP,Cerquilho,69.15,64.08,municipio,Base dos Dados / CNCA,5.070000000000007,True,,743,gold
2024,3202702,32,ES,Itaguaçu,87.07,74.88,municipio,Base dos Dados / CNCA,12.189999999999998,True,,743,gold
2024,3164704,31,MG,São Sebastião do Paraíso,81.09,67.85,municipio,Base dos Dados / CNCA,13.240000000000009,True,,743,gold
2024,3126109,31,MG,Formiga,85.91,69.05,municipio,Base dos Dados / CNCA,16.86,True,,743,gold
2024,3171071,31,MG,Veredinha,77.02,65.08,municipio,Base dos Dados / CNCA,11.939999999999998,True,,743,gold
2024,3165107,31,MG,São Tomás de Aquino,82.09,70.04,municipio,Base dos Dados / CNCA,12.049999999999997,True,,743,gold
2024,4110953,41,PR,Itaipulândia,84.64,80.0,municipio,Base dos Dados / CNCA,4.640000000000001,True,,743,gold
2024,3115805,31,MG,Centralina,91.99,78.54,municipio,Base dos Dados / CNCA,13.449999999999989,True,,743,gold
2024,2504900,25,PB,Cruz do Espírito Santo,47.63,60.34,municipio,Base dos Dados / CNCA,-12.71,False,,743,gold
2024,3121407,31,MG,Desterro de Entre Rios,79.93,80.0,municipio,Base dos Dados / CNCA,-0.06999999999999318,False,,743,gold
2024,4122800,41,PR,Salgado Filho,93.11,80.0,municipio,Base dos Dados / CNCA,13.11,True,,743,gold
2024,2702009,27,AL,Coité do Nóia,77.24,75.74,municipio,Base dos Dados / CNCA,1.5,True,,743,gold
2024,3200201,32,ES,Alegre,86.32,69.0,municipio,Base dos Dados / CNCA,17.319999999999993,True,,743,gold
2024,5208608,52,GO,Goianésia,82.28,79.82,municipio,Base dos Dados / CNCA,2.460000000000008,True,,743,gold
2024,3154507,31,MG,Riacho dos Machados,70.0,69.55,municipio,Base dos Dados / CNCA,0.45000000000000284,True,,743,gold
2024,3523701,35,SP,Itirapuã,82.38,74.86,municipio,Base dos Dados / CNCA,7.519999999999996,True,,743,gold
2024,2410603,24,RN,Rafael Godeiro,67.22,37.03,municipio,Base dos Dados / CNCA,30.189999999999998,True,,743,gold
2024,2400703,24,RN,Alto do Rodrigues,52.52,53.58,municipio,Base dos Dados / CNCA,-1.0599999999999952,False,,743,gold
2024,3554300,35,SP,Teodoro Sampaio,72.78,68.95,municipio,Base dos Dados / CNCA,3.8299999999999983,True,,743,gold
2024,3509502,35,SP,Campinas,65.69,47.76,municipio,Base dos Dados / CNCA,17.93,True,,743,gold
2024,5106158,51,MT,Nova Bandeirantes,76.59,74.34,municipio,Base dos Dados / CNCA,2.25,True,,743,gold
2024,4204400,42,SC,Coronel Freitas,86.74,75.16,municipio,Base dos Dados / CNCA,11.579999999999998,True,,743,gold
2024,3522802,35,SP,Itaporanga,70.1,43.0,municipio,Base dos Dados / CNCA,27.099999999999994,True,,743,gold
2024,3115102,31,MG,Cássia,77.7,72.14,municipio,Base dos Dados / CNCA,5.560000000000002,True,,743,gold
2024,3145372,31,MG,Novorizonte,92.71,69.97,municipio,Base dos Dados / CNCA,22.739999999999995,True,,743,gold
2024,5213855,52,GO,Morro Agudo de Goiás,96.88,80.0,municipio,Base dos Dados / CNCA,16.879999999999995,True,,743,gold
2024,3510906,35,SP,Cássia dos Coqueiros,75.0,69.29,municipio,Base dos Dados / CNCA,5.709999999999994,True,,743,gold
2024,2504355,25,PB,Caturité,76.68,57.47,municipio,Base dos Dados / CNCA,19.210000000000008,True,,743,gold
2024,5108055,51,MT,Terra Nova do Norte,61.14,62.25,municipio,Base dos Dados / CNCA,-1.1099999999999994,False,,743,gold
2024,3521200,35,SP,Iporanga,65.63,56.89,municipio,Base dos Dados / CNCA,8.739999999999995,True,,743,gold
2024,3110301,31,MG,Caldas,72.95,56.1,municipio,Base dos Dados / CNCA,16.85,True,,743,gold
2024,5207535,52,GO,Faina,70.81,74.61,municipio,Base dos Dados / CNCA,-3.799999999999997,False,,743,gold
2024,3136108,31,MG,Joanésia,85.58,80.0,municipio,Base dos Dados / CNCA,5.579999999999998,True,,743,gold
2024,4311791,43,RS,Maratá,59.8,69.78,municipio,Base dos Dados / CNCA,-9.980000000000004,False,,743,gold
2024,3534500,35,SP,Oscar Bressane,88.17,70.12,municipio,Base dos Dados / CNCA,18.049999999999997,True,,743,gold
2024,4313805,43,RS,Palmitinho,72.2,80.0,municipio,Base dos Dados / CNCA,-7.799999999999997,False,,743,gold
2024,3133808,31,MG,Itaúna,87.39,71.43,municipio,Base dos Dados / CNCA,15.959999999999994,True,,743,gold
2024,3532603,35,SP,Nhandeara,70.29,68.69,municipio,Base dos Dados / CNCA,1.6000000000000085,True,,743,gold
2024,2509602,25,PB,Monte Horebe,93.4,80.0,municipio,Base dos Dados / CNCA,13.400000000000006,True,,743,gold
2024,4108650,41,PR,Goioxim,90.42,80.0,municipio,Base dos Dados / CNCA,10.420000000000002,True,,743,gold
2024,4119707,41,PR,Planaltina do Paraná,80.42,79.82,municipio,Base dos Dados / CNCA,0.6000000000000085,True,,743,gold
2024,4302204,43,RS,Boa Vista do Buricá,67.3,80.0,municipio,Base dos Dados / CNCA,-12.700000000000003,False,,743,gold
2024,3520707,35,SP,Indiaporã,78.96,69.58,municipio,Base dos Dados / CNCA,9.379999999999995,True,,743,gold
2024,4204004,42,SC,Catanduvas,72.43,70.18,municipio,Base dos Dados / CNCA,2.25,True,,743,gold
2024,2410009,24,RN,Pilões,63.16,67.21,municipio,Base dos Dados / CNCA,-4.049999999999997,False,,743,gold
2024,5221502,52,GO,Turvânia,80.7,73.74,municipio,Base dos Dados / CNCA,6.960000000000008,True,,743,gold
2024,3132602,31,MG,Itamarati de Minas,73.68,53.26,municipio,Base dos Dados / CNCA,20.42000000000001,True,,743,gold
2024,3524808,35,SP,Jales,70.53,59.42,municipio,Base dos Dados / CNCA,11.11,True,,743,gold
2024,3203304,32,ES,Mantenópolis,95.06,80.0,municipio,Base dos Dados / CNCA,15.060000000000002,True,,743,gold
2024,3137908,31,MG,Lamim,94.74,63.2,uf_fallback,Base dos Dados / CNCA,31.539999999999992,True,,743,gold
2024,4311908,43,RS,Marcelino Ramos,77.7,74.28,municipio,Base dos Dados / CNCA,3.4200000000000017,True,,743,gold
2024,3511102,35,SP,Catanduva,70.27,58.62,municipio,Base dos Dados / CNCA,11.649999999999999,True,,743,gold
2024,3537156,35,SP,Pedrinhas Paulista,67.92,71.34,municipio,Base dos Dados / CNCA,-3.4200000000000017,False,,743,gold
2024,3124005,31,MG,Ervália,85.0,58.71,municipio,Base dos Dados / CNCA,26.29,True,,743,gold
2024,3512407,35,SP,Cordeirópolis,69.6,75.28,municipio,Base dos Dados / CNCA,-5.680000000000007,False,,743,gold
2024,3505708,35,SP,Barueri,68.13,65.63,municipio,Base dos Dados / CNCA,2.5,True,,743,gold
2024,2500536,25,PB,Alcantil,45.86,48.58,municipio,Base dos Dados / CNCA,-2.719999999999999,False,,743,gold
2024,3102050,31,MG,Alto Caparaó,87.17,80.0,municipio,Base dos Dados / CNCA,7.170000000000002,True,,743,gold
2024,2209153,22,PI,Santa Cruz dos Milagres,68.18,57.0,municipio,Base dos Dados / CNCA,11.180000000000007,True,,743,gold
2024,3149101,31,MG,Pedralva,85.5,55.01,municipio,Base dos Dados / CNCA,30.490000000000002,True,,743,gold
2024,3519055,35,SP,Holambra,62.59,61.93,municipio,Base dos Dados / CNCA,0.6600000000000037,True,,743,gold
2024,3155603,31,MG,Rio Pardo de Minas,87.03,74.39,municipio,Base dos Dados / CNCA,12.64,True,,743,gold
2024,3145406,31,MG,Olaria,89.13,63.2,uf_fallback,Base dos Dados / CNCA,25.929999999999993,True,,743,gold
2024,2405702,24,RN,Jardim do Seridó,62.8,33.95,municipio,Base dos Dados / CNCA,28.849999999999994,True,,743,gold
2024,3528502,35,SP,Mairiporã,63.31,59.15,municipio,Base dos Dados / CNCA,4.160000000000004,True,,743,gold
2024,3524709,35,SP,Jaguariúna,70.22,65.65,municipio,Base dos Dados / CNCA,4.569999999999993,True,,743,gold
2024,3506409,35,SP,Bilac,74.74,63.3,municipio,Base dos Dados / CNCA,11.439999999999998,True,,743,gold
2024,3525904,35,SP,Jundiaí,70.49,70.94,municipio,Base dos Dados / CNCA,-0.45000000000000284,False,,743,gold
2024,5212303,52,GO,Leopoldo de Bulhões,75.41,78.01,municipio,Base dos Dados / CNCA,-2.6000000000000085,False,,743,gold
2024,3151305,31,MG,Piraúba,85.01,75.54,municipio,Base dos Dados / CNCA,9.469999999999999,True,,743,gold
2024,2509701,25,PB,Monteiro,61.09,59.17,municipio,Base dos Dados / CNCA,1.9200000000000017,True,,743,gold
2024,3115409,31,MG,Catas Altas da Noruega,80.0,63.2,uf_fallback,Base dos Dados / CNCA,16.799999999999997,True,,743,gold
2024,1700707,17,TO,Alvorada,72.02,53.11,municipio,Base dos Dados / CNCA,18.909999999999997,True,,743,gold
2024,3519204,35,SP,Iacri,74.15,56.6,uf_fallback,Base dos Dados / CNCA,17.550000000000004,True,,743,gold
2024,4106100,41,PR,Conselheiro Mairinck,69.16,56.22,municipio,Base dos Dados / CNCA,12.939999999999998,True,,743,gold
2024,3540606,35,SP,Porto Feliz,70.08,74.61,municipio,Base dos Dados / CNCA,-4.530000000000001,False,,743,gold
2024,4119806,41,PR,Planalto,78.93,80.0,municipio,Base dos Dados / CNCA,-1.0699999999999932,False,,743,gold
2024,3536000,35,SP,Parapuã,73.38,76.25,municipio,Base dos Dados / CNCA,-2.8700000000000045,False,,743,gold
2024,3202108,32,ES,Ecoporanga,94.08,70.94,municipio,Base dos Dados / CNCA,23.14,True,,743,gold
2024,3543709,35,SP,Rincão,74.83,62.42,municipio,Base dos Dados / CNCA,12.409999999999997,True,,743,gold
2024,3528601,35,SP,Manduri,65.64,65.13,municipio,Base dos Dados / CNCA,0.5100000000000051,True,,743,gold
2024,4202537,42,SC,Bom Jesus,55.49,67.18,municipio,Base dos Dados / CNCA,-11.690000000000005,False,,743,gold
2024,3127800,31,MG,Grão Mogol,86.04,72.9,municipio,Base dos Dados / CNCA,13.14,True,,743,gold
2024,3550803,35,SP,São Sebastião da Grama,68.66,67.26,municipio,Base dos Dados / CNCA,1.3999999999999915,True,,743,gold
2024,3516200,35,SP,Franca,70.87,61.42,municipio,Base dos Dados / CNCA,9.450000000000003,True,,743,gold
2024,3514304,35,SP,Dourado,71.85,72.84,municipio,Base dos Dados / CNCA,-0.9900000000000091,False,,743,gold
2024,3101201,31,MG,Aiuruoca,85.71,59.4,municipio,Base dos Dados / CNCA,26.309999999999995,True,,743,gold
2024,3145455,31,MG,Olhos-d'Água,90.16,70.12,municipio,Base dos Dados / CNCA,20.039999999999992,True,,743,gold
2024,2202802,22,PI,Conceição do Canindé,70.98,52.61,municipio,Base dos Dados / CNCA,18.370000000000005,True,,743,gold
2024,3111002,31,MG,Campestre,81.73,71.58,municipio,Base dos Dados / CNCA,10.150000000000006,True,,743,gold
2024,3507704,35,SP,Braúna,73.18,80.0,municipio,Base dos Dados / CNCA,-6.819999999999993,False,,743,gold
2024,3508900,35,SP,Caiabu,65.71,50.17,municipio,Base dos Dados / CNCA,15.539999999999992,True,,743,gold
2024,2404002,24,RN,Frutuoso Gomes,53.24,27.09,municipio,Base dos Dados / CNCA,26.150000000000002,True,,743,gold
2024,5222302,52,GO,Vila Propício,79.46,75.29,municipio,Base dos Dados / CNCA,4.1699999999999875,True,,743,gold
2024,4212239,42,SC,Paraíso,83.86,80.0,municipio,Base dos Dados / CNCA,3.8599999999999994,True,,743,gold
2024,3510005,35,SP,Cândido Mota,68.07,73.87,municipio,Base dos Dados / CNCA,-5.800000000000011,False,,743,gold
2024,2205201,22,PI,Jaicós,58.67,79.14,municipio,Base dos Dados / CNCA,-20.47,False,,743,gold
2024,2501203,25,PB,Areial,70.75,80.0,municipio,Base dos Dados / CNCA,-9.25,False,,743,gold
2024,3543303,35,SP,Ribeirão Pires,67.0,66.91,municipio,Base dos Dados / CNCA,0.09000000000000341,True,,743,gold
2024,3201159,32,ES,Brejetuba,88.47,69.4,municipio,Base dos Dados / CNCA,19.069999999999993,True,,743,gold
2024,5219506,52,GO,Santa Rosa de Goiás,100.0,80.0,municipio,Base dos Dados / CNCA,20.0,True,,743,gold
2024,3553708,35,SP,Taquaritinga,72.83,65.07,municipio,Base dos Dados / CNCA,7.760000000000005,True,,743,gold
2024,3516853,35,SP,Gavião Peixoto,73.65,68.99,municipio,Base dos Dados / CNCA,4.660000000000011,True,,743,gold
2024,4208401,42,SC,Itapiranga,81.61,72.9,municipio,Base dos Dados / CNCA,8.709999999999994,True,,743,gold
2024,1720978,17,TO,Talismã,75.11,49.5,uf_fallback,Base dos Dados / CNCA,25.61,True,,743,gold
2024,5106224,51,MT,Nova Mutum,74.86,66.79,municipio,Base dos Dados / CNCA,8.069999999999993,True,,743,gold
2024,3129103,31,MG,Gurinhatã,86.09,77.39,municipio,Base dos Dados / CNCA,8.700000000000003,True,,743,gold
2024,1715150,17,TO,Novo Alegre,70.33,72.98,municipio,Base dos Dados / CNCA,-2.6500000000000057,False,,743,gold
2024,4214201,42,SC,Quilombo,70.08,69.21,municipio,Base dos Dados / CNCA,0.8700000000000045,True,,743,gold
2024,5007976,50,MS,Taquarussu,85.45,79.02,municipio,Base dos Dados / CNCA,6.430000000000007,True,,743,gold
2024,3517901,35,SP,Guaraci,73.02,74.77,municipio,Base dos Dados / CNCA,-1.75,False,,743,gold
2024,3545803,35,SP,Santa Bárbara d'Oeste,66.84,58.84,municipio,Base dos Dados / CNCA,8.0,True,,743,gold
2024,4106571,41,PR,Cruzeiro do Iguaçu,86.52,80.0,municipio,Base dos Dados / CNCA,6.519999999999996,True,,743,gold
2024,3156403,31,MG,Romaria,70.69,61.43,municipio,Base dos Dados / CNCA,9.259999999999998,True,,743,gold
2024,3110707,31,MG,Cambuquira,81.89,71.0,municipio,Base dos Dados / CNCA,10.89,True,,743,gold
2024,3523404,35,SP,Itatiba,73.47,67.53,municipio,Base dos Dados / CNCA,5.939999999999998,True,,743,gold
2024,2513000,25,PB,Salgadinho,83.93,73.86,municipio,Base dos Dados / CNCA,10.070000000000007,True,,743,gold
2024,3532801,35,SP,Nova Aliança,73.75,61.36,municipio,Base dos Dados / CNCA,12.39,True,,743,gold
2024,5203939,52,GO,Buriti de Goiás,96.46,80.0,municipio,Base dos Dados / CNCA,16.459999999999994,True,,743,gold
2024,4322905,43,RS,Viadutos,83.1,80.0,municipio,Base dos Dados / CNCA,3.0999999999999943,True,,743,gold
2024,2203206,22,PI,Curimatá,81.77,70.09,municipio,Base dos Dados / CNCA,11.679999999999993,True,,743,gold
2024,5106265,51,MT,Novo Mundo,67.67,57.99,municipio,Base dos Dados / CNCA,9.68,True,,743,gold
2024,3132008,31,MG,Itacambira,100.0,78.78,municipio,Base dos Dados / CNCA,21.22,True,,743,gold
2024,3545704,35,SP,Santa Albertina,58.21,67.95,municipio,Base dos Dados / CNCA,-9.740000000000002,False,,743,gold
2024,5102694,51,MT,Canabrava do Norte,78.89,41.47,municipio,Base dos Dados / CNCA,37.42,True,,743,gold
2024,1600535,16,AP,Porto Grande,68.7,67.62,municipio,Base dos Dados / CNCA,1.0799999999999983,True,,743,gold
2024,3547601,35,SP,Santa Rosa de Viterbo,75.32,75.23,municipio,Base dos Dados / CNCA,0.0899999999999892,True,,743,gold
2024,3530409,35,SP,Mirassolândia,55.96,62.66,municipio,Base dos Dados / CNCA,-6.699999999999996,False,,743,gold
2024,3132206,31,MG,Itaguara,90.91,60.81,municipio,Base dos Dados / CNCA,30.099999999999994,True,,743,gold
2024,2511707,25,PB,Pilõezinhos,56.06,80.0,municipio,Base dos Dados / CNCA,-23.939999999999998,False,,743,gold
2024,2403004,24,RN,Cruzeta,58.31,56.46,municipio,Base dos Dados / CNCA,1.8500000000000014,True,,743,gold
2024,3541901,35,SP,Queluz,68.79,64.92,municipio,Base dos Dados / CNCA,3.8700000000000045,True,,743,gold
2024,4118451,41,PR,Pato Bragado,90.41,80.0,municipio,Base dos Dados / CNCA,10.409999999999997,True,,743,gold
2024,3114303,31,MG,Carmo do Paranaíba,86.35,71.94,municipio,Base dos Dados / CNCA,14.409999999999997,True,,743,gold
2024,5106315,51,MT,Novo Santo Antônio,58.27,72.61,municipio,Base dos Dados / CNCA,-14.339999999999996,False,,743,gold
2024,5107198,51,MT,Ribeirãozinho,52.72,54.05,municipio,Base dos Dados / CNCA,-1.3299999999999983,False,,743,gold
2024,3168002,31,MG,Taiobeiras,85.52,70.99,municipio,Base dos Dados / CNCA,14.530000000000001,True,,743,gold
2024,3149804,31,MG,Perdizes,83.41,69.85,municipio,Base dos Dados / CNCA,13.560000000000002,True,,743,gold
2024,2303105,23,CE,Cariré,98.77,80.0,municipio,Base dos Dados / CNCA,18.769999999999996,True,,743,gold
2024,4302220,43,RS,Boa Vista do Cadeado,66.7,72.77,municipio,Base dos Dados / CNCA,-6.069999999999993,False,,743,gold
2024,4108106,41,PR,Flórida,78.57,65.64,municipio,Base dos Dados / CNCA,12.929999999999993,True,,743,gold
2024,2504108,25,PB,Carrapateira,91.67,70.72,municipio,Base dos Dados / CNCA,20.950000000000003,True,,743,gold
2024,3501707,35,SP,Américo Brasiliense,71.18,68.63,municipio,Base dos Dados / CNCA,2.5500000000000114,True,,743,gold
2024,2200806,22,PI,Antônio Almeida,73.81,80.0,municipio,Base dos Dados / CNCA,-6.189999999999998,False,,743,gold
2024,4321006,43,RS,Tapera,77.9,64.43,municipio,Base dos Dados / CNCA,13.469999999999999,True,,743,gold
2024,1720002,17,TO,Santa Terezinha do Tocantins,57.14,60.03,municipio,Base dos Dados / CNCA,-2.8900000000000006,False,,743,gold
2024,4313003,43,RS,Nova Bréscia,94.4,77.71,municipio,Base dos Dados / CNCA,16.690000000000012,True,,743,gold
2024,5219605,52,GO,Santa Tereza de Goiás,91.67,80.0,municipio,Base dos Dados / CNCA,11.670000000000002,True,,743,gold
2024,3141306,31,MG,Medeiros,78.57,80.0,municipio,Base dos Dados / CNCA,-1.4300000000000068,False,,743,gold
2024,4305132,43,RS,Cerro Branco,66.7,73.15,municipio,Base dos Dados / CNCA,-6.450000000000003,False,,743,gold
2024,3543238,35,SP,Ribeirão dos Índios,91.67,72.08,municipio,Base dos Dados / CNCA,19.590000000000003,True,,743,gold
2024,5220009,52,GO,São João d'Aliança,89.53,80.0,municipio,Base dos Dados / CNCA,9.530000000000001,True,,743,gold
2024,3507209,35,SP,Borá,58.33,56.6,uf_fallback,Base dos Dados / CNCA,1.7299999999999969,True,,743,gold
2024,3125903,31,MG,Ferros,88.1,44.57,municipio,Base dos Dados / CNCA,43.529999999999994,True,,743,gold
2024,4312351,43,RS,Montauri,75.0,80.0,municipio,Base dos Dados / CNCA,-5.0,False,,743,gold
2024,5220058,52,GO,São João da Paraúna,87.5,80.0,municipio,Base dos Dados / CNCA,7.5,True,,743,gold
2024,4320578,43,RS,Sete de Setembro,66.7,78.78,municipio,Base dos Dados / CNCA,-12.079999999999998,False,,743,gold
2024,5101001,51,MT,Araguaiana,91.53,80.0,municipio,Base dos Dados / CNCA,11.530000000000001,True,,743,gold
2024,3111150,31,MG,Campo Azul,73.26,80.0,municipio,Base dos Dados / CNCA,-6.739999999999995,False,,743,gold
2024,3549706,35,SP,São José do Rio Pardo,67.62,52.98,municipio,Base dos Dados / CNCA,14.640000000000008,True,,743,gold
2024,3502101,35,SP,Andradina,65.48,60.79,municipio,Base dos Dados / CNCA,4.690000000000005,True,,743,gold
2024,3108008,31,MG,Bom Sucesso,83.73,69.34,municipio,Base dos Dados / CNCA,14.39,True,,743,gold
2024,4205431,42,SC,Formosa do Sul,76.76,67.78,municipio,Base dos Dados / CNCA,8.980000000000004,True,,743,gold
2024,3508108,35,SP,Buritama,67.83,66.64,municipio,Base dos Dados / CNCA,1.1899999999999977,True,,743,gold
2024,2209708,22,PI,São Francisco do Piauí,64.27,61.76,municipio,Base dos Dados / CNCA,2.509999999999998,True,,743,gold
2024,3506359,35,SP,Bertioga,69.58,58.87,municipio,Base dos Dados / CNCA,10.71,True,,743,gold
2024,2502706,25,PB,Borborema,67.57,80.0,municipio,Base dos Dados / CNCA,-12.430000000000007,False,,743,gold
2024,2304657,23,CE,Graça,100.0,80.0,municipio,Base dos Dados / CNCA,20.0,True,,743,gold
2024,3510203,35,SP,Capão Bonito,74.63,65.3,municipio,Base dos Dados / CNCA,9.329999999999998,True,,743,gold
2024,4205100,42,SC,Dona Emma,88.51,80.0,municipio,Base dos Dados / CNCA,8.510000000000005,True,,743,gold
2024,2110039,21,MA,Santa Luzia do Paruá,85.76,80.0,municipio,Base dos Dados / CNCA,5.760000000000005,True,,743,gold
2024,3539004,35,SP,Pirangi,75.61,80.0,municipio,Base dos Dados / CNCA,-4.390000000000001,False,,743,gold
2024,3518503,35,SP,Guareí,68.52,65.19,municipio,Base dos Dados / CNCA,3.3299999999999983,True,,743,gold
2024,2501534,25,PB,Baraúna,89.76,62.78,municipio,Base dos Dados / CNCA,26.980000000000004,True,,743,gold
2024,2305506,23,CE,Iguatu,63.35,60.44,municipio,Base dos Dados / CNCA,2.9100000000000037,True,,743,gold
2024,5211206,52,GO,Itapuranga,85.1,80.0,municipio,Base dos Dados / CNCA,5.099999999999994,True,,743,gold
2024,3138658,31,MG,Lontra,78.07,66.64,municipio,Base dos Dados / CNCA,11.429999999999993,True,,743,gold
2024,5101852,51,MT,Bom Jesus do Araguaia,82.63,38.34,municipio,Base dos Dados / CNCA,44.28999999999999,True,,743,gold
2024,4303301,43,RS,Caibaté,63.1,80.0,municipio,Base dos Dados / CNCA,-16.9,False,,743,gold
2024,3162203,31,MG,São João Batista do Glória,84.26,80.0,municipio,Base dos Dados / CNCA,4.260000000000005,True,,743,gold
2024,3543105,35,SP,Ribeirão Corrente,74.51,73.16,municipio,Base dos Dados / CNCA,1.3500000000000085,True,,743,gold
2024,3133501,31,MG,Itapecerica,85.54,73.56,municipio,Base dos Dados / CNCA,11.980000000000004,True,,743,gold
2024,4200804,42,SC,Anchieta,82.02,77.89,municipio,Base dos Dados / CNCA,4.1299999999999955,True,,743,gold
2024,4103156,41,PR,Bom Jesus do Sul,93.48,80.0,municipio,Base dos Dados / CNCA,13.480000000000004,True,,743,gold
2024,3550902,35,SP,São Simão,67.73,65.66,municipio,Base dos Dados / CNCA,2.0700000000000074,True,,743,gold
2024,4321329,43,RS,Taquaruçu do Sul,82.9,80.0,municipio,Base dos Dados / CNCA,2.9000000000000057,True,,743,gold
2024,3551306,35,SP,Sebastianópolis do Sul,75.86,80.0,municipio,Base dos Dados / CNCA,-4.140000000000001,False,,743,gold
2024,2512200,25,PB,Prata,63.28,52.77,municipio,Base dos Dados / CNCA,10.509999999999998,True,,743,gold
2024,3530508,35,SP,Mococa,70.42,51.87,municipio,Base dos Dados / CNCA,18.550000000000004,True,,743,gold
2024,5107107,51,MT,São José dos Quatro Marcos,68.7,80.0,municipio,Base dos Dados / CNCA,-11.299999999999997,False,,743,gold
2024,2209807,22,PI,São Gonçalo do Piauí,64.04,80.0,municipio,Base dos Dados / CNCA,-15.959999999999994,False,,743,gold
2024,3513900,35,SP,Divinolândia,61.36,56.9,municipio,Base dos Dados / CNCA,4.460000000000001,True,,743,gold
2024,3166303,31,MG,Sericita,84.85,70.39,municipio,Base dos Dados / CNCA,14.459999999999994,True,,743,gold
2024,4308706,43,RS,Gaurama,74.7,78.98,municipio,Base dos Dados / CNCA,-4.280000000000001,False,,743,gold
2024,3101300,31,MG,Alagoa,89.66,69.11,municipio,Base dos Dados / CNCA,20.549999999999997,True,,743,gold
2024,5214101,52,GO,Mutunópolis,100.0,80.0,municipio,Base dos Dados / CNCA,20.0,True,,743,gold
2024,3530003,35,SP,Mira Estrela,93.03,64.03,municipio,Base dos Dados / CNCA,29.0,True,,743,gold
2024,5105259,51,MT,Lucas do Rio Verde,73.53,66.59,municipio,Base dos Dados / CNCA,6.939999999999998,True,,743,gold
2024,2300408,23,CE,Aiuaba,75.83,75.88,municipio,Base dos Dados / CNCA,-0.04999999999999716,False,,743,gold
2024,3129202,31,MG,Heliodora,67.59,53.53,municipio,Base dos Dados / CNCA,14.060000000000002,True,,743,gold
2024,1715259,17,TO,Novo Jardim,61.24,29.51,municipio,Base dos Dados / CNCA,31.73,True,,743,gold
2024,3549409,35,SP,São Joaquim da Barra,67.94,51.12,municipio,Base dos Dados / CNCA,16.82,True,,743,gold
2024,3168309,31,MG,Taquaraçu de Minas,94.4,68.34,municipio,Base dos Dados / CNCA,26.060000000000002,True,,743,gold
2024,3125200,31,MG,Fama,86.96,73.24,municipio,Base dos Dados / CNCA,13.719999999999999,True,,743,gold
2024,4317756,43,RS,Santo Antônio do Planalto,77.2,77.57,municipio,Base dos Dados / CNCA,-0.36999999999999034,False,,743,gold
2024,2509800,25,PB,Mulungu,66.64,60.21,municipio,Base dos Dados / CNCA,6.43,True,,743,gold
2024,5205471,52,GO,Chapadão do Céu,87.51,80.0,municipio,Base dos Dados / CNCA,7.510000000000005,True,,743,gold
2024,2210631,22,PI,Sebastião Leal,76.86,80.0,municipio,Base dos Dados / CNCA,-3.1400000000000006,False,,743,gold
2024,2308302,23,CE,Milagres,79.33,76.0,municipio,Base dos Dados / CNCA,3.3299999999999983,True,,743,gold
2024,3519006,35,SP,Herculândia,81.08,80.0,municipio,Base dos Dados / CNCA,1.0799999999999983,True,,743,gold
2024,3533205,35,SP,Nova Independência,88.79,54.76,municipio,Base dos Dados / CNCA,34.03000000000001,True,,743,gold
2024,5205208,52,GO,Caturaí,87.17,70.26,municipio,Base dos Dados / CNCA,16.909999999999997,True,,743,gold
2024,4301206,43,RS,Arroio do Tigre,65.2,80.0,municipio,Base dos Dados / CNCA,-14.799999999999997,False,,743,gold
2024,2513943,25,PB,São Domingos do Cariri,100.0,80.0,municipio,Base dos Dados / CNCA,20.0,True,,743,gold
2024,3522703,35,SP,Itápolis,76.17,68.83,municipio,Base dos Dados / CNCA,7.340000000000003,True,,743,gold
2024,3146552,31,MG,Pai Pedro,76.4,65.4,municipio,Base dos Dados / CNCA,11.0,True,,743,gold
2024,3122900,31,MG,Dona Eusébia,95.71,52.47,municipio,Base dos Dados / CNCA,43.239999999999995,True,,743,gold
2024,3158300,31,MG,Santana da Vargem,87.88,67.34,municipio,Base dos Dados / CNCA,20.539999999999992,True,,743,gold
2024,3538204,35,SP,Pinhalzinho,78.79,78.39,municipio,Base dos Dados / CNCA,0.4000000000000057,True,,743,gold
2024,3136553,31,MG,José Raydan,77.36,79.22,municipio,Base dos Dados / CNCA,-1.8599999999999994,False,,743,gold
2024,3523008,35,SP,Itapura,79.05,54.6,municipio,Base dos Dados / CNCA,24.449999999999996,True,,743,gold
2024,3537404,35,SP,Pereira Barreto,83.47,68.39,municipio,Base dos Dados / CNCA,15.079999999999998,True,,743,gold
2024,3139904,31,MG,Maria da Fé,78.16,64.13,municipio,Base dos Dados / CNCA,14.030000000000001,True,,743,gold
2024,5220207,52,GO,São Miguel do Araguaia,91.4,80.0,municipio,Base dos Dados / CNCA,11.400000000000006,True,,743,gold
2024,4314464,43,RS,Pinhal da Serra,35.3,75.04,municipio,Base dos Dados / CNCA,-39.74000000000001,False,,743,gold
2024,2510808,25,PB,Patos,67.47,49.44,municipio,Base dos Dados / CNCA,18.03,True,,743,gold
2024,3520608,35,SP,Indiana,70.59,80.0,municipio,Base dos Dados / CNCA,-9.409999999999997,False,,743,gold
2024,4200556,42,SC,Águas Frias,88.24,48.72,municipio,Base dos Dados / CNCA,39.519999999999996,True,,743,gold
2024,3521903,35,SP,Itajobi,82.74,80.0,municipio,Base dos Dados / CNCA,2.739999999999995,True,,743,gold
2024,2507804,25,PB,Junco do Seridó,76.21,60.17,municipio,Base dos Dados / CNCA,16.039999999999992,True,,743,gold
2024,2205904,22,PI,Manoel Emídio,82.38,80.0,municipio,Base dos Dados / CNCA,2.3799999999999955,True,,743,gold
2024,2206951,22,PI,Novo Santo Antônio,82.08,53.65,municipio,Base dos Dados / CNCA,28.43,True,,743,gold
2024,3125507,31,MG,São Gonçalo do Rio Preto,83.33,80.0,municipio,Base dos Dados / CNCA,3.3299999999999983,True,,743,gold
2024,3111200,31,MG,Campo Belo,85.57,71.17,municipio,Base dos Dados / CNCA,14.399999999999991,True,,743,gold
2024,2103257,21,MA,Cidelândia,86.24,68.64,municipio,Base dos Dados / CNCA,17.599999999999994,True,,743,gold
2024,3510708,35,SP,Cardoso,59.86,70.71,municipio,Base dos Dados / CNCA,-10.849999999999994,False,,743,gold
2024,3505203,35,SP,Bariri,72.3,67.3,municipio,Base dos Dados / CNCA,5.0,True,,743,gold
2024,5210158,52,GO,Ipiranga de Goiás,96.55,80.0,municipio,Base dos Dados / CNCA,16.549999999999997,True,,743,gold
2024,3158805,31,MG,Santana do Jacaré,86.67,76.82,municipio,Base dos Dados / CNCA,9.850000000000009,True,,743,gold
2024,3540309,35,SP,Pontes Gestal,74.25,72.78,municipio,Base dos Dados / CNCA,1.4699999999999989,True,,743,gold
2024,5200829,52,GO,Amaralina,89.83,80.0,municipio,Base dos Dados / CNCA,9.829999999999998,True,,743,gold
2024,3120508,31,MG,Cristina,81.73,59.84,municipio,Base dos Dados / CNCA,21.89,True,,743,gold
2024,3527504,35,SP,Lucianópolis,75.0,75.65,municipio,Base dos Dados / CNCA,-0.6500000000000057,False,,743,gold
2024,3514502,35,SP,Duartina,77.0,80.0,municipio,Base dos Dados / CNCA,-3.0,False,,743,gold
2024,4201505,42,SC,Armazém,78.79,72.02,municipio,Base dos Dados / CNCA,6.77000000000001,True,,743,gold
2024,4102208,41,PR,Atalaia,88.32,80.0,municipio,Base dos Dados / CNCA,8.319999999999993,True,,743,gold
2024,4202156,42,SC,Belmonte,80.41,74.01,municipio,Base dos Dados / CNCA,6.3999999999999915,True,,743,gold
2024,3516507,35,SP,Gabriel Monteiro,85.45,80.0,municipio,Base dos Dados / CNCA,5.450000000000003,True,,743,gold
2024,3541307,35,SP,Presidente Epitácio,72.17,53.56,municipio,Base dos Dados / CNCA,18.61,True,,743,gold
2024,3127602,31,MG,Gouveia,91.11,75.13,municipio,Base dos Dados / CNCA,15.980000000000004,True,,743,gold
2024,4117453,41,PR,Ouro Verde do Oeste,90.05,80.0,municipio,Base dos Dados / CNCA,10.049999999999997,True,,743,gold
2024,3501202,35,SP,Álvares Florence,72.05,78.82,municipio,Base dos Dados / CNCA,-6.769999999999996,False,,743,gold
2024,3529807,35,SP,Mineiros do Tietê,68.18,51.31,municipio,Base dos Dados / CNCA,16.870000000000005,True,,743,gold
2024,5105002,51,MT,Jauru,74.68,52.12,municipio,Base dos Dados / CNCA,22.56000000000001,True,,743,gold
2024,2202711,22,PI,Cocal de Telha,59.56,69.55,municipio,Base dos Dados / CNCA,-9.989999999999995,False,,743,gold
2024,4311239,43,RS,Lagoa Bonita do Sul,54.2,72.28,municipio,Base dos Dados / CNCA,-18.08,False,,743,gold
2024,3508207,35,SP,Buritizal,56.29,80.0,municipio,Base dos Dados / CNCA,-23.71,False,,743,gold
2024,3553401,35,SP,Tanabi,74.07,67.59,municipio,Base dos Dados / CNCA,6.47999999999999,True,,743,gold
2024,2504603,25,PB,Conde,69.48,65.28,municipio,Base dos Dados / CNCA,4.200000000000003,True,,743,gold
2024,3547502,35,SP,Santa Rita do Passa Quatro,67.97,65.26,municipio,Base dos Dados / CNCA,2.7099999999999937,True,,743,gold
2024,2305266,23,CE,Ibaretama,60.53,71.84,municipio,Base dos Dados / CNCA,-11.310000000000002,False,,743,gold
2024,5103601,51,MT,Dom Aquino,71.45,80.0,municipio,Base dos Dados / CNCA,-8.549999999999997,False,,743,gold
2024,3517505,35,SP,Guapiaçu,70.54,60.24,municipio,Base dos Dados / CNCA,10.300000000000004,True,,743,gold
2024,3104601,31,MG,Astolfo Dutra,88.29,75.66,municipio,Base dos Dados / CNCA,12.63000000000001,True,,743,gold
2024,5216809,52,GO,Petrolina de Goiás,85.41,62.71,municipio,Base dos Dados / CNCA,22.699999999999996,True,,743,gold
2024,3544251,35,SP,Rosana,82.37,62.92,municipio,Base dos Dados / CNCA,19.450000000000003,True,,743,gold
2024,2209559,22,PI,São Braz do Piauí,66.39,80.0,municipio,Base dos Dados / CNCA,-13.61,False,,743,gold
2024,3534757,35,SP,Ouroeste,89.21,80.0,municipio,Base dos Dados / CNCA,9.209999999999994,True,,743,gold
2024,4314555,43,RS,Pirapó,72.7,66.2,uf_fallback,Base dos Dados / CNCA,6.5,True,,743,gold
2024,3168200,31,MG,Tapiraí,100.0,77.0,municipio,Base dos Dados / CNCA,23.0,True,,743,gold
2024,2508703,25,PB,Mãe d'Água,63.64,71.59,municipio,Base dos Dados / CNCA,-7.950000000000003,False,,743,gold
2024,2202251,22,PI,Canavieira,86.82,55.53,municipio,Base dos Dados / CNCA,31.289999999999992,True,,743,gold
2024,4310553,43,RS,Itacurubi,42.9,66.2,uf_fallback,Base dos Dados / CNCA,-23.300000000000004,False,,743,gold
2024,3100500,31,MG,Açucena,77.27,63.2,uf_fallback,Base dos Dados / CNCA,14.069999999999993,True,,743,gold
2024,2514552,25,PB,São José de Princesa,81.82,80.0,municipio,Base dos Dados / CNCA,1.8199999999999932,True,,743,gold
2024,5220280,52,GO,São Patrício,86.36,80.0,municipio,Base dos Dados / CNCA,6.359999999999999,True,,743,gold
2024,3152303,31,MG,Porto Firme,96.77,63.2,uf_fallback,Base dos Dados / CNCA,33.56999999999999,True,,743,gold
2024,3501301,35,SP,Álvares Machado,72.19,58.23,municipio,Base dos Dados / CNCA,13.96,True,,743,gold
2024,3534807,35,SP,Ouro Verde,76.07,80.0,municipio,Base dos Dados / CNCA,-3.930000000000007,False,,743,gold
2024,3539202,35,SP,Pirapozinho,69.44,75.83,municipio,Base dos Dados / CNCA,-6.390000000000001,False,,743,gold
2024,5108303,51,MT,União do Sul,68.93,63.63,municipio,Base dos Dados / CNCA,5.300000000000004,True,,743,gold
2024,5202502,52,GO,Aruanã,90.33,79.85,municipio,Base dos Dados / CNCA,10.480000000000004,True,,743,gold
2024,5107925,51,MT,Sorriso,81.05,79.21,municipio,Base dos Dados / CNCA,1.8400000000000034,True,,743,gold
2024,3502804,35,SP,Araçatuba,74.22,68.1,municipio,Base dos Dados / CNCA,6.1200000000000045,True,,743,gold
2024,3535002,35,SP,Palestina,72.03,61.63,municipio,Base dos Dados / CNCA,10.399999999999999,True,,743,gold
2024,4201273,42,SC,Arabutã,96.31,79.48,municipio,Base dos Dados / CNCA,16.83,True,,743,gold
2024,2309201,23,CE,Nova Olinda,99.53,80.0,municipio,Base dos Dados / CNCA,19.53,True,,743,gold
2024,3148400,31,MG,Paulistas,90.14,71.9,municipio,Base dos Dados / CNCA,18.239999999999995,True,,743,gold
2024,2507101,25,PB,Itapororoca,84.21,73.05,municipio,Base dos Dados / CNCA,11.159999999999997,True,,743,gold
2024,3556354,35,SP,Vargem,65.34,75.3,municipio,Base dos Dados / CNCA,-9.959999999999994,False,,743,gold
2024,2301604,23,CE,Assaré,98.08,80.0,municipio,Base dos Dados / CNCA,18.08,True,,743,gold
2024,3504404,35,SP,Avanhandava,77.37,72.36,municipio,Base dos Dados / CNCA,5.010000000000005,True,,743,gold
2024,3146503,31,MG,Pains,86.83,69.54,municipio,Base dos Dados / CNCA,17.289999999999992,True,,743,gold
2024,5220603,52,GO,Silvânia,91.2,80.0,municipio,Base dos Dados / CNCA,11.200000000000003,True,,743,gold
2024,1600055,16,AP,Serra do Navio,73.61,39.84,municipio,Base dos Dados / CNCA,33.769999999999996,True,,743,gold
2024,5214051,52,GO,Mundo Novo,94.04,80.0,municipio,Base dos Dados / CNCA,14.040000000000006,True,,743,gold
2024,3541505,35,SP,Presidente Venceslau,76.57,63.36,municipio,Base dos Dados / CNCA,13.209999999999994,True,,743,gold
2024,5204250,52,GO,Cachoeira Dourada,79.19,73.68,municipio,Base dos Dados / CNCA,5.509999999999991,True,,743,gold
2024,4315404,43,RS,Redentora,63.9,80.0,municipio,Base dos Dados / CNCA,-16.1,False,,743,gold
2024,5204300,52,GO,Caçu,91.38,74.28,municipio,Base dos Dados / CNCA,17.099999999999994,True,,743,gold
2024,2205599,22,PI,Lagoa do Sítio,62.96,18.93,municipio,Base dos Dados / CNCA,44.03,True,,743,gold
2024,3540507,35,SP,Porangaba,60.38,71.51,municipio,Base dos Dados / CNCA,-11.130000000000003,False,,743,gold
2024,3123908,31,MG,Entre Rios de Minas,88.18,80.0,municipio,Base dos Dados / CNCA,8.180000000000007,True,,743,gold
2024,3555505,35,SP,Ubirajara,56.25,53.91,municipio,Base dos Dados / CNCA,2.3400000000000034,True,,743,gold
2024,5101704,51,MT,Barra do Bugres,72.78,55.71,municipio,Base dos Dados / CNCA,17.07,True,,743,gold
2024,3533908,35,SP,Olímpia,74.72,64.26,municipio,Base dos Dados / CNCA,10.459999999999994,True,,743,gold
2024,2210508,22,PI,São Pedro do Piauí,67.14,54.3,municipio,Base dos Dados / CNCA,12.840000000000003,True,,743,gold
2024,3547908,35,SP,Santo Antônio da Alegria,67.18,54.65,municipio,Base dos Dados / CNCA,12.530000000000008,True,,743,gold
2024,2308708,23,CE,Morada Nova,76.09,73.22,municipio,Base dos Dados / CNCA,2.8700000000000045,True,,743,gold
2024,3171402,31,MG,Vieiras,74.62,55.31,municipio,Base dos Dados / CNCA,19.310000000000002,True,,743,gold
2024,4217303,42,SC,Saudades,82.27,80.0,municipio,Base dos Dados / CNCA,2.269999999999996,True,,743,gold
2024,2202174,22,PI,Campo Largo do Piauí,64.31,24.57,municipio,Base dos Dados / CNCA,39.74,True,,743,gold
2024,3106804,31,MG,Bias Fortes,100.0,70.55,municipio,Base dos Dados / CNCA,29.450000000000003,True,,743,gold
2024,2303709,23,CE,Caucaia,68.34,69.14,municipio,Base dos Dados / CNCA,-0.7999999999999972,False,,743,gold
2024,3554201,35,SP,Tejupá,59.38,74.41,municipio,Base dos Dados / CNCA,-15.029999999999994,False,,743,gold
2024,4315172,43,RS,Protásio Alves,75.0,79.98,municipio,Base dos Dados / CNCA,-4.980000000000004,False,,743,gold
2024,3556305,35,SP,Valparaíso,70.44,66.97,municipio,Base dos Dados / CNCA,3.469999999999999,True,,743,gold
2024,3541059,35,SP,Pratânia,56.48,60.03,municipio,Base dos Dados / CNCA,-3.5500000000000043,False,,743,gold
2024,3508702,35,SP,Caconde,70.02,71.78,municipio,Base dos Dados / CNCA,-1.7600000000000051,False,,743,gold
2024,3103801,31,MG,Arapuá,92.02,80.0,municipio,Base dos Dados / CNCA,12.019999999999996,True,,743,gold
2024,5205513,52,GO,Cocalzinho de Goiás,88.6,79.6,municipio,Base dos Dados / CNCA,9.0,True,,743,gold
2024,3142304,31,MG,Moeda,90.58,78.2,municipio,Base dos Dados / CNCA,12.379999999999995,True,,743,gold
2024,2202455,22,PI,Capitão Gervásio Oliveira,77.36,67.7,municipio,Base dos Dados / CNCA,9.659999999999997,True,,743,gold
2024,2603926,26,PE,Carnaubeira da Penha,100.0,80.0,municipio,Base dos Dados / CNCA,20.0,True,,743,gold
2024,2300309,23,CE,Acopiara,64.59,65.49,municipio,Base dos Dados / CNCA,-0.8999999999999915,False,,743,gold
2024,4304655,43,RS,Capão do Cipó,71.8,80.0,municipio,Base dos Dados / CNCA,-8.200000000000003,False,,743,gold
2024,2205003,22,PI,Itainópolis,73.67,75.05,municipio,Base dos Dados / CNCA,-1.3799999999999955,False,,743,gold
2024,3532702,35,SP,Nipoã,80.24,80.0,municipio,Base dos Dados / CNCA,0.23999999999999488,True,,743,gold
2024,2510402,25,PB,Olho d'Água,91.23,66.76,municipio,Base dos Dados / CNCA,24.47,True,,743,gold
2024,3150000,31,MG,Pescador,77.59,80.0,municipio,Base dos Dados / CNCA,-2.4099999999999966,False,,743,gold
2024,2300903,23,CE,Apuiarés,74.45,80.0,municipio,Base dos Dados / CNCA,-5.549999999999997,False,,743,gold
2024,5107263,51,MT,Santo Afonso,76.83,56.69,municipio,Base dos Dados / CNCA,20.14,True,,743,gold
2024,3107604,31,MG,Bom Jesus da Penha,87.21,55.99,municipio,Base dos Dados / CNCA,31.21999999999999,True,,743,gold
2024,2406908,24,RN,Lucrécia,42.86,7.94,municipio,Base dos Dados / CNCA,34.92,True,,743,gold
2024,5212253,52,GO,Lagoa Santa,76.19,80.0,municipio,Base dos Dados / CNCA,-3.8100000000000023,False,,743,gold
2024,2414902,24,RN,Viçosa,61.9,62.42,municipio,Base dos Dados / CNCA,-0.5200000000000031,False,,743,gold
2024,3102209,31,MG,Alvarenga,85.42,45.84,municipio,Base dos Dados / CNCA,39.58,True,,743,gold
2024,4310900,43,RS,Jacutinga,61.9,80.0,municipio,Base dos Dados / CNCA,-18.1,False,,743,gold
2024,2611903,26,PE,Rio Formoso,90.91,80.0,municipio,Base dos Dados / CNCA,10.909999999999997,True,,743,gold
2024,3503604,35,SP,Areiópolis,75.02,73.52,municipio,Base dos Dados / CNCA,1.5,True,,743,gold
2024,2205300,22,PI,Jerumenha,75.31,33.53,municipio,Base dos Dados / CNCA,41.78,True,,743,gold
2024,3531605,35,SP,Monte Castelo,94.29,68.66,municipio,Base dos Dados / CNCA,25.63000000000001,True,,743,gold
2024,5204003,52,GO,Cabeceiras,93.81,71.31,municipio,Base dos Dados / CNCA,22.5,True,,743,gold
2024,5209291,52,GO,Guaraíta,95.32,73.75,municipio,Base dos Dados / CNCA,21.569999999999993,True,,743,gold
2024,2206605,22,PI,Monte Alegre do Piauí,57.85,69.24,municipio,Base dos Dados / CNCA,-11.389999999999993,False,,743,gold
2024,3555356,35,SP,Ubarana,74.44,63.84,municipio,Base dos Dados / CNCA,10.599999999999994,True,,743,gold
2024,2307502,23,CE,Lavras da Mangabeira,74.29,76.08,municipio,Base dos Dados / CNCA,-1.789999999999992,False,,743,gold
2024,3146008,31,MG,Ouro Fino,85.47,66.49,municipio,Base dos Dados / CNCA,18.980000000000004,True,,743,gold
2024,3108909,31,MG,Brazópolis,79.14,55.66,municipio,Base dos Dados / CNCA,23.480000000000004,True,,743,gold
2024,3514205,35,SP,Dolcinópolis,65.38,77.13,municipio,Base dos Dados / CNCA,-11.75,False,,743,gold
2024,3531001,35,SP,Monções,80.77,80.0,municipio,Base dos Dados / CNCA,0.769999999999996,True,,743,gold
2024,1721307,17,TO,Tupiratins,53.85,32.22,municipio,Base dos Dados / CNCA,21.630000000000003,True,,743,gold
2024,3541208,35,SP,Presidente Bernardes,79.72,66.81,municipio,Base dos Dados / CNCA,12.909999999999997,True,,743,gold
2024,3128402,31,MG,Guarani,77.84,80.0,municipio,Base dos Dados / CNCA,-2.1599999999999966,False,,743,gold
2024,4202875,42,SC,Brunópolis,74.41,68.83,municipio,Base dos Dados / CNCA,5.579999999999998,True,,743,gold
2024,4102752,41,PR,Bela Vista da Caroba,88.13,77.31,municipio,Base dos Dados / CNCA,10.819999999999993,True,,743,gold
2024,2301257,23,CE,Ararendá,99.34,80.0,municipio,Base dos Dados / CNCA,19.340000000000003,True,,743,gold
2024,2308203,23,CE,Meruoca,98.21,80.0,municipio,Base dos Dados / CNCA,18.209999999999994,True,,743,gold
2024,5203807,52,GO,Britânia,92.82,80.0,municipio,Base dos Dados / CNCA,12.819999999999993,True,,743,gold
2024,2305654,23,CE,Ipaporanga,99.16,80.0,municipio,Base dos Dados / CNCA,19.159999999999997,True,,743,gold
2024,3542008,35,SP,Quintana,64.71,56.38,municipio,Base dos Dados / CNCA,8.329999999999991,True,,743,gold
2024,3541604,35,SP,Promissão,73.51,69.41,municipio,Base dos Dados / CNCA,4.1000000000000085,True,,743,gold
2024,3529401,35,SP,Mauá,73.14,51.29,municipio,Base dos Dados / CNCA,21.85,True,,743,gold
2024,3145851,31,MG,Oratórios,82.24,74.81,municipio,Base dos Dados / CNCA,7.429999999999993,True,,743,gold
2024,2205276,22,PI,Jatobá do Piauí,95.24,74.79,municipio,Base dos Dados / CNCA,20.44999999999999,True,,743,gold
2024,5218904,52,GO,Rubiataba,87.69,77.9,municipio,Base dos Dados / CNCA,9.789999999999992,True,,743,gold
2024,3152709,31,MG,Prados,93.22,74.26,municipio,Base dos Dados / CNCA,18.959999999999994,True,,743,gold
2024,5205059,52,GO,Castelândia,91.3,80.0,municipio,Base dos Dados / CNCA,11.299999999999997,True,,743,gold
2024,1715754,17,TO,Palmeirópolis,77.41,53.03,municipio,Base dos Dados / CNCA,24.379999999999995,True,,743,gold
2024,3550209,35,SP,São Miguel Arcanjo,73.78,60.81,municipio,Base dos Dados / CNCA,12.969999999999999,True,,743,gold
2024,3512308,35,SP,Conchas,69.48,52.67,municipio,Base dos Dados / CNCA,16.810000000000002,True,,743,gold
2024,2509339,25,PB,Matinhas,72.67,79.38,municipio,Base dos Dados / CNCA,-6.709999999999994,False,,743,gold
2024,3533304,35,SP,Nova Luzitânia,73.33,78.23,municipio,Base dos Dados / CNCA,-4.900000000000006,False,,743,gold
2024,2609105,26,PE,Machados,96.75,80.0,municipio,Base dos Dados / CNCA,16.75,True,,743,gold
2024,3521705,35,SP,Itaberá,86.29,56.6,uf_fallback,Base dos Dados / CNCA,29.690000000000005,True,,743,gold
2024,4210555,42,SC,Marema,75.96,64.5,uf_fallback,Base dos Dados / CNCA,11.459999999999994,True,,743,gold
2024,2310506,23,CE,Pedra Branca,99.7,80.0,municipio,Base dos Dados / CNCA,19.700000000000003,True,,743,gold
2024,3504206,35,SP,Auriflama,77.87,70.43,municipio,Base dos Dados / CNCA,7.439999999999998,True,,743,gold
2024,2306009,23,CE,Iracema,84.18,80.0,municipio,Base dos Dados / CNCA,4.180000000000007,True,,743,gold
2024,2410207,24,RN,Portalegre,65.36,55.67,municipio,Base dos Dados / CNCA,9.689999999999998,True,,743,gold
2024,5215256,52,GO,Novo Planalto,94.54,80.0,municipio,Base dos Dados / CNCA,14.540000000000006,True,,743,gold
2024,5222005,52,GO,Vianópolis,89.5,80.0,municipio,Base dos Dados / CNCA,9.5,True,,743,gold
2024,3157302,31,MG,Santa Bárbara do Tugúrio,90.92,55.44,municipio,Base dos Dados / CNCA,35.480000000000004,True,,743,gold
2024,3166006,31,MG,Senhora de Oliveira,86.42,79.39,municipio,Base dos Dados / CNCA,7.030000000000001,True,,743,gold
2024,3151909,31,MG,Pocrane,88.29,63.2,uf_fallback,Base dos Dados / CNCA,25.090000000000003,True,,743,gold
2024,2111748,21,MA,Senador Alexandre Costa,96.12,80.0,municipio,Base dos Dados / CNCA,16.120000000000005,True,,743,gold
2024,3519808,35,SP,Icém,81.32,74.38,municipio,Base dos Dados / CNCA,6.939999999999998,True,,743,gold
2024,3518602,35,SP,Guariba,78.67,71.35,municipio,Base dos Dados / CNCA,7.320000000000007,True,,743,gold
2024,3130408,31,MG,Ijaci,82.9,73.92,municipio,Base dos Dados / CNCA,8.980000000000004,True,,743,gold
2024,3514809,35,SP,Eldorado,75.19,65.24,municipio,Base dos Dados / CNCA,9.950000000000003,True,,743,gold
2024,5104542,51,MT,Itanhangá,77.99,80.0,municipio,Base dos Dados / CNCA,-2.010000000000005,False,,743,gold
2024,2211605,22,PI,Vila Nova do Piauí,100.0,80.0,municipio,Base dos Dados / CNCA,20.0,True,,743,gold
2024,3165800,31,MG,Senador José Bento,70.0,63.2,uf_fallback,Base dos Dados / CNCA,6.799999999999997,True,,743,gold
2024,4211850,42,SC,Ouro Verde,66.67,50.27,municipio,Base dos Dados / CNCA,16.4,True,,743,gold
2024,2301505,23,CE,Arneiroz,76.0,74.62,municipio,Base dos Dados / CNCA,1.3799999999999955,True,,743,gold
2024,2210383,22,PI,São Miguel da Baixa Grande,80.0,31.36,municipio,Base dos Dados / CNCA,48.64,True,,743,gold
2024,3166600,31,MG,Serra da Saudade,90.0,63.2,uf_fallback,Base dos Dados / CNCA,26.799999999999997,True,,743,gold
2024,4309258,43,RS,Guabiju,66.7,66.2,uf_fallback,Base dos Dados / CNCA,0.5,True,,743,gold
2024,3521507,35,SP,Irapuã,76.62,71.24,municipio,Base dos Dados / CNCA,5.38000000000001,True,,743,gold
2024,3518206,35,SP,Guararapes,71.91,61.81,municipio,Base dos Dados / CNCA,10.099999999999994,True,,743,gold
2024,2210003,22,PI,São João do Piauí,65.25,50.09,municipio,Base dos Dados / CNCA,15.159999999999997,True,,743,gold
2024,3517307,35,SP,Guaimbê,83.39,80.0,municipio,Base dos Dados / CNCA,3.3900000000000006,True,,743,gold
2024,3517703,35,SP,Guará,76.27,69.43,municipio,Base dos Dados / CNCA,6.839999999999989,True,,743,gold
2024,2413805,24,RN,Taboleiro Grande,73.08,51.04,municipio,Base dos Dados / CNCA,22.04,True,,743,gold
2024,3121506,31,MG,Desterro do Melo,96.43,70.08,municipio,Base dos Dados / CNCA,26.35000000000001,True,,743,gold
2024,2203701,22,PI,Esperantina,73.13,60.81,municipio,Base dos Dados / CNCA,12.319999999999993,True,,743,gold
2024,2304400,23,CE,Fortaleza,75.03,74.95,municipio,Base dos Dados / CNCA,0.0799999999999983,True,,743,gold
2024,3548104,35,SP,Santo Antônio do Jardim,72.45,72.81,municipio,Base dos Dados / CNCA,-0.35999999999999943,False,,743,gold
2024,3104205,31,MG,Arcos,88.86,79.0,municipio,Base dos Dados / CNCA,9.86,True,,743,gold
2024,3203163,32,ES,Laranja da Terra,89.86,80.0,municipio,Base dos Dados / CNCA,9.86,True,,743,gold
2024,2611533,26,PE,Quixaba,87.04,80.0,municipio,Base dos Dados / CNCA,7.040000000000006,True,,743,gold
2024,3529302,35,SP,Matão,71.72,66.95,municipio,Base dos Dados / CNCA,4.769999999999996,True,,743,gold
2024,3502705,35,SP,Apiaí,74.62,70.29,municipio,Base dos Dados / CNCA,4.329999999999998,True,,743,gold
2024,3515186,35,SP,Espírito Santo do Pinhal,75.49,67.8,municipio,Base dos Dados / CNCA,7.689999999999998,True,,743,gold
2024,3103702,31,MG,Araponga,93.2,52.43,municipio,Base dos Dados / CNCA,40.77,True,,743,gold
2024,2303006,23,CE,Caridade,98.73,80.0,municipio,Base dos Dados / CNCA,18.730000000000004,True,,743,gold
2024,3108800,31,MG,Braúnas,63.3,73.45,municipio,Base dos Dados / CNCA,-10.150000000000006,False,,743,gold
2024,4315552,43,RS,Rio dos Índios,78.8,80.0,municipio,Base dos Dados / CNCA,-1.2000000000000028,False,,743,gold
2024,2200103,22,PI,Agricolândia,60.23,39.55,municipio,Base dos Dados / CNCA,20.68,True,,743,gold
2024,5103957,51,MT,Glória D'Oeste,83.78,80.0,municipio,Base dos Dados / CNCA,3.780000000000001,True,,743,gold
2024,3520004,35,SP,Igaraçu do Tietê,77.29,70.4,municipio,Base dos Dados / CNCA,6.890000000000001,True,,743,gold
2024,3103009,31,MG,Antônio Dias,84.4,63.2,uf_fallback,Base dos Dados / CNCA,21.200000000000003,True,,743,gold
2024,2201176,22,PI,Barra D'Alcântara,93.18,64.23,municipio,Base dos Dados / CNCA,28.950000000000003,True,,743,gold
2024,3200136,32,ES,Águia Branca,94.55,80.0,municipio,Base dos Dados / CNCA,14.549999999999997,True,,743,gold
2024,2309706,23,CE,Pacatuba,78.36,76.63,municipio,Base dos Dados / CNCA,1.730000000000004,True,,743,gold
2024,2311900,23,CE,Saboeiro,81.55,76.08,municipio,Base dos Dados / CNCA,5.469999999999999,True,,743,gold
2024,5212055,52,GO,Jesúpolis,100.0,80.0,municipio,Base dos Dados / CNCA,20.0,True,,743,gold
2024,2312908,23,CE,Sobral,98.58,80.0,municipio,Base dos Dados / CNCA,18.58,True,,743,gold
2024,2304301,23,CE,Farias Brito,96.0,80.0,municipio,Base dos Dados / CNCA,16.0,True,,743,gold
2024,3518305,35,SP,Guararema,76.97,67.24,municipio,Base dos Dados / CNCA,9.730000000000004,True,,743,gold
2024,3156304,31,MG,Rodeiro,81.95,50.42,municipio,Base dos Dados / CNCA,31.53,True,,743,gold
2024,2206001,22,PI,Marcos Parente,80.95,29.37,municipio,Base dos Dados / CNCA,51.58,True,,743,gold
2024,2203230,22,PI,Currais,92.5,80.0,municipio,Base dos Dados / CNCA,12.5,True,,743,gold
2024,3547007,35,SP,Santa Maria da Serra,86.98,55.23,municipio,Base dos Dados / CNCA,31.750000000000007,True,,743,gold
2024,3501509,35,SP,Alvinlândia,91.84,75.18,municipio,Base dos Dados / CNCA,16.659999999999997,True,,743,gold
2024,3119955,31,MG,Córrego Fundo,96.07,71.22,municipio,Base dos Dados / CNCA,24.849999999999994,True,,743,gold
2024,3130804,31,MG,Ingaí,87.27,56.85,municipio,Base dos Dados / CNCA,30.419999999999995,True,,743,gold
2024,3506508,35,SP,Birigui,78.13,72.5,municipio,Base dos Dados / CNCA,5.6299999999999955,True,,743,gold
2024,3117603,31,MG,Conceição do Pará,92.75,63.2,uf_fallback,Base dos Dados / CNCA,29.549999999999997,True,,743,gold
2024,2512762,25,PB,Riachão do Poço,75.0,70.13,municipio,Base dos Dados / CNCA,4.8700000000000045,True,,743,gold
2024,4212601,42,SC,Peritiba,87.5,80.0,municipio,Base dos Dados / CNCA,7.5,True,,743,gold
2024,3518909,35,SP,Guzolândia,79.92,80.0,municipio,Base dos Dados / CNCA,-0.0799999999999983,False,,743,gold
2024,3130655,31,MG,Indaiabira,89.58,60.09,municipio,Base dos Dados / CNCA,29.489999999999995,True,,743,gold
2024,3530904,35,SP,Mombuca,74.25,59.84,municipio,Base dos Dados / CNCA,14.409999999999997,True,,743,gold
2024,2205250,22,PI,Jardim do Mulato,77.0,61.92,municipio,Base dos Dados / CNCA,15.079999999999998,True,,743,gold
2024,3546504,35,SP,Santa Ernestina,92.26,80.0,municipio,Base dos Dados / CNCA,12.260000000000005,True,,743,gold
2024,2311207,23,CE,Potengi,91.04,80.0,municipio,Base dos Dados / CNCA,11.040000000000006,True,,743,gold
2024,3503406,35,SP,Arealva,79.38,73.77,municipio,Base dos Dados / CNCA,5.609999999999999,True,,743,gold
2024,2517001,25,PB,Umbuzeiro,79.38,44.74,municipio,Base dos Dados / CNCA,34.63999999999999,True,,743,gold
2024,2205573,22,PI,Lagoa de São Francisco,76.74,47.49,municipio,Base dos Dados / CNCA,29.249999999999993,True,,743,gold
2024,3545159,35,SP,Saltinho,64.45,67.95,municipio,Base dos Dados / CNCA,-3.5,False,,743,gold
2024,2702306,27,AL,Coruripe,92.03,80.0,municipio,Base dos Dados / CNCA,12.030000000000001,True,,743,gold
2024,5211404,52,GO,Itauçu,94.51,80.0,municipio,Base dos Dados / CNCA,14.510000000000005,True,,743,gold
2024,1715507,17,TO,Oliveira de Fátima,31.58,54.93,municipio,Base dos Dados / CNCA,-23.35,False,,743,gold
2024,3515400,35,SP,Fartura,82.78,65.56,municipio,Base dos Dados / CNCA,17.22,True,,743,gold
2024,2204006,22,PI,Francinópolis,84.21,78.27,municipio,Base dos Dados / CNCA,5.939999999999998,True,,743,gold
2024,5214804,52,GO,Nova Aurora,84.21,20.79,municipio,Base dos Dados / CNCA,63.419999999999995,True,,743,gold
2024,3109808,31,MG,Cachoeira Dourada,94.74,80.0,municipio,Base dos Dados / CNCA,14.739999999999995,True,,743,gold
2024,3536570,35,SP,Paulistânia,73.68,44.71,municipio,Base dos Dados / CNCA,28.970000000000006,True,,743,gold
2024,2302909,23,CE,Capistrano,87.35,77.99,municipio,Base dos Dados / CNCA,9.36,True,,743,gold
2024,3516606,35,SP,Gália,66.68,79.07,municipio,Base dos Dados / CNCA,-12.389999999999986,False,,743,gold
2024,2112233,21,MA,Trizidela do Vale,90.87,62.49,municipio,Base dos Dados / CNCA,28.380000000000003,True,,743,gold
2024,2311702,23,CE,Reriutaba,98.5,80.0,municipio,Base dos Dados / CNCA,18.5,True,,743,gold
2024,3116803,31,MG,Coluna,91.21,66.67,municipio,Base dos Dados / CNCA,24.539999999999992,True,,743,gold
2024,5106802,51,MT,Porto dos Gaúchos,74.29,76.25,municipio,Base dos Dados / CNCA,-1.9599999999999937,False,,743,gold
2024,3511201,35,SP,Catiguá,84.7,58.54,municipio,Base dos Dados / CNCA,26.160000000000004,True,,743,gold
2024,5206602,52,GO,Cumari,72.73,76.76,municipio,Base dos Dados / CNCA,-4.030000000000001,False,,743,gold
2024,2101939,21,MA,Bernardo do Mearim,87.88,19.1,municipio,Base dos Dados / CNCA,68.78,True,,743,gold
2024,5218706,52,GO,Rianápolis,100.0,77.08,municipio,Base dos Dados / CNCA,22.92,True,,743,gold
2024,3148301,31,MG,Paula Cândido,91.23,58.13,municipio,Base dos Dados / CNCA,33.1,True,,743,gold
2024,5107248,51,MT,Santa Carmem,93.91,72.84,municipio,Base dos Dados / CNCA,21.069999999999993,True,,743,gold
2024,5204607,52,GO,Campestre de Goiás,93.62,79.44,municipio,Base dos Dados / CNCA,14.180000000000007,True,,743,gold
2024,2313351,23,CE,Tejuçuoca,80.16,80.0,municipio,Base dos Dados / CNCA,0.1599999999999966,True,,743,gold
2024,2103125,21,MA,Central do Maranhão,84.42,80.0,municipio,Base dos Dados / CNCA,4.420000000000002,True,,743,gold
2024,3527108,35,SP,Lins,81.06,75.13,municipio,Base dos Dados / CNCA,5.930000000000007,True,,743,gold
2024,5103452,51,MT,Denise,83.58,61.8,municipio,Base dos Dados / CNCA,21.78,True,,743,gold
2024,2205409,22,PI,Joaquim Pires,81.27,59.6,municipio,Base dos Dados / CNCA,21.669999999999995,True,,743,gold
2024,3556107,35,SP,Valentim Gentil,85.95,69.19,municipio,Base dos Dados / CNCA,16.760000000000005,True,,743,gold
2024,2501708,25,PB,Barra de São Miguel,78.61,63.73,municipio,Base dos Dados / CNCA,14.880000000000003,True,,743,gold
2024,3556958,35,SP,Vitória Brasil,100.0,68.83,municipio,Base dos Dados / CNCA,31.17,True,,743,gold
2024,2308807,23,CE,Moraújo,92.86,80.0,municipio,Base dos Dados / CNCA,12.86,True,,743,gold
2024,2209609,22,PI,São Félix do Piauí,64.29,42.27,municipio,Base dos Dados / CNCA,22.020000000000003,True,,743,gold
2024,3149507,31,MG,Pequeri,69.05,39.0,municipio,Base dos Dados / CNCA,30.049999999999997,True,,743,gold
2024,3544400,35,SP,Rubiácea,82.14,57.81,municipio,Base dos Dados / CNCA,24.33,True,,743,gold
2024,3127354,31,MG,Glaucilândia,71.43,60.93,municipio,Base dos Dados / CNCA,10.500000000000007,True,,743,gold
2024,3146602,31,MG,Paiva,92.86,80.0,municipio,Base dos Dados / CNCA,12.86,True,,743,gold
2024,5219712,52,GO,Santo Antônio da Barra,91.64,80.0,municipio,Base dos Dados / CNCA,11.64,True,,743,gold
2024,2307106,23,CE,Jardim,70.8,78.19,municipio,Base dos Dados / CNCA,-7.390000000000001,False,,743,gold
2024,3106408,31,MG,Belo Vale,97.32,80.0,municipio,Base dos Dados / CNCA,17.319999999999993,True,,743,gold
2024,5107875,51,MT,Sapezal,84.38,71.39,municipio,Base dos Dados / CNCA,12.989999999999995,True,,743,gold
2024,2311264,23,CE,Quiterianópolis,99.0,80.0,municipio,Base dos Dados / CNCA,19.0,True,,743,gold
2024,2205151,22,PI,Jacobina do Piauí,84.31,80.0,municipio,Base dos Dados / CNCA,4.310000000000002,True,,743,gold
2024,2512747,25,PB,Riachão,70.37,56.97,municipio,Base dos Dados / CNCA,13.400000000000006,True,,743,gold
2024,2306603,23,CE,Itatira,99.06,80.0,municipio,Base dos Dados / CNCA,19.060000000000002,True,,743,gold
2024,2304509,23,CE,Frecheirinha,98.18,80.0,municipio,Base dos Dados / CNCA,18.180000000000007,True,,743,gold
2024,4126405,41,PR,Sertaneja,90.98,80.0,municipio,Base dos Dados / CNCA,10.980000000000004,True,,743,gold
2024,3124708,31,MG,Estrela do Indaiá,100.0,80.0,municipio,Base dos Dados / CNCA,20.0,True,,743,gold
2024,3514007,35,SP,Dobrada,93.4,56.6,uf_fallback,Base dos Dados / CNCA,36.800000000000004,True,,743,gold
2024,4323101,43,RS,Vicente Dutra,70.1,73.49,municipio,Base dos Dados / CNCA,-3.3900000000000006,False,,743,gold
2024,2515708,25,PB,Serra Grande,70.82,46.27,municipio,Base dos Dados / CNCA,24.54999999999999,True,,743,gold
2024,2203404,22,PI,Dom Expedito Lopes,76.45,77.56,municipio,Base dos Dados / CNCA,-1.1099999999999994,False,,743,gold
2024,5100300,51,MT,Alto Araguaia,75.59,74.79,municipio,Base dos Dados / CNCA,0.7999999999999972,True,,743,gold
2024,3506201,35,SP,Bento de Abreu,84.11,80.0,municipio,Base dos Dados / CNCA,4.109999999999999,True,,743,gold
2024,3505005,35,SP,Barão de Antonina,64.23,67.91,municipio,Base dos Dados / CNCA,-3.6799999999999926,False,,743,gold
2024,2301307,23,CE,Araripe,77.22,76.18,municipio,Base dos Dados / CNCA,1.039999999999992,True,,743,gold
2024,2203453,22,PI,Dom Inocêncio,87.27,80.0,municipio,Base dos Dados / CNCA,7.269999999999996,True,,743,gold
2024,3200102,32,ES,Afonso Cláudio,91.7,80.0,municipio,Base dos Dados / CNCA,11.700000000000003,True,,743,gold
2024,5218805,52,GO,Rio Verde,89.88,80.0,municipio,Base dos Dados / CNCA,9.879999999999995,True,,743,gold
2024,3526506,35,SP,Lavínia,59.08,64.99,municipio,Base dos Dados / CNCA,-5.909999999999997,False,,743,gold
2024,3526001,35,SP,Junqueirópolis,80.44,77.4,municipio,Base dos Dados / CNCA,3.039999999999992,True,,743,gold
2024,2209500,22,PI,Santo Inácio do Piauí,85.37,74.44,municipio,Base dos Dados / CNCA,10.930000000000007,True,,743,gold
2024,5221700,52,GO,Uruana,97.73,76.25,municipio,Base dos Dados / CNCA,21.480000000000004,True,,743,gold
2024,5213509,52,GO,Monte Alegre de Goiás,81.87,74.82,municipio,Base dos Dados / CNCA,7.050000000000011,True,,743,gold
2024,5213004,52,GO,Maurilândia,83.79,78.69,municipio,Base dos Dados / CNCA,5.1000000000000085,True,,743,gold
2024,2208700,22,PI,Redenção do Gurguéia,80.52,80.0,municipio,Base dos Dados / CNCA,0.519999999999996,True,,743,gold
2024,5219456,52,GO,Santa Rita do Novo Destino,95.83,80.0,municipio,Base dos Dados / CNCA,15.829999999999998,True,,743,gold
2024,4300646,43,RS,Ametista do Sul,72.9,54.07,municipio,Base dos Dados / CNCA,18.830000000000005,True,,743,gold
2024,2310001,23,CE,Palhano,74.59,72.04,municipio,Base dos Dados / CNCA,2.549999999999997,True,,743,gold
2024,2302206,23,CE,Beberibe,81.6,78.39,municipio,Base dos Dados / CNCA,3.2099999999999937,True,,743,gold
2024,3165008,31,MG,São Tiago,92.5,80.0,municipio,Base dos Dados / CNCA,12.5,True,,743,gold
2024,2304806,23,CE,Granjeiro,91.59,80.0,municipio,Base dos Dados / CNCA,11.590000000000003,True,,743,gold
2024,3522158,35,SP,Itaóca,51.85,64.03,municipio,Base dos Dados / CNCA,-12.18,False,,743,gold
2024,2302107,23,CE,Baturité,86.78,78.18,municipio,Base dos Dados / CNCA,8.599999999999994,True,,743,gold
2024,2101350,21,MA,Bacurituba,100.0,80.0,municipio,Base dos Dados / CNCA,20.0,True,,743,gold
2024,3527256,35,SP,Lourdes,72.22,74.94,municipio,Base dos Dados / CNCA,-2.719999999999999,False,,743,gold
2024,3103900,31,MG,Araújos,88.5,74.92,municipio,Base dos Dados / CNCA,13.579999999999998,True,,743,gold
2024,3542305,35,SP,Redenção da Serra,84.33,80.0,municipio,Base dos Dados / CNCA,4.329999999999998,True,,743,gold
2024,3532843,35,SP,Nova Canaã Paulista,72.22,79.1,municipio,Base dos Dados / CNCA,-6.8799999999999955,False,,743,gold
2024,3549003,35,SP,São Francisco,83.33,56.6,uf_fallback,Base dos Dados / CNCA,26.729999999999997,True,,743,gold
2024,3145703,31,MG,Oliveira Fortes,83.33,72.78,municipio,Base dos Dados / CNCA,10.549999999999997,True,,743,gold
2024,3500907,35,SP,Altair,62.85,59.85,municipio,Base dos Dados / CNCA,3.0,True,,743,gold
2024,3504800,35,SP,Bálsamo,83.51,80.0,municipio,Base dos Dados / CNCA,3.510000000000005,True,,743,gold
2024,2305209,23,CE,Hidrolândia,96.11,80.0,municipio,Base dos Dados / CNCA,16.11,True,,743,gold
2024,2310902,23,CE,Piquet Carneiro,100.0,80.0,municipio,Base dos Dados / CNCA,20.0,True,,743,gold
2024,3536406,35,SP,Paulicéia,75.86,69.3,municipio,Base dos Dados / CNCA,6.560000000000002,True,,743,gold
2024,3169208,31,MG,Tombos,80.55,60.67,municipio,Base dos Dados / CNCA,19.879999999999995,True,,743,gold
2024,5202353,52,GO,Arenópolis,83.64,80.0,municipio,Base dos Dados / CNCA,3.6400000000000006,True,,743,gold
2024,2202083,22,PI,Cajueiro da Praia,62.75,52.75,municipio,Base dos Dados / CNCA,10.0,True,,743,gold
2024,5106190,51,MT,Nova Santa Helena,75.07,79.33,municipio,Base dos Dados / CNCA,-4.260000000000005,False,,743,gold
2024,3535101,35,SP,Palmares Paulista,77.46,80.0,municipio,Base dos Dados / CNCA,-2.5400000000000063,False,,743,gold
2024,2209971,22,PI,São João do Arraial,87.8,40.46,municipio,Base dos Dados / CNCA,47.339999999999996,True,,743,gold
2024,2314102,23,CE,Viçosa do Ceará,90.22,80.0,municipio,Base dos Dados / CNCA,10.219999999999999,True,,743,gold
2024,1600709,16,AP,Tartarugalzinho,90.52,39.04,municipio,Base dos Dados / CNCA,51.48,True,,743,gold
2024,3503703,35,SP,Ariranha,87.22,66.43,municipio,Base dos Dados / CNCA,20.789999999999992,True,,743,gold
2024,2500700,25,PB,São João do Rio do Peixe,72.85,48.11,municipio,Base dos Dados / CNCA,24.739999999999995,True,,743,gold
2024,3507407,35,SP,Borborema,85.16,80.0,municipio,Base dos Dados / CNCA,5.159999999999997,True,,743,gold
2024,2304707,23,CE,Granja,97.78,80.0,municipio,Base dos Dados / CNCA,17.78,True,,743,gold
2024,4318424,43,RS,São João da Urtiga,73.5,77.05,municipio,Base dos Dados / CNCA,-3.549999999999997,False,,743,gold
2024,2301703,23,CE,Aurora,73.84,73.96,municipio,Base dos Dados / CNCA,-0.11999999999999034,False,,743,gold
2024,4211876,42,SC,Paial,54.55,72.28,municipio,Base dos Dados / CNCA,-17.730000000000004,False,,743,gold
2024,4213104,42,SC,Piratuba,83.99,80.0,municipio,Base dos Dados / CNCA,3.989999999999995,True,,743,gold
2024,3123304,31,MG,Dores do Turvo,95.99,77.19,municipio,Base dos Dados / CNCA,18.799999999999997,True,,743,gold
2024,3170479,31,MG,Uruana de Minas,80.0,58.52,municipio,Base dos Dados / CNCA,21.479999999999997,True,,743,gold
2024,2202737,22,PI,Coivaras,94.47,78.41,municipio,Base dos Dados / CNCA,16.060000000000002,True,,743,gold
2024,2311405,23,CE,Quixeramobim,98.76,80.0,municipio,Base dos Dados / CNCA,18.760000000000005,True,,743,gold
2024,2709301,27,AL,União dos Palmares,94.75,80.0,municipio,Base dos Dados / CNCA,14.75,True,,743,gold
2024,2513208,25,PB,Santa Cruz,86.28,57.29,municipio,Base dos Dados / CNCA,28.990000000000002,True,,743,gold
2024,2312007,23,CE,Santana do Acaraú,98.26,80.0,municipio,Base dos Dados / CNCA,18.260000000000005,True,,743,gold
2024,3520442,35,SP,Ilha Solteira,80.76,68.72,municipio,Base dos Dados / CNCA,12.040000000000006,True,,743,gold
2024,2308906,23,CE,Morrinhos,97.77,80.0,municipio,Base dos Dados / CNCA,17.769999999999996,True,,743,gold
2024,4312385,43,RS,Monte Belo do Sul,76.9,80.0,municipio,Base dos Dados / CNCA,-3.0999999999999943,False,,743,gold
2024,4320305,43,RS,Selbach,67.0,66.2,uf_fallback,Base dos Dados / CNCA,0.7999999999999972,True,,743,gold
2024,3521606,35,SP,Irapuru,96.0,80.0,municipio,Base dos Dados / CNCA,16.0,True,,743,gold
2024,2503605,25,PB,Caiçara,72.22,58.17,municipio,Base dos Dados / CNCA,14.049999999999997,True,,743,gold
2024,3501103,35,SP,Alto Alegre,71.82,63.01,municipio,Base dos Dados / CNCA,8.809999999999995,True,,743,gold
2024,2200301,22,PI,Alto Longá,82.41,80.0,municipio,Base dos Dados / CNCA,2.4099999999999966,True,,743,gold
2024,3129004,31,MG,Guiricema,82.89,50.41,municipio,Base dos Dados / CNCA,32.480000000000004,True,,743,gold
2024,2202703,22,PI,Cocal,83.93,74.22,municipio,Base dos Dados / CNCA,9.710000000000008,True,,743,gold
2024,5205406,52,GO,Ceres,94.51,80.0,municipio,Base dos Dados / CNCA,14.510000000000005,True,,743,gold
2024,3532900,35,SP,Nova Europa,68.76,55.45,municipio,Base dos Dados / CNCA,13.310000000000002,True,,743,gold
2024,4313037,43,RS,Nova Esperança do Sul,71.3,80.0,municipio,Base dos Dados / CNCA,-8.700000000000003,False,,743,gold
2024,2201945,22,PI,Boqueirão do Piauí,77.1,80.0,municipio,Base dos Dados / CNCA,-2.9000000000000057,False,,743,gold
2024,2517209,25,PB,Vieirópolis,64.36,35.36,municipio,Base dos Dados / CNCA,29.0,True,,743,gold
2024,2303931,23,CE,Choró,95.42,80.0,municipio,Base dos Dados / CNCA,15.420000000000002,True,,743,gold
2024,2513653,25,PB,Joca Claudino,90.09,46.0,municipio,Base dos Dados / CNCA,44.09,True,,743,gold
2024,2309904,23,CE,Pacujá,100.0,80.0,municipio,Base dos Dados / CNCA,20.0,True,,743,gold
2024,2202604,22,PI,Castelo do Piauí,82.63,75.84,municipio,Base dos Dados / CNCA,6.789999999999992,True,,743,gold
2024,4323770,43,RS,Westfalia,61.5,80.0,municipio,Base dos Dados / CNCA,-18.5,False,,743,gold
2024,2202133,22,PI,Campo Grande do Piauí,95.8,80.0,municipio,Base dos Dados / CNCA,15.799999999999997,True,,743,gold
2024,3110400,31,MG,Camacho,86.64,80.0,municipio,Base dos Dados / CNCA,6.640000000000001,True,,743,gold
2024,3109501,31,MG,Cabo Verde,86.58,73.25,municipio,Base dos Dados / CNCA,13.329999999999998,True,,743,gold
2024,2309003,23,CE,Mucambo,98.82,80.0,municipio,Base dos Dados / CNCA,18.819999999999993,True,,743,gold
2024,2309805,23,CE,Pacoti,91.18,80.0,municipio,Base dos Dados / CNCA,11.180000000000007,True,,743,gold
2024,3114907,31,MG,Casa Grande,94.12,70.55,municipio,Base dos Dados / CNCA,23.570000000000007,True,,743,gold
2024,3544202,35,SP,Riolândia,84.72,80.0,municipio,Base dos Dados / CNCA,4.719999999999999,True,,743,gold
2024,2300150,23,CE,Acarape,81.21,78.41,municipio,Base dos Dados / CNCA,2.799999999999997,True,,743,gold
2024,2305357,23,CE,Icapuí,76.34,80.0,municipio,Base dos Dados / CNCA,-3.6599999999999966,False,,743,gold
2024,2204600,22,PI,Hugo Napoleão,81.47,80.0,municipio,Base dos Dados / CNCA,1.4699999999999989,True,,743,gold
2024,2200277,22,PI,Alegrete do Piauí,55.26,58.22,municipio,Base dos Dados / CNCA,-2.960000000000001,False,,743,gold
2024,2204808,22,PI,Ipiranga do Piauí,95.83,80.0,municipio,Base dos Dados / CNCA,15.829999999999998,True,,743,gold
2024,2310308,23,CE,Parambu,88.35,80.0,municipio,Base dos Dados / CNCA,8.349999999999994,True,,743,gold
2024,5219001,52,GO,Sanclerlândia,91.82,78.37,municipio,Base dos Dados / CNCA,13.449999999999989,True,,743,gold
2024,3534005,35,SP,Onda Verde,74.45,52.45,municipio,Base dos Dados / CNCA,22.0,True,,743,gold
2024,2204154,22,PI,Francisco Macedo,95.24,62.8,municipio,Base dos Dados / CNCA,32.44,True,,743,gold
2024,2206753,22,PI,Nossa Senhora de Nazaré,95.24,28.91,municipio,Base dos Dados / CNCA,66.33,True,,743,gold
2024,2510709,25,PB,Passagem,66.67,79.59,municipio,Base dos Dados / CNCA,-12.920000000000002,False,,743,gold
2024,4107538,41,PR,Entre Rios do Oeste,96.25,80.0,municipio,Base dos Dados / CNCA,16.25,True,,743,gold
2024,2305605,23,CE,Independência,98.62,80.0,municipio,Base dos Dados / CNCA,18.620000000000005,True,,743,gold
2024,2308104,23,CE,Mauriti,84.55,80.0,municipio,Base dos Dados / CNCA,4.549999999999997,True,,743,gold
2024,2708303,27,AL,São José da Laje,95.31,79.33,municipio,Base dos Dados / CNCA,15.980000000000004,True,,743,gold
2024,3524501,35,SP,Jaci,68.06,59.85,municipio,Base dos Dados / CNCA,8.21,True,,743,gold
2024,2208908,22,PI,Ribeiro Gonçalves,85.26,80.0,municipio,Base dos Dados / CNCA,5.260000000000005,True,,743,gold
2024,2313955,23,CE,Varjota,98.06,80.0,municipio,Base dos Dados / CNCA,18.060000000000002,True,,743,gold
2024,2311009,23,CE,Poranga,100.0,80.0,municipio,Base dos Dados / CNCA,20.0,True,,743,gold
2024,2306256,23,CE,Itaitinga,85.11,80.0,municipio,Base dos Dados / CNCA,5.109999999999999,True,,743,gold
2024,2307908,23,CE,Martinópole,99.24,80.0,municipio,Base dos Dados / CNCA,19.239999999999995,True,,743,gold
2024,3141207,31,MG,Matutina,91.94,80.0,municipio,Base dos Dados / CNCA,11.939999999999998,True,,743,gold
2024,5200159,52,GO,Adelândia,81.99,80.0,municipio,Base dos Dados / CNCA,1.9899999999999949,True,,743,gold
2024,2703759,27,AL,Jequiá da Praia,95.65,55.12,municipio,Base dos Dados / CNCA,40.53000000000001,True,,743,gold
2024,2210706,22,PI,Simões,86.03,70.36,municipio,Base dos Dados / CNCA,15.670000000000002,True,,743,gold
2024,2106375,21,MA,Maranhãozinho,97.62,76.95,municipio,Base dos Dados / CNCA,20.67,True,,743,gold
2024,2304459,23,CE,Fortim,93.28,80.0,municipio,Base dos Dados / CNCA,13.280000000000001,True,,743,gold
2024,2300200,23,CE,Acaraú,97.71,80.0,municipio,Base dos Dados / CNCA,17.709999999999994,True,,743,gold
2024,2708105,27,AL,Santana do Mundaú,97.67,80.0,municipio,Base dos Dados / CNCA,17.67,True,,743,gold
2024,3513702,35,SP,Descalvado,80.62,62.78,municipio,Base dos Dados / CNCA,17.840000000000003,True,,743,gold
2024,5106109,51,MT,Nossa Senhora do Livramento,80.17,70.38,municipio,Base dos Dados / CNCA,9.790000000000006,True,,743,gold
2024,2313559,23,CE,Tururu,95.29,80.0,municipio,Base dos Dados / CNCA,15.290000000000006,True,,743,gold
2024,2202729,22,PI,Cocal dos Alves,87.68,80.0,municipio,Base dos Dados / CNCA,7.680000000000007,True,,743,gold
2024,2516706,25,PB,Teixeira,81.85,73.96,municipio,Base dos Dados / CNCA,7.890000000000001,True,,743,gold
2024,4210902,42,SC,Modelo,94.86,80.0,municipio,Base dos Dados / CNCA,14.86,True,,743,gold
2024,3112000,31,MG,Candeias,90.37,80.0,municipio,Base dos Dados / CNCA,10.370000000000005,True,,743,gold
2024,5106455,51,MT,Planalto da Serra,90.32,62.17,municipio,Base dos Dados / CNCA,28.14999999999999,True,,743,gold
2024,3100401,31,MG,Acaiaca,73.93,80.0,municipio,Base dos Dados / CNCA,-6.069999999999993,False,,743,gold
2024,2508554,25,PB,Logradouro,94.6,80.0,municipio,Base dos Dados / CNCA,14.599999999999994,True,,743,gold
2024,2301851,23,CE,Banabuiú,76.25,80.0,municipio,Base dos Dados / CNCA,-3.75,False,,743,gold
2024,2304954,23,CE,Guaiúba,79.83,73.87,municipio,Base dos Dados / CNCA,5.959999999999994,True,,743,gold
2024,5214879,52,GO,Nova Iguaçu de Goiás,95.12,80.0,municipio,Base dos Dados / CNCA,15.120000000000005,True,,743,gold
2024,2303402,23,CE,Carnaubal,83.8,80.0,municipio,Base dos Dados / CNCA,3.799999999999997,True,,743,gold
2024,2313807,23,CE,Uruburetama,82.16,80.0,municipio,Base dos Dados / CNCA,2.1599999999999966,True,,743,gold
2024,2302602,23,CE,Camocim,94.08,80.0,municipio,Base dos Dados / CNCA,14.079999999999998,True,,743,gold
2024,2308609,23,CE,Monsenhor Tabosa,97.2,80.0,municipio,Base dos Dados / CNCA,17.200000000000003,True,,743,gold
2024,3500204,35,SP,Adolfo,85.8,66.25,municipio,Base dos Dados / CNCA,19.549999999999997,True,,743,gold
2024,3158706,31,MG,Santana do Garambéu,87.26,52.65,municipio,Base dos Dados / CNCA,34.61000000000001,True,,743,gold
2024,3135407,31,MG,Jeceaba,88.66,69.58,municipio,Base dos Dados / CNCA,19.08,True,,743,gold
2024,2303501,23,CE,Cascavel,82.6,80.0,municipio,Base dos Dados / CNCA,2.5999999999999943,True,,743,gold
2024,3512100,35,SP,Colômbia,72.63,80.0,municipio,Base dos Dados / CNCA,-7.3700000000000045,False,,743,gold
2024,2302701,23,CE,Campos Sales,82.79,80.0,municipio,Base dos Dados / CNCA,2.7900000000000063,True,,743,gold
2024,2303600,23,CE,Catarina,81.25,79.35,municipio,Base dos Dados / CNCA,1.9000000000000057,True,,743,gold
2024,5219704,52,GO,Santa Terezinha de Goiás,96.08,80.0,municipio,Base dos Dados / CNCA,16.08,True,,743,gold
2024,3548203,35,SP,Santo Antônio do Pinhal,73.68,48.8,municipio,Base dos Dados / CNCA,24.88000000000001,True,,743,gold
2024,2307700,23,CE,Maranguape,81.66,79.79,municipio,Base dos Dados / CNCA,1.8699999999999903,True,,743,gold
2024,2309409,23,CE,Novo Oriente,100.0,80.0,municipio,Base dos Dados / CNCA,20.0,True,,743,gold
2024,2310100,23,CE,Palmácia,94.31,80.0,municipio,Base dos Dados / CNCA,14.310000000000002,True,,743,gold
2024,5102793,51,MT,Carlinda,98.95,48.49,municipio,Base dos Dados / CNCA,50.46,True,,743,gold
2024,2301109,23,CE,Aracati,91.16,80.0,municipio,Base dos Dados / CNCA,11.159999999999997,True,,743,gold
2024,2306306,23,CE,Itapagé,89.55,80.0,municipio,Base dos Dados / CNCA,9.549999999999997,True,,743,gold
2024,2610202,26,PE,Panelas,94.53,77.3,municipio,Base dos Dados / CNCA,17.230000000000004,True,,743,gold
2024,2300101,23,CE,Abaiara,91.49,80.0,municipio,Base dos Dados / CNCA,11.489999999999995,True,,743,gold
2024,3553609,35,SP,Tapiratiba,79.51,57.9,municipio,Base dos Dados / CNCA,21.610000000000007,True,,743,gold
2024,3505302,35,SP,Barra Bonita,80.01,61.33,municipio,Base dos Dados / CNCA,18.680000000000007,True,,743,gold
2024,2511103,25,PB,Pedra Lavrada,83.68,76.28,municipio,Base dos Dados / CNCA,7.400000000000006,True,,743,gold
2024,2612109,26,PE,Salgadinho,92.16,80.0,municipio,Base dos Dados / CNCA,12.159999999999997,True,,743,gold
2024,2305308,23,CE,Ibiapina,97.38,80.0,municipio,Base dos Dados / CNCA,17.379999999999995,True,,743,gold
2024,3150505,31,MG,Pimenta,94.39,73.93,municipio,Base dos Dados / CNCA,20.459999999999994,True,,743,gold
2024,2307635,23,CE,Madalena,95.31,80.0,municipio,Base dos Dados / CNCA,15.310000000000002,True,,743,gold
2024,3136520,31,MG,José Gonçalves de Minas,77.29,63.2,uf_fallback,Base dos Dados / CNCA,14.090000000000003,True,,743,gold
2024,2510303,25,PB,Nova Palmeira,76.75,62.84,municipio,Base dos Dados / CNCA,13.909999999999997,True,,743,gold
2024,2312700,23,CE,Senador Pompeu,98.44,80.0,municipio,Base dos Dados / CNCA,18.439999999999998,True,,743,gold
2024,3535408,35,SP,Panorama,92.54,80.0,municipio,Base dos Dados / CNCA,12.540000000000006,True,,743,gold
2024,2509503,25,PB,Montadas,82.33,68.18,municipio,Base dos Dados / CNCA,14.149999999999991,True,,743,gold
2024,2208858,22,PI,Riacho Frio,92.42,80.0,municipio,Base dos Dados / CNCA,12.420000000000002,True,,743,gold
2024,2205953,22,PI,Marcolândia,89.66,80.0,municipio,Base dos Dados / CNCA,9.659999999999997,True,,743,gold
2024,2308500,23,CE,Mombaça,93.51,80.0,municipio,Base dos Dados / CNCA,13.510000000000005,True,,743,gold
2024,2307650,23,CE,Maracanaú,84.66,80.0,municipio,Base dos Dados / CNCA,4.659999999999997,True,,743,gold
2024,3517000,35,SP,Getulina,68.1,54.54,municipio,Base dos Dados / CNCA,13.559999999999995,True,,743,gold
2024,3119906,31,MG,Córrego do Bom Jesus,100.0,74.76,municipio,Base dos Dados / CNCA,25.239999999999995,True,,743,gold
2024,2304202,23,CE,Crato,95.37,80.0,municipio,Base dos Dados / CNCA,15.370000000000005,True,,743,gold
2024,2306702,23,CE,Jaguaretama,93.66,80.0,municipio,Base dos Dados / CNCA,13.659999999999997,True,,743,gold
2024,2300754,23,CE,Amontada,82.28,80.0,municipio,Base dos Dados / CNCA,2.280000000000001,True,,743,gold
2024,2313302,23,CE,Tauá,92.01,80.0,municipio,Base dos Dados / CNCA,12.010000000000005,True,,743,gold
2024,3135902,31,MG,Jesuânia,81.14,65.01,municipio,Base dos Dados / CNCA,16.129999999999995,True,,743,gold
2024,2310407,23,CE,Paramoti,94.2,80.0,municipio,Base dos Dados / CNCA,14.200000000000003,True,,743,gold
2024,2209955,22,PI,São João da Varjota,86.96,58.01,municipio,Base dos Dados / CNCA,28.949999999999996,True,,743,gold
2024,1706258,17,TO,Crixás do Tocantins,82.61,36.17,municipio,Base dos Dados / CNCA,46.44,True,,743,gold
2024,5221908,52,GO,Varjão,84.78,80.0,municipio,Base dos Dados / CNCA,4.780000000000001,True,,743,gold
2024,5209457,52,GO,Guarinos,95.65,56.95,municipio,Base dos Dados / CNCA,38.7,True,,743,gold
2024,2305803,23,CE,Ipu,86.66,80.0,municipio,Base dos Dados / CNCA,6.659999999999997,True,,743,gold
2024,2311108,23,CE,Porteiras,92.09,80.0,municipio,Base dos Dados / CNCA,12.090000000000003,True,,743,gold
2024,2201556,22,PI,Bela Vista do Piauí,89.26,64.18,municipio,Base dos Dados / CNCA,25.08,True,,743,gold
2024,2513307,25,PB,Santa Helena,96.58,57.33,municipio,Base dos Dados / CNCA,39.25,True,,743,gold
2024,3509809,35,SP,Campos Novos Paulista,86.59,39.06,municipio,Base dos Dados / CNCA,47.53,True,,743,gold
2024,3517109,35,SP,Glicério,86.84,72.12,municipio,Base dos Dados / CNCA,14.719999999999999,True,,743,gold
2024,2403905,24,RN,Francisco Dantas,78.95,50.65,municipio,Base dos Dados / CNCA,28.300000000000004,True,,743,gold
2024,2313708,23,CE,Umari,88.49,80.0,municipio,Base dos Dados / CNCA,8.489999999999995,True,,743,gold
2024,2300804,23,CE,Antonina do Norte,94.51,80.0,municipio,Base dos Dados / CNCA,14.510000000000005,True,,743,gold
2024,2303204,23,CE,Caririaçu,82.61,80.0,municipio,Base dos Dados / CNCA,2.6099999999999994,True,,743,gold
2024,5104203,51,MT,Guiratinga,84.49,80.0,municipio,Base dos Dados / CNCA,4.489999999999995,True,,743,gold
2024,2506251,25,PB,Gado Bravo,70.71,78.52,municipio,Base dos Dados / CNCA,-7.810000000000002,False,,743,gold
2024,2305001,23,CE,Guaraciaba do Norte,95.65,80.0,municipio,Base dos Dados / CNCA,15.650000000000006,True,,743,gold
2024,5216304,52,GO,Paranaiguara,97.01,80.0,municipio,Base dos Dados / CNCA,17.010000000000005,True,,743,gold
2024,2305233,23,CE,Horizonte,96.2,80.0,municipio,Base dos Dados / CNCA,16.200000000000003,True,,743,gold
2024,3148905,31,MG,Pedra do Indaiá,100.0,80.0,municipio,Base dos Dados / CNCA,20.0,True,,743,gold
2024,5103437,51,MT,Curvelândia,92.97,40.14,municipio,Base dos Dados / CNCA,52.83,True,,743,gold
2024,5206909,52,GO,Davinópolis,83.12,80.0,municipio,Base dos Dados / CNCA,3.1200000000000045,True,,743,gold
2024,2309102,23,CE,Mulungu,88.89,80.0,municipio,Base dos Dados / CNCA,8.89,True,,743,gold
2024,2206902,22,PI,Novo Oriente do Piauí,89.56,70.76,municipio,Base dos Dados / CNCA,18.799999999999997,True,,743,gold
2024,2302305,23,CE,Bela Cruz,97.83,80.0,municipio,Base dos Dados / CNCA,17.83,True,,743,gold
2024,2301000,23,CE,Aquiraz,83.99,80.0,municipio,Base dos Dados / CNCA,3.989999999999995,True,,743,gold
2024,2308401,23,CE,Missão Velha,82.37,75.55,municipio,Base dos Dados / CNCA,6.820000000000007,True,,743,gold
2024,2914208,29,BA,Irajuba,65.38,46.57,municipio,Base dos Dados / CNCA,18.809999999999995,True,,743,gold
2024,3514957,35,SP,Embaúba,73.08,80.0,municipio,Base dos Dados / CNCA,-6.920000000000002,False,,743,gold
2024,3533700,35,SP,Ocauçu,90.38,80.0,municipio,Base dos Dados / CNCA,10.379999999999995,True,,743,gold
2024,2304103,23,CE,Crateús,97.2,80.0,municipio,Base dos Dados / CNCA,17.200000000000003,True,,743,gold
2024,5219100,52,GO,Santa Bárbara de Goiás,100.0,78.53,municipio,Base dos Dados / CNCA,21.47,True,,743,gold
2024,2202752,22,PI,Colônia do Gurguéia,89.29,58.67,municipio,Base dos Dados / CNCA,30.620000000000005,True,,743,gold
2024,2512309,25,PB,Princesa Isabel,86.55,80.0,municipio,Base dos Dados / CNCA,6.549999999999997,True,,743,gold
2024,2516151,25,PB,Sossêgo,66.62,25.43,municipio,Base dos Dados / CNCA,41.190000000000005,True,,743,gold
2024,2306405,23,CE,Itapipoca,88.58,80.0,municipio,Base dos Dados / CNCA,8.579999999999998,True,,743,gold
2024,5206800,52,GO,Damolândia,97.08,80.0,municipio,Base dos Dados / CNCA,17.08,True,,743,gold
2024,2304608,23,CE,General Sampaio,97.65,80.0,municipio,Base dos Dados / CNCA,17.650000000000006,True,,743,gold
2024,2310209,23,CE,Paracuru,95.08,80.0,municipio,Base dos Dados / CNCA,15.079999999999998,True,,743,gold
2024,3548401,35,SP,Santópolis do Aguapeí,77.36,74.82,municipio,Base dos Dados / CNCA,2.5400000000000063,True,,743,gold
2024,2313203,23,CE,Tamboril,98.31,80.0,municipio,Base dos Dados / CNCA,18.310000000000002,True,,743,gold
2024,3512704,35,SP,Corumbataí,84.16,49.46,municipio,Base dos Dados / CNCA,34.699999999999996,True,,743,gold
2024,2302057,23,CE,Barroquinha,95.7,80.0,municipio,Base dos Dados / CNCA,15.700000000000003,True,,743,gold
2024,2313401,23,CE,Tianguá,86.1,80.0,municipio,Base dos Dados / CNCA,6.099999999999994,True,,743,gold
2024,2312403,23,CE,São Gonçalo do Amarante,85.78,80.0,municipio,Base dos Dados / CNCA,5.780000000000001,True,,743,gold
2024,2306553,23,CE,Itarema,92.49,80.0,municipio,Base dos Dados / CNCA,12.489999999999995,True,,743,gold
2024,2309458,23,CE,Ocara,84.77,80.0,municipio,Base dos Dados / CNCA,4.769999999999996,True,,743,gold
2024,2305332,23,CE,Ibicuitinga,96.67,80.0,municipio,Base dos Dados / CNCA,16.67,True,,743,gold
2024,2306900,23,CE,Jaguaribe,89.25,80.0,municipio,Base dos Dados / CNCA,9.25,True,,743,gold
2024,5200506,52,GO,Aloândia,90.91,68.9,uf_fallback,Base dos Dados / CNCA,22.00999999999999,True,,743,gold
2024,3536901,35,SP,Pedranópolis,72.73,45.5,municipio,Base dos Dados / CNCA,27.230000000000004,True,,743,gold
2024,1600238,16,AP,Ferreira Gomes,72.09,74.45,municipio,Base dos Dados / CNCA,-2.3599999999999994,False,,743,gold
2024,2501351,25,PB,Assunção,93.96,53.55,municipio,Base dos Dados / CNCA,40.41,True,,743,gold
2024,3147501,31,MG,Passabém,90.91,63.2,uf_fallback,Base dos Dados / CNCA,27.709999999999994,True,,743,gold
2024,2203008,22,PI,Cristalândia do Piauí,79.55,79.94,municipio,Base dos Dados / CNCA,-0.39000000000000057,False,,743,gold
2024,2313906,23,CE,Uruoca,99.01,80.0,municipio,Base dos Dados / CNCA,19.010000000000005,True,,743,gold
2024,2311355,23,CE,Quixelô,88.46,79.4,municipio,Base dos Dados / CNCA,9.059999999999988,True,,743,gold
2024,3514924,35,SP,Elisiário,85.34,73.56,municipio,Base dos Dados / CNCA,11.780000000000001,True,,743,gold
2024,2301950,23,CE,Barreira,91.15,80.0,municipio,Base dos Dados / CNCA,11.150000000000006,True,,743,gold
2024,2312205,23,CE,Santa Quitéria,95.08,80.0,municipio,Base dos Dados / CNCA,15.079999999999998,True,,743,gold
2024,2510600,25,PB,Ouro Velho,100.0,80.0,municipio,Base dos Dados / CNCA,20.0,True,,743,gold
2024,2313609,23,CE,Ubajara,95.13,80.0,municipio,Base dos Dados / CNCA,15.129999999999995,True,,743,gold
2024,2302800,23,CE,Canindé,94.95,80.0,municipio,Base dos Dados / CNCA,14.950000000000003,True,,743,gold
2024,2209906,22,PI,São João da Serra,93.97,54.3,municipio,Base dos Dados / CNCA,39.67,True,,743,gold
2024,2304905,23,CE,Groaíras,96.95,80.0,municipio,Base dos Dados / CNCA,16.950000000000003,True,,743,gold
2024,2209104,22,PI,Santa Cruz do Piauí,98.15,80.0,municipio,Base dos Dados / CNCA,18.150000000000006,True,,743,gold
2024,2301802,23,CE,Baixio,91.67,80.0,municipio,Base dos Dados / CNCA,11.670000000000002,True,,743,gold
2024,2305704,23,CE,Ipaumirim,88.89,80.0,municipio,Base dos Dados / CNCA,8.89,True,,743,gold
2024,3159100,31,MG,Santana dos Montes,94.44,64.44,municipio,Base dos Dados / CNCA,30.0,True,,743,gold
2024,2313252,23,CE,Tarrafas,91.6,80.0,municipio,Base dos Dados / CNCA,11.599999999999994,True,,743,gold
2024,2313500,23,CE,Trairi,91.78,80.0,municipio,Base dos Dados / CNCA,11.780000000000001,True,,743,gold
2024,4308003,43,RS,Faxinal do Soturno,82.1,79.26,municipio,Base dos Dados / CNCA,2.839999999999989,True,,743,gold
2024,3539707,35,SP,Platina,84.61,72.78,municipio,Base dos Dados / CNCA,11.829999999999998,True,,743,gold
2024,2307403,23,CE,Jucás,90.28,80.0,municipio,Base dos Dados / CNCA,10.280000000000001,True,,743,gold
2024,2303907,23,CE,Chaval,91.5,76.01,municipio,Base dos Dados / CNCA,15.489999999999995,True,,743,gold
2024,2202109,22,PI,Campinas do Piauí,100.0,80.0,municipio,Base dos Dados / CNCA,20.0,True,,743,gold
2024,2308005,23,CE,Massapê,95.03,80.0,municipio,Base dos Dados / CNCA,15.030000000000001,True,,743,gold
2024,2310852,23,CE,Pindoretama,88.62,80.0,municipio,Base dos Dados / CNCA,8.620000000000005,True,,743,gold
2024,3129400,31,MG,Ibertioga,87.87,80.0,municipio,Base dos Dados / CNCA,7.8700000000000045,True,,743,gold
2024,2205102,22,PI,Itaueira,85.9,32.37,municipio,Base dos Dados / CNCA,53.53000000000001,True,,743,gold
2024,2304251,23,CE,Cruz,98.93,80.0,municipio,Base dos Dados / CNCA,18.930000000000007,True,,743,gold
2024,2207108,22,PI,Olho D'Água do Piauí,85.71,65.38,municipio,Base dos Dados / CNCA,20.33,True,,743,gold
2024,5214705,52,GO,Nova América,95.24,80.0,municipio,Base dos Dados / CNCA,15.239999999999995,True,,743,gold
2024,2302404,23,CE,Boa Viagem,90.36,80.0,municipio,Base dos Dados / CNCA,10.36,True,,743,gold
2024,3502606,35,SP,Aparecida d'Oeste,86.16,69.19,municipio,Base dos Dados / CNCA,16.97,True,,743,gold
2024,3115003,31,MG,Cascalho Rico,85.84,66.54,municipio,Base dos Dados / CNCA,19.299999999999997,True,,743,gold
2024,2203420,22,PI,Domingos Mourão,82.22,80.0,municipio,Base dos Dados / CNCA,2.219999999999999,True,,743,gold
2024,2313757,23,CE,Umirim,82.27,69.88,municipio,Base dos Dados / CNCA,12.39,True,,743,gold
2024,2312304,23,CE,São Benedito,95.1,80.0,municipio,Base dos Dados / CNCA,15.099999999999994,True,,743,gold
2024,2505709,25,PB,Dona Inês,96.29,53.98,municipio,Base dos Dados / CNCA,42.31000000000001,True,,743,gold
2024,3203601,32,ES,Mucurici,84.09,80.0,municipio,Base dos Dados / CNCA,4.090000000000003,True,,743,gold
2024,3112208,31,MG,Capela Nova,77.37,80.0,municipio,Base dos Dados / CNCA,-2.6299999999999955,False,,743,gold
2024,2305902,23,CE,Ipueiras,99.54,80.0,municipio,Base dos Dados / CNCA,19.540000000000006,True,,743,gold
2024,2311231,23,CE,Potiretama,97.47,80.0,municipio,Base dos Dados / CNCA,17.47,True,,743,gold
2024,2308351,23,CE,Milhã,97.92,80.0,municipio,Base dos Dados / CNCA,17.92,True,,743,gold
2024,2309607,23,CE,Pacajus,87.91,80.0,municipio,Base dos Dados / CNCA,7.909999999999997,True,,743,gold
2024,2301901,23,CE,Barbalha,87.92,80.0,municipio,Base dos Dados / CNCA,7.920000000000002,True,,743,gold
2024,2201903,22,PI,Bom Jesus,98.95,80.0,municipio,Base dos Dados / CNCA,18.950000000000003,True,,743,gold
2024,2310258,23,CE,Paraipaba,93.78,80.0,municipio,Base dos Dados / CNCA,13.780000000000001,True,,743,gold
2024,2307254,23,CE,Jijoca de Jericoacoara,98.03,80.0,municipio,Base dos Dados / CNCA,18.03,True,,743,gold
2024,2311603,23,CE,Redenção,92.45,80.0,municipio,Base dos Dados / CNCA,12.450000000000003,True,,743,gold
2024,5107750,51,MT,Salto do Céu,97.49,80.0,municipio,Base dos Dados / CNCA,17.489999999999995,True,,743,gold
2024,2314003,23,CE,Várzea Alegre,90.9,80.0,municipio,Base dos Dados / CNCA,10.900000000000006,True,,743,gold
2024,2310704,23,CE,Pentecoste,91.29,80.0,municipio,Base dos Dados / CNCA,11.290000000000006,True,,743,gold
2024,2306108,23,CE,Irauçuba,96.76,80.0,municipio,Base dos Dados / CNCA,16.760000000000005,True,,743,gold
2024,2210201,22,PI,São José do Piauí,97.06,80.0,municipio,Base dos Dados / CNCA,17.060000000000002,True,,743,gold
2024,4307054,43,RS,Ernestina,64.7,64.9,municipio,Base dos Dados / CNCA,-0.20000000000000284,False,,743,gold
2024,4315131,43,RS,Pouso Novo,94.1,80.0,municipio,Base dos Dados / CNCA,14.099999999999994,True,,743,gold
2024,5212006,52,GO,Jaupaci,100.0,80.0,municipio,Base dos Dados / CNCA,20.0,True,,743,gold
2024,2201150,22,PI,Baixa Grande do Ribeiro,81.06,53.75,municipio,Base dos Dados / CNCA,27.310000000000002,True,,743,gold
2024,2205532,22,PI,Jurema,98.36,80.0,municipio,Base dos Dados / CNCA,18.36,True,,743,gold
2024,3528858,35,SP,Marapoama,100.0,80.0,municipio,Base dos Dados / CNCA,20.0,True,,743,gold
2024,2512507,25,PB,Queimadas,92.65,80.0,municipio,Base dos Dados / CNCA,12.650000000000006,True,,743,gold
2024,3528106,35,SP,Macaubal,96.3,80.0,municipio,Base dos Dados / CNCA,16.299999999999997,True,,743,gold
2024,3163904,31,MG,São Pedro da União,97.05,77.42,municipio,Base dos Dados / CNCA,19.629999999999995,True,,743,gold
2024,5218607,52,GO,Rialma,97.03,70.11,municipio,Base dos Dados / CNCA,26.92,True,,743,gold
2024,2700904,27,AL,Belo Monte,98.82,80.0,municipio,Base dos Dados / CNCA,18.819999999999993,True,,743,gold
2024,3539608,35,SP,Planalto,83.68,75.35,municipio,Base dos Dados / CNCA,8.330000000000013,True,,743,gold
2024,4217550,42,SC,Serra Alta,97.43,80.0,municipio,Base dos Dados / CNCA,17.430000000000007,True,,743,gold
2024,2301208,23,CE,Aracoiaba,90.87,80.0,municipio,Base dos Dados / CNCA,10.870000000000005,True,,743,gold
2024,2311306,23,CE,Quixadá,92.49,80.0,municipio,Base dos Dados / CNCA,12.489999999999995,True,,743,gold
2024,4323705,43,RS,Vista Gaúcha,100.0,75.14,municipio,Base dos Dados / CNCA,24.86,True,,743,gold
2024,3549201,35,SP,São João das Duas Pontes,80.0,80.0,municipio,Base dos Dados / CNCA,0.0,True,,743,gold
2024,2300705,23,CE,Alto Santo,94.16,80.0,municipio,Base dos Dados / CNCA,14.159999999999997,True,,743,gold
2024,2305100,23,CE,Guaramiranga,95.86,59.66,municipio,Base dos Dados / CNCA,36.2,True,,743,gold
2024,3537701,35,SP,Piacatu,76.68,80.0,municipio,Base dos Dados / CNCA,-3.319999999999993,False,,743,gold
2024,2304285,23,CE,Eusébio,93.91,80.0,municipio,Base dos Dados / CNCA,13.909999999999997,True,,743,gold
2024,2513505,25,PB,Santana de Mangueira,100.0,80.0,municipio,Base dos Dados / CNCA,20.0,True,,743,gold
2024,2504405,25,PB,Conceição,92.5,78.15,municipio,Base dos Dados / CNCA,14.349999999999994,True,,743,gold
2024,5211602,52,GO,Ivolândia,73.91,80.0,municipio,Base dos Dados / CNCA,-6.090000000000003,False,,743,gold
2024,2200202,22,PI,Água Branca,91.98,80.0,municipio,Base dos Dados / CNCA,11.980000000000004,True,,743,gold
2024,3535705,35,SP,Paraíso,87.14,77.31,municipio,Base dos Dados / CNCA,9.829999999999998,True,,743,gold
2024,2309300,23,CE,Nova Russas,99.64,80.0,municipio,Base dos Dados / CNCA,19.64,True,,743,gold
2024,3537107,35,SP,Pedreira,94.25,80.0,municipio,Base dos Dados / CNCA,14.25,True,,743,gold
2024,4323754,43,RS,Vitória das Missões,69.2,66.2,uf_fallback,Base dos Dados / CNCA,3.0,True,,743,gold
2024,2414753,24,RN,Venha-Ver,53.85,47.31,municipio,Base dos Dados / CNCA,6.539999999999999,True,,743,gold
2024,2501104,25,PB,Areia,90.53,80.0,municipio,Base dos Dados / CNCA,10.530000000000001,True,,743,gold
2024,5207600,52,GO,Fazenda Nova,100.0,80.0,municipio,Base dos Dados / CNCA,20.0,True,,743,gold
2024,3160959,31,MG,São Domingos das Dores,93.62,80.0,municipio,Base dos Dados / CNCA,13.620000000000005,True,,743,gold
2024,2210052,22,PI,São José do Divino,92.65,80.0,municipio,Base dos Dados / CNCA,12.650000000000006,True,,743,gold
2024,2307007,23,CE,Jaguaruana,88.24,80.0,municipio,Base dos Dados / CNCA,8.239999999999995,True,,743,gold
2024,2307601,23,CE,Limoeiro do Norte,89.65,80.0,municipio,Base dos Dados / CNCA,9.650000000000006,True,,743,gold
2024,2313104,23,CE,Tabuleiro do Norte,84.32,80.0,municipio,Base dos Dados / CNCA,4.319999999999993,True,,743,gold
2024,2500403,25,PB,Alagoa Nova,89.39,45.33,municipio,Base dos Dados / CNCA,44.06,True,,743,gold
2024,4208955,42,SC,Jardinópolis,77.08,80.0,municipio,Base dos Dados / CNCA,-2.9200000000000017,False,,743,gold
2024,5106703,51,MT,Ponte Branca,96.88,77.25,municipio,Base dos Dados / CNCA,19.629999999999995,True,,743,gold
2024,5202601,52,GO,Aurilândia,93.75,76.59,municipio,Base dos Dados / CNCA,17.159999999999997,True,,743,gold
2024,2505006,25,PB,Cubati,97.47,73.11,municipio,Base dos Dados / CNCA,24.36,True,,743,gold
2024,2311801,23,CE,Russas,94.59,80.0,municipio,Base dos Dados / CNCA,14.590000000000003,True,,743,gold
2024,5201306,52,GO,Anicuns,98.09,80.0,municipio,Base dos Dados / CNCA,18.090000000000003,True,,743,gold
2024,2201002,22,PI,Arraial,98.15,80.0,municipio,Base dos Dados / CNCA,18.150000000000006,True,,743,gold
2024,2307809,23,CE,Marco,96.66,80.0,municipio,Base dos Dados / CNCA,16.659999999999997,True,,743,gold
2024,2303303,23,CE,Cariús,95.26,80.0,municipio,Base dos Dados / CNCA,15.260000000000005,True,,743,gold
2024,3126505,31,MG,Francisco Badaró,100.0,63.2,uf_fallback,Base dos Dados / CNCA,36.8,True,,743,gold
2024,5107883,51,MT,Serra Nova Dourada,94.74,67.73,municipio,Base dos Dados / CNCA,27.00999999999999,True,,743,gold
2024,3544509,35,SP,Rubinéia,75.0,63.75,municipio,Base dos Dados / CNCA,11.25,True,,743,gold
2024,4207577,42,SC,Iomerê,97.09,75.31,municipio,Base dos Dados / CNCA,21.78,True,,743,gold
2024,2308377,23,CE,Miraíma,85.6,80.0,municipio,Base dos Dados / CNCA,5.599999999999994,True,,743,gold
2024,3130309,31,MG,Iguatama,94.08,80.0,municipio,Base dos Dados / CNCA,14.079999999999998,True,,743,gold
2024,3503356,35,SP,Arco-Íris,77.27,35.72,municipio,Base dos Dados / CNCA,41.55,True,,743,gold
2024,3519105,35,SP,Iacanga,97.67,80.0,municipio,Base dos Dados / CNCA,17.67,True,,743,gold
2024,2303956,23,CE,Chorozinho,97.15,80.0,municipio,Base dos Dados / CNCA,17.150000000000006,True,,743,gold
2024,5207501,52,GO,Estrela do Norte,98.0,69.25,municipio,Base dos Dados / CNCA,28.75,True,,743,gold
2024,5108956,51,MT,Nova Monte Verde,92.37,77.58,municipio,Base dos Dados / CNCA,14.790000000000006,True,,743,gold
2024,2301406,23,CE,Aratuba,80.42,80.0,municipio,Base dos Dados / CNCA,0.4200000000000017,True,,743,gold
2024,5213905,52,GO,Mossâmedes,100.0,80.0,municipio,Base dos Dados / CNCA,20.0,True,,743,gold
2024,3555109,35,SP,Tupi Paulista,93.46,80.0,municipio,Base dos Dados / CNCA,13.459999999999994,True,,743,gold
2024,2516508,25,PB,Taperoá,90.59,78.57,municipio,Base dos Dados / CNCA,12.02000000000001,True,,743,gold
2024,2509156,25,PB,Marizópolis,98.16,80.0,municipio,Base dos Dados / CNCA,18.159999999999997,True,,743,gold
2024,2302503,23,CE,Brejo Santo,95.4,80.0,municipio,Base dos Dados / CNCA,15.400000000000006,True,,743,gold
2024,2207850,22,PI,Pavussu,90.0,68.54,municipio,Base dos Dados / CNCA,21.459999999999994,True,,743,gold
2024,3528205,35,SP,Macedônia,72.5,80.0,municipio,Base dos Dados / CNCA,-7.5,False,,743,gold
2024,5201603,52,GO,Araçu,93.21,77.68,municipio,Base dos Dados / CNCA,15.529999999999987,True,,743,gold
2024,2306801,23,CE,Jaguaribara,93.88,80.0,municipio,Base dos Dados / CNCA,13.879999999999995,True,,743,gold
2024,2310803,23,CE,Pereiro,93.44,80.0,municipio,Base dos Dados / CNCA,13.439999999999998,True,,743,gold
2024,2200608,22,PI,Angical do Piauí,95.88,64.55,municipio,Base dos Dados / CNCA,31.33,True,,743,gold
2024,3545506,35,SP,Sandovalina,89.83,79.23,municipio,Base dos Dados / CNCA,10.599999999999994,True,,743,gold
2024,2306504,23,CE,Itapiúna,92.57,80.0,municipio,Base dos Dados / CNCA,12.569999999999993,True,,743,gold
2024,3515905,35,SP,Floreal,96.19,80.0,municipio,Base dos Dados / CNCA,16.189999999999998,True,,743,gold
2024,2504850,25,PB,Coxixola,93.33,75.76,municipio,Base dos Dados / CNCA,17.569999999999993,True,,743,gold
2024,3533106,35,SP,Nova Guataporanga,83.33,68.83,municipio,Base dos Dados / CNCA,14.5,True,,743,gold
2024,3528304,35,SP,Magda,93.95,80.0,municipio,Base dos Dados / CNCA,13.950000000000003,True,,743,gold
2024,5219209,52,GO,Santa Cruz de Goiás,85.78,73.75,municipio,Base dos Dados / CNCA,12.030000000000001,True,,743,gold
2024,2209856,22,PI,São João da Canabrava,96.34,80.0,municipio,Base dos Dados / CNCA,16.340000000000003,True,,743,gold
2024,5106281,51,MT,Novo São Joaquim,94.16,62.33,municipio,Base dos Dados / CNCA,31.83,True,,743,gold
2024,3528809,35,SP,Maracaí,91.17,80.0,municipio,Base dos Dados / CNCA,11.170000000000002,True,,743,gold
2024,2202026,22,PI,Buriti dos Montes,98.33,80.0,municipio,Base dos Dados / CNCA,18.33,True,,743,gold
2024,2502052,25,PB,Bernardino Batista,93.94,64.46,municipio,Base dos Dados / CNCA,29.480000000000004,True,,743,gold
2024,3514700,35,SP,Echaporã,95.07,78.18,municipio,Base dos Dados / CNCA,16.889999999999986,True,,743,gold
2024,2312106,23,CE,Santana do Cariri,96.45,80.0,municipio,Base dos Dados / CNCA,16.450000000000003,True,,743,gold
2024,2304277,23,CE,Ererê,95.0,80.0,municipio,Base dos Dados / CNCA,15.0,True,,743,gold
2024,2304269,23,CE,Deputado Irapuan Pinheiro,98.82,80.0,municipio,Base dos Dados / CNCA,18.819999999999993,True,,743,gold
2024,2303659,23,CE,Catunda,100.0,80.0,municipio,Base dos Dados / CNCA,20.0,True,,743,gold
2024,2204303,22,PI,Fronteiras,96.63,80.0,municipio,Base dos Dados / CNCA,16.629999999999995,True,,743,gold
2024,2311504,23,CE,Quixeré,93.13,80.0,municipio,Base dos Dados / CNCA,13.129999999999995,True,,743,gold
2024,3510104,35,SP,Cândido Rodrigues,92.31,71.23,municipio,Base dos Dados / CNCA,21.08,True,,743,gold
2024,2306207,23,CE,Itaiçaba,96.74,80.0,municipio,Base dos Dados / CNCA,16.739999999999995,True,,743,gold
2024,2205540,22,PI,Lagoinha do Piauí,87.79,80.0,municipio,Base dos Dados / CNCA,7.790000000000006,True,,743,gold
2024,3536257,35,SP,Parisi,90.72,77.23,municipio,Base dos Dados / CNCA,13.489999999999995,True,,743,gold
2024,3553955,35,SP,Tarumã,91.72,80.0,municipio,Base dos Dados / CNCA,11.719999999999999,True,,743,gold
2024,2303808,23,CE,Cedro,98.77,80.0,municipio,Base dos Dados / CNCA,18.769999999999996,True,,743,gold
2024,3548302,35,SP,Santo Expedito,100.0,80.0,municipio,Base dos Dados / CNCA,20.0,True,,743,gold
2024,3515301,35,SP,Estrela do Norte,89.26,74.08,municipio,Base dos Dados / CNCA,15.180000000000007,True,,743,gold
2024,2309508,23,CE,Orós,90.75,80.0,municipio,Base dos Dados / CNCA,10.75,True,,743,gold
2024,2207405,22,PI,Palmeira do Piauí,72.22,72.28,municipio,Base dos Dados / CNCA,-0.060000000000002274,False,,743,gold
2024,3503950,35,SP,Aspásia,95.45,56.6,uf_fallback,Base dos Dados / CNCA,38.85,True,,743,gold
2024,3530201,35,SP,Mirante do Paranapanema,87.42,80.0,municipio,Base dos Dados / CNCA,7.420000000000002,True,,743,gold
2024,3509106,35,SP,Caiuá,81.48,58.9,municipio,Base dos Dados / CNCA,22.580000000000005,True,,743,gold
2024,2503100,25,PB,Cabaceiras,89.73,64.02,municipio,Base dos Dados / CNCA,25.710000000000008,True,,743,gold
2024,5108204,51,MT,Torixoréu,88.61,80.0,municipio,Base dos Dados / CNCA,8.61,True,,743,gold
2024,2504207,25,PB,Catingueira,96.08,39.72,municipio,Base dos Dados / CNCA,56.36,True,,743,gold
2024,2311959,23,CE,Salitre,98.39,80.0,municipio,Base dos Dados / CNCA,18.39,True,,743,gold
2024,3555901,35,SP,Uru,100.0,80.0,municipio,Base dos Dados / CNCA,20.0,True,,743,gold
2024,2205607,22,PI,Landri Sales,100.0,80.0,municipio,Base dos Dados / CNCA,20.0,True,,743,gold
2024,3507753,35,SP,Brejo Alegre,100.0,80.0,municipio,Base dos Dados / CNCA,20.0,True,,743,gold
2024,3555604,35,SP,Uchoa,87.56,50.47,municipio,Base dos Dados / CNCA,37.09,True,,743,gold
2024,3155009,31,MG,Rio Doce,90.43,80.0,municipio,Base dos Dados / CNCA,10.430000000000007,True,,743,gold
2024,2513984,25,PB,São Francisco,97.5,60.48,municipio,Base dos Dados / CNCA,37.02,True,,743,gold
2024,5202809,52,GO,Avelinópolis,100.0,72.79,municipio,Base dos Dados / CNCA,27.209999999999994,True,,743,gold
2024,2515005,25,PB,São Miguel de Taipu,100.0,15.73,municipio,Base dos Dados / CNCA,84.27,True,,743,gold
2024,2201988,22,PI,Brejo do Piauí,95.35,55.21,municipio,Base dos Dados / CNCA,40.13999999999999,True,,743,gold
2024,3540853,35,SP,Pracinha,80.0,80.0,municipio,Base dos Dados / CNCA,0.0,True,,743,gold
2024,2205359,22,PI,João Costa,97.14,55.82,municipio,Base dos Dados / CNCA,41.32,True,,743,gold
2024,3540101,35,SP,Pongaí,91.45,80.0,municipio,Base dos Dados / CNCA,11.450000000000003,True,,743,gold
2024,3552601,35,SP,Tabapuã,98.83,80.0,municipio,Base dos Dados / CNCA,18.83,True,,743,gold
2024,3547650,35,SP,Santa Salete,95.45,56.6,uf_fallback,Base dos Dados / CNCA,38.85,True,,743,gold
2024,3552551,35,SP,Suzanápolis,90.85,80.0,municipio,Base dos Dados / CNCA,10.849999999999994,True,,743,gold
2024,3546108,35,SP,Santa Clara d'Oeste,100.0,80.0,municipio,Base dos Dados / CNCA,20.0,True,,743,gold
2024,2205524,22,PI,Júlio Borges,100.0,49.16,municipio,Base dos Dados / CNCA,50.84,True,,743,gold
2024,3549300,35,SP,São João do Pau d'Alho,100.0,80.0,municipio,Base dos Dados / CNCA,20.0,True,,743,gold
2024,2210300,22,PI,São Julião,87.93,80.0,municipio,Base dos Dados / CNCA,7.930000000000007,True,,743,gold
2024,3557154,35,SP,Zacarias,80.0,44.78,municipio,Base dos Dados / CNCA,35.22,True,,743,gold
2024,3532108,35,SP,Murutinga do Sul,100.0,61.33,municipio,Base dos Dados / CNCA,38.67,True,,743,gold
2024,2201572,22,PI,Belém do Piauí,100.0,80.0,municipio,Base dos Dados / CNCA,20.0,True,,743,gold
2024,2506509,25,PB,Gurjão,100.0,74.35,municipio,Base dos Dados / CNCA,25.650000000000006,True,,743,gold
2024,3520806,35,SP,Inúbia Paulista,94.72,80.0,municipio,Base dos Dados / CNCA,14.719999999999999,True,,743,gold
2024,3544707,35,SP,Sagres,91.33,71.82,municipio,Base dos Dados / CNCA,19.510000000000005,True,,743,gold
2024,4319364,43,RS,São Pedro das Missões,90.0,80.0,municipio,Base dos Dados / CNCA,10.0,True,,743,gold
2024,3529104,35,SP,Marinópolis,100.0,80.0,municipio,Base dos Dados / CNCA,20.0,True,,743,gold
2024,2406155,24,RN,Jundiá,32.63,43.8,uf_fallback,Base dos Dados / CNCA,-11.169999999999995,False,0.0,743,gold
2024,4315321,43,RS,Quevedos,24.65,66.2,uf_fallback,Base dos Dados / CNCA,-41.550000000000004,False,0.0,743,gold
2024,1704600,17,TO,Chapada de Areia,6.25,54.93,municipio,Base dos Dados / CNCA,-48.68,False,0.0,743,gold
2024,3532868,35,SP,Nova Castilho,25.35,46.27,municipio,Base dos Dados / CNCA,-20.92,False,0.0,743,gold
2024,4309126,43,RS,Gramado dos Loureiros,38.2,66.2,uf_fallback,Base dos Dados / CNCA,-28.0,False,0.0,743,gold
2024,1710706,17,TO,Itaguatins,17.39,39.48,municipio,Base dos Dados / CNCA,-22.089999999999996,False,0.0,743,gold
2024,4301750,43,RS,Barão do Triunfo,5.0,66.2,uf_fallback,Base dos Dados / CNCA,-61.2,False,0.0,743,gold
2024,1712702,17,TO,Mateiros,9.09,34.77,municipio,Base dos Dados / CNCA,-25.680000000000003,False,0.0,743,gold
2024,2414456,24,RN,Triunfo Potiguar,11.3,43.8,uf_fallback,Base dos Dados / CNCA,-32.5,False,0.0,743,gold
2024,4318440,43,RS,São Jorge,67.4,77.17,municipio,Base dos Dados / CNCA,-9.769999999999996,False,0.0,743,gold
